tick,q_eff,tau,loc,coupled,m,step,phase
0,-1,-1,outer,1,2,1,2
1,-1,-1,outer,0,3,1,1
2,-1,0,,0,1,0,1
3,-1,-1,outer,1,2,1,0
4,-1,-1,middle,1,2,1,2
5,-1,-1,outer,1,2,1,1
6,-1,-1,middle,1,2,1,0
7,-1,-1,middle,0,3,1,2
8,-1,-1,outer,1,2,1,1
9,-1,-1,outer,1,2,1,0
10,-1,-1,outer,0,3,1,2
11,-1,-1,middle,1,2,-1,1
12,-1,-1,outer,1,2,1,0
13,-1,-1,outer,0,3,1,2
14,-1,-1,middle,0,3,1,1
15,-1,-1,outer,1,2,1,0
16,-1,-1,outer,1,2,1,2
17,-1,-1,outer,1,2,1,1
18,-1,-1,middle,1,2,1,0
19,-1,-1,outer,1,2,1,2
20,-1,-1,outer,0,3,1,1
21,-1,-1,middle,1,2,-1,0
22,-1,-1,outer,0,3,1,2
23,-1,-1,outer,1,2,1,1
24,-1,0,,0,1,0,1
25,-1,-1,outer,1,2,1,0
26,-1,-1,outer,0,3,1,2
27,-1,-1,middle,1,2,1,1
28,-1,-1,outer,1,2,1,0
29,-1,-1,middle,1,2,1,2
30,-1,-1,middle,1,2,1,1
31,-1,-1,outer,1,2,1,0
32,-1,-1,outer,0,3,1,2
33,-1,-1,outer,1,2,1,1
34,-1,-1,outer,0,3,1,0
35,-1,-1,outer,1,2,1,2
36,-1,-1,outer,1,2,1,1
37,-1,-1,outer,1,2,1,0
38,-1,-1,middle,1,2,1,2
39,-1,-1,outer,1,2,1,1
40,-1,-1,outer,1,2,1,0
41,-1,-1,outer,1,2,1,2
42,-1,-1,outer,1,2,1,1
43,-1,-1,outer,0,3,1,0
44,-1,-1,outer,0,3,1,2
45,-1,-1,outer,1,2,1,1
46,-1,0,,0,1,0,1
47,-1,0,,0,1,0,1
48,-1,-1,outer,1,2,1,0
49,-1,-1,middle,1,2,1,2
50,-1,-1,outer,1,2,1,1
51,-1,0,,0,1,0,1
52,-1,-1,outer,1,2,1,0
53,-1,-1,outer,1,2,1,2
54,-1,-1,outer,1,2,1,1
55,-1,-1,outer,0,3,1,0
56,-1,-1,outer,1,2,1,2
57,-1,-1,outer,1,2,1,1
58,-1,-1,outer,1,2,1,0
59,-1,-1,middle,1,2,1,2
60,-1,-1,outer,1,2,1,1
61,-1,-1,outer,1,2,1,0
62,-1,-1,outer,1,2,1,2
63,-1,-1,outer,1,2,1,1
64,-1,-1,outer,1,2,1,0
65,-1,-1,outer,1,2,1,2
66,-1,-1,outer,1,2,1,1
67,-1,-1,outer,1,2,1,0
68,-1,-1,outer,1,2,1,2
69,-1,0,,0,1,0,2
70,-1,-1,outer,1,2,1,1
71,-1,-1,outer,1,2,1,0
72,-1,-1,outer,1,2,1,2
73,-1,-1,middle,1,2,-1,1
74,-1,-1,outer,0,3,1,0
75,-1,-1,outer,0,3,1,2
76,-1,-1,outer,0,3,1,1
77,-1,-1,outer,1,2,1,0
78,-1,0,,0,1,0,0
79,-1,0,,0,1,0,0
80,-1,-1,outer,1,2,1,2
81,-1,-1,outer,0,3,1,1
82,-1,0,,0,1,0,1
83,-1,-1,outer,1,2,1,0
84,-1,-1,outer,1,2,1,2
85,-1,-1,outer,1,2,1,1
86,-1,-1,outer,1,2,1,0
87,-1,0,,0,1,0,0
88,-1,0,,0,1,0,0
89,-1,-1,middle,0,3,1,2
90,-1,0,,0,1,0,2
91,-1,-1,outer,1,2,1,1
92,-1,-1,outer,1,2,1,0
93,-1,-1,outer,1,2,1,2
94,-1,-1,outer,0,3,1,1
95,-1,-1,outer,1,2,1,0
96,-1,-1,middle,1,2,1,2
97,-1,-1,outer,1,2,1,1
98,-1,0,,0,1,0,1
99,-1,-1,outer,1,2,1,0
100,-1,-1,middle,1,2,1,2
101,-1,-1,outer,1,2,1,1
102,-1,-1,outer,1,2,1,0
103,-1,-1,outer,1,2,1,2
104,-1,-1,outer,1,2,1,1
105,-1,-1,outer,1,2,1,0
106,-1,-1,middle,0,3,1,2
107,-1,-1,outer,1,2,1,1
108,-1,-1,outer,1,2,1,0
109,-1,-1,middle,1,2,1,2
110,-1,-1,outer,1,2,1,1
111,-1,-1,outer,1,2,1,0
112,-1,-1,outer,0,3,1,2
113,-1,-1,outer,1,2,1,1
114,-1,-1,outer,1,2,1,0
115,-1,-1,outer,1,2,1,2
116,-1,-1,middle,1,2,1,1
117,-1,-1,outer,1,2,1,0
118,-1,-1,outer,0,3,1,2
119,-1,-1,outer,1,2,1,1
120,-1,-1,outer,0,3,1,0
121,-1,-1,middle,0,3,1,2
122,-1,-1,outer,1,2,1,1
123,-1,-1,outer,0,3,1,0
124,-1,-1,outer,0,3,1,2
125,-1,-1,middle,1,2,1,1
126,-1,-1,outer,1,2,1,0
127,-1,-1,outer,1,2,1,2
128,-1,-1,middle,1,2,1,1
129,-1,-1,outer,1,2,1,0
130,-1,-1,middle,1,2,1,2
131,-1,-1,outer,1,2,1,1
132,-1,-1,outer,1,2,1,0
133,-1,-1,outer,1,2,1,2
134,-1,-1,outer,1,2,1,1
135,-1,-1,outer,1,2,1,0
136,-1,-1,outer,1,2,1,2
137,-1,-1,outer,0,3,1,1
138,-1,-1,outer,0,3,1,0
139,-1,-1,outer,1,2,1,2
140,-1,-1,outer,1,2,1,1
141,-1,0,,0,1,0,1
142,-1,0,,0,1,0,1
143,-1,-1,outer,1,2,1,0
144,-1,-1,outer,1,2,1,2
145,-1,-1,outer,1,2,1,1
146,-1,-1,middle,1,2,1,0
147,-1,-1,middle,0,3,1,2
148,-1,-1,middle,0,3,1,1
149,-1,-1,middle,1,2,1,0
150,-1,-1,outer,1,2,1,2
151,-1,-1,outer,1,2,1,1
152,-1,-1,outer,0,3,1,0
153,-1,-1,outer,1,2,1,2
154,-1,-1,outer,1,2,1,1
155,-1,-1,outer,1,2,1,0
156,-1,-1,outer,0,3,1,2
157,-1,-1,outer,1,2,1,1
158,-1,-1,outer,1,2,1,0
159,-1,-1,outer,0,3,1,2
160,-1,-1,outer,1,2,1,1
161,-1,-1,outer,0,3,1,0
162,-1,-1,outer,0,3,1,2
163,-1,0,,0,1,0,2
164,-1,-1,middle,1,2,1,1
165,-1,-1,outer,1,2,1,0
166,-1,-1,middle,1,2,1,2
167,-1,-1,outer,1,2,1,1
168,-1,-1,outer,1,2,1,0
169,-1,-1,outer,0,3,1,2
170,-1,-1,middle,1,2,1,1
171,-1,-1,outer,1,2,1,0
172,-1,-1,middle,1,2,1,2
173,-1,-1,outer,1,2,1,1
174,-1,0,,0,1,0,1
175,-1,-1,outer,1,2,1,0
176,-1,-1,outer,1,2,1,2
177,-1,-1,middle,1,2,1,1
178,-1,-1,outer,1,2,1,0
179,-1,0,,0,1,0,0
180,-1,0,,0,1,0,0
181,-1,-1,middle,1,2,1,2
182,-1,-1,outer,1,2,1,1
183,-1,-1,outer,1,2,1,0
184,-1,-1,outer,1,2,1,2
185,-1,-1,outer,1,2,1,1
186,-1,-1,outer,1,2,1,0
187,-1,-1,outer,1,2,1,2
188,-1,-1,middle,1,2,1,1
189,-1,-1,outer,1,2,1,0
190,-1,-1,outer,1,2,1,2
191,-1,-1,outer,1,2,1,1
192,-1,-1,outer,1,2,1,0
193,-1,-1,middle,0,3,1,2
194,-1,-1,outer,1,2,1,1
195,-1,-1,outer,0,3,1,0
196,-1,-1,middle,0,3,1,2
197,-1,-1,outer,1,2,1,1
198,-1,-1,outer,1,2,1,0
199,-1,-1,outer,1,2,1,2
200,-1,-1,outer,1,2,1,1
201,-1,-1,outer,1,2,1,0
202,-1,-1,outer,1,2,1,2
203,-1,-1,outer,1,2,1,1
204,-1,-1,middle,1,2,1,0
205,-1,-1,outer,1,2,1,2
206,-1,-1,outer,0,3,1,1
207,-1,-1,outer,1,2,1,0
208,-1,-1,middle,1,2,1,2
209,-1,-1,outer,1,2,1,1
210,-1,-1,middle,0,3,1,0
211,-1,-1,outer,1,2,1,2
212,-1,-1,outer,0,3,1,1
213,-1,-1,outer,1,2,1,0
214,-1,-1,middle,1,2,1,2
215,-1,-1,outer,0,3,1,1
216,-1,-1,outer,0,3,1,0
217,-1,0,,0,1,0,0
218,-1,-1,middle,0,3,1,2
219,-1,-1,outer,1,2,1,1
220,-1,-1,outer,0,3,1,0
221,-1,0,,0,1,0,0
222,-1,-1,middle,1,2,1,2
223,-1,0,,0,1,0,2
224,-1,0,,0,1,0,2
225,-1,-1,outer,1,2,1,1
226,-1,-1,outer,1,2,1,0
227,-1,-1,outer,1,2,1,2
228,-1,-1,middle,1,2,1,1
229,-1,-1,outer,1,2,1,0
230,-1,-1,middle,1,2,1,2
231,-1,-1,middle,1,2,1,1
232,-1,-1,middle,1,2,1,0
233,-1,-1,outer,1,2,1,2
234,-1,-1,outer,1,2,1,1
235,-1,-1,outer,1,2,1,0
236,-1,-1,outer,1,2,1,2
237,-1,-1,outer,1,2,1,1
238,-1,-1,outer,1,2,1,0
239,-1,0,,0,1,0,0
240,-1,0,,0,1,0,0
241,-1,-1,middle,0,3,1,2
242,-1,-1,middle,0,3,1,1
243,-1,-1,outer,1,2,1,0
244,-1,-1,outer,1,2,1,2
245,-1,-1,outer,1,2,1,1
246,-1,-1,outer,1,2,1,0
247,-1,-1,outer,0,3,1,2
248,-1,-1,outer,1,2,1,1
249,-1,0,,0,1,0,1
250,-1,-1,middle,0,3,1,0
251,-1,0,,0,1,0,0
252,-1,0,,0,1,0,0
253,-1,-1,outer,1,2,1,2
254,-1,-1,outer,1,2,1,1
255,-1,-1,outer,1,2,1,0
256,-1,-1,outer,1,2,1,2
257,-1,-1,outer,1,2,1,1
258,-1,-1,outer,1,2,1,0
259,-1,-1,outer,0,3,1,2
260,-1,-1,outer,1,2,1,1
261,-1,0,,0,1,0,1
262,-1,-1,outer,1,2,1,0
263,-1,-1,outer,0,3,1,2
264,-1,-1,middle,0,3,1,1
265,-1,-1,outer,1,2,1,0
266,-1,-1,middle,1,2,1,2
267,-1,0,,0,1,0,2
268,-1,-1,outer,0,3,1,1
269,-1,0,,0,1,0,1
270,-1,-1,outer,0,3,1,0
271,-1,-1,outer,0,3,1,2
272,-1,-1,outer,0,3,1,1
273,-1,-1,outer,1,2,1,0
274,-1,-1,middle,0,3,1,2
275,-1,-1,middle,1,2,1,1
276,-1,-1,outer,1,2,1,0
277,-1,-1,outer,1,2,1,2
278,-1,-1,outer,1,2,1,1
279,-1,0,,0,1,0,1
280,-1,0,,0,1,0,1
281,-1,-1,outer,1,2,1,0
282,-1,-1,outer,1,2,1,2
283,-1,-1,outer,1,2,1,1
284,-1,-1,outer,1,2,1,0
285,-1,-1,outer,1,2,1,2
286,-1,-1,middle,0,3,1,1
287,-1,-1,outer,0,3,1,0
288,-1,-1,outer,1,2,1,2
289,-1,-1,outer,1,2,1,1
290,-1,-1,outer,1,2,1,0
291,-1,-1,outer,1,2,1,2
292,-1,-1,outer,1,2,1,1
293,-1,-1,outer,1,2,1,0
294,-1,-1,middle,1,2,1,2
295,-1,-1,outer,0,3,1,1
296,-1,-1,middle,1,2,1,0
297,-1,-1,outer,1,2,1,2
298,-1,-1,outer,0,3,1,1
299,-1,-1,outer,1,2,1,0
300,-1,-1,outer,1,2,1,2
301,-1,-1,outer,1,2,1,1
302,-1,-1,outer,0,3,1,0
303,-1,-1,outer,1,2,1,2
304,-1,-1,outer,1,2,1,1
305,-1,-1,outer,1,2,1,0
306,-1,-1,middle,1,2,1,2
307,-1,-1,outer,1,2,1,1
308,-1,0,,0,1,0,1
309,-1,-1,outer,0,3,1,0
310,-1,-1,middle,1,2,1,2
311,-1,-1,outer,0,3,1,1
312,-1,0,,0,1,0,1
313,-1,-1,outer,1,2,1,0
314,-1,-1,middle,1,2,1,2
315,-1,-1,outer,0,3,1,1
316,-1,0,,0,1,0,1
317,-1,-1,outer,1,2,1,0
318,-1,-1,outer,1,2,1,2
319,-1,-1,outer,0,3,1,1
320,-1,-1,outer,1,2,1,0
321,-1,-1,outer,0,3,1,2
322,-1,-1,outer,1,2,1,1
323,-1,-1,outer,1,2,1,0
324,-1,-1,middle,0,3,1,2
325,-1,-1,outer,1,2,1,1
326,-1,-1,outer,0,3,1,0
327,-1,-1,outer,1,2,1,2
328,-1,-1,outer,1,2,1,1
329,-1,-1,outer,0,3,1,0
330,-1,-1,outer,1,2,1,2
331,-1,-1,outer,1,2,1,1
332,-1,-1,outer,1,2,1,0
333,-1,-1,outer,1,2,1,2
334,-1,-1,middle,0,3,1,1
335,-1,-1,middle,1,2,1,0
336,-1,-1,outer,1,2,1,2
337,-1,-1,outer,1,2,1,1
338,-1,-1,middle,1,2,1,0
339,-1,0,,0,1,0,0
340,-1,-1,outer,1,2,1,2
341,-1,-1,outer,1,2,1,1
342,-1,-1,middle,1,2,1,0
343,-1,-1,outer,1,2,1,2
344,-1,-1,outer,0,3,1,1
345,-1,-1,outer,1,2,1,0
346,-1,-1,outer,1,2,1,2
347,-1,-1,outer,1,2,1,1
348,-1,-1,outer,0,3,1,0
349,-1,-1,middle,1,2,1,2
350,-1,-1,middle,0,3,1,1
351,-1,0,,0,1,0,1
352,-1,-1,middle,1,2,1,0
353,-1,-1,outer,1,2,1,2
354,-1,-1,outer,1,2,1,1
355,-1,-1,outer,1,2,1,0
356,-1,-1,middle,1,2,1,2
357,-1,-1,outer,1,2,1,1
358,-1,-1,outer,1,2,1,0
359,-1,-1,outer,0,3,1,2
360,-1,-1,outer,0,3,1,1
361,-1,-1,outer,1,2,1,0
362,-1,-1,middle,0,3,1,2
363,-1,-1,middle,1,2,1,1
364,-1,-1,middle,1,2,1,0
365,-1,-1,middle,1,2,1,2
366,-1,-1,middle,1,2,1,1
367,-1,-1,outer,0,3,1,0
368,-1,0,,0,1,0,0
369,-1,-1,outer,1,2,1,2
370,-1,-1,outer,1,2,1,1
371,-1,-1,outer,1,2,1,0
372,-1,-1,middle,1,2,-1,2
373,-1,-1,outer,1,2,1,1
374,-1,-1,outer,1,2,1,0
375,-1,-1,outer,0,3,1,2
376,-1,-1,outer,1,2,1,1
377,-1,-1,middle,1,2,1,0
378,-1,0,,0,1,0,0
379,-1,-1,outer,1,2,1,2
380,-1,0,,0,1,0,2
381,-1,-1,outer,1,2,1,1
382,-1,-1,outer,1,2,1,0
383,-1,0,,0,1,0,0
384,-1,-1,middle,1,2,1,2
385,-1,0,,0,1,0,2
386,-1,-1,outer,1,2,1,1
387,-1,-1,outer,1,2,1,0
388,-1,-1,outer,1,2,1,2
389,-1,-1,outer,0,3,1,1
390,-1,-1,outer,1,2,1,0
391,-1,-1,middle,1,2,1,2
392,-1,-1,outer,1,2,1,1
393,-1,-1,outer,1,2,1,0
394,-1,-1,outer,1,2,1,2
395,-1,-1,outer,1,2,1,1
396,-1,-1,outer,0,3,1,0
397,-1,-1,outer,1,2,1,2
398,-1,0,,0,1,0,2
399,-1,-1,outer,1,2,1,1
400,-1,-1,outer,1,2,1,0
401,-1,-1,outer,0,3,1,2
402,-1,-1,outer,0,3,1,1
403,-1,-1,outer,1,2,1,0
404,-1,-1,middle,0,3,1,2
405,-1,-1,outer,1,2,1,1
406,-1,0,,0,1,0,1
407,-1,-1,outer,1,2,1,0
408,-1,-1,outer,0,3,1,2
409,-1,-1,outer,1,2,1,1
410,-1,-1,outer,1,2,1,0
411,-1,-1,outer,1,2,1,2
412,-1,-1,outer,1,2,1,1
413,-1,0,,0,1,0,1
414,-1,-1,middle,1,2,1,0
415,-1,-1,outer,1,2,1,2
416,-1,-1,outer,1,2,1,1
417,-1,-1,outer,0,3,1,0
418,-1,-1,middle,0,3,1,2
419,-1,-1,outer,1,2,1,1
420,-1,-1,outer,1,2,1,0
421,-1,-1,middle,1,2,1,2
422,-1,-1,middle,1,2,-1,1
423,-1,-1,outer,0,3,1,0
424,-1,-1,middle,0,3,1,2
425,-1,-1,outer,1,2,1,1
426,-1,0,,0,1,0,1
427,-1,-1,outer,1,2,1,0
428,-1,-1,outer,1,2,1,2
429,-1,-1,outer,1,2,1,1
430,-1,-1,outer,1,2,1,0
431,-1,0,,0,1,0,0
432,-1,-1,middle,1,2,1,2
433,-1,-1,outer,1,2,1,1
434,-1,-1,outer,0,3,1,0
435,-1,-1,outer,1,2,1,2
436,-1,-1,outer,1,2,1,1
437,-1,-1,outer,1,2,1,0
438,-1,0,,0,1,0,0
439,-1,-1,outer,1,2,1,2
440,-1,-1,outer,1,2,1,1
441,-1,-1,outer,1,2,1,0
442,-1,-1,outer,1,2,1,2
443,-1,-1,middle,1,2,-1,1
444,-1,-1,outer,1,2,1,0
445,-1,-1,middle,1,2,1,2
446,-1,-1,middle,1,2,1,1
447,-1,-1,outer,1,2,1,0
448,-1,-1,outer,0,3,1,2
449,-1,-1,outer,1,2,1,1
450,-1,-1,outer,0,3,1,0
451,-1,-1,middle,0,3,1,2
452,-1,-1,outer,0,3,1,1
453,-1,-1,middle,1,2,1,0
454,-1,-1,outer,0,3,1,2
455,-1,-1,outer,1,2,1,1
456,-1,0,,0,1,0,1
457,-1,-1,outer,1,2,1,0
458,-1,-1,outer,1,2,1,2
459,-1,0,,0,1,0,2
460,-1,-1,middle,1,2,1,1
461,-1,-1,outer,1,2,1,0
462,-1,-1,middle,1,2,1,2
463,-1,-1,outer,0,3,1,1
464,-1,-1,outer,1,2,1,0
465,-1,-1,middle,0,3,1,2
466,-1,0,,0,1,0,2
467,-1,-1,outer,0,3,1,1
468,-1,-1,outer,1,2,1,0
469,-1,-1,middle,1,2,1,2
470,-1,-1,outer,0,3,1,1
471,-1,-1,outer,1,2,1,0
472,-1,-1,outer,1,2,1,2
473,-1,-1,middle,0,3,1,1
474,-1,-1,outer,1,2,1,0
475,-1,-1,outer,0,3,1,2
476,-1,-1,outer,0,3,1,1
477,-1,-1,outer,1,2,1,0
478,-1,-1,middle,1,2,1,2
479,-1,-1,outer,1,2,1,1
480,-1,-1,outer,1,2,1,0
481,-1,-1,middle,1,2,1,2
482,-1,-1,outer,1,2,1,1
483,-1,-1,outer,0,3,1,0
484,-1,0,,0,1,0,0
485,-1,-1,outer,1,2,1,2
486,-1,-1,outer,0,3,1,1
487,-1,0,,0,1,0,1
488,-1,-1,outer,1,2,1,0
489,-1,-1,outer,1,2,1,2
490,-1,-1,middle,1,2,1,1
491,-1,-1,outer,1,2,1,0
492,-1,-1,middle,1,2,1,2
493,-1,-1,outer,1,2,1,1
494,-1,-1,outer,1,2,1,0
495,-1,-1,outer,1,2,1,2
496,-1,-1,outer,1,2,1,1
497,-1,-1,outer,1,2,1,0
498,-1,-1,middle,1,2,1,2
499,-1,-1,outer,1,2,1,1
500,-1,-1,outer,0,3,1,0
501,-1,-1,outer,1,2,1,2
502,-1,-1,outer,0,3,1,1
503,-1,-1,outer,1,2,1,0
504,-1,-1,middle,1,2,-1,2
505,-1,-1,outer,1,2,1,1
506,-1,-1,outer,0,3,1,0
507,-1,-1,middle,0,3,1,2
508,-1,0,,0,1,0,2
509,-1,-1,outer,1,2,1,1
510,-1,-1,outer,1,2,1,0
511,-1,-1,outer,0,3,1,2
512,-1,-1,outer,0,3,1,1
513,-1,-1,outer,1,2,1,0
514,-1,-1,outer,1,2,1,2
515,-1,-1,outer,1,2,1,1
516,-1,-1,outer,1,2,1,0
517,-1,-1,middle,1,2,1,2
518,-1,-1,outer,1,2,1,1
519,-1,-1,middle,1,2,1,0
520,-1,-1,outer,1,2,1,2
521,-1,-1,outer,1,2,1,1
522,-1,-1,outer,0,3,1,0
523,-1,-1,outer,1,2,1,2
524,-1,-1,middle,1,2,1,1
525,-1,-1,outer,1,2,1,0
526,-1,0,,0,1,0,0
527,-1,-1,outer,0,3,1,2
528,-1,-1,outer,1,2,1,1
529,-1,0,,0,1,0,1
530,-1,-1,outer,1,2,1,0
531,-1,-1,outer,0,3,1,2
532,-1,-1,middle,1,2,1,1
533,-1,-1,outer,1,2,1,0
534,-1,-1,outer,0,3,1,2
535,-1,-1,middle,1,2,1,1
536,-1,-1,outer,0,3,1,0
537,-1,-1,outer,1,2,1,2
538,-1,-1,outer,1,2,1,1
539,-1,-1,outer,1,2,1,0
540,-1,-1,outer,1,2,1,2
541,-1,-1,outer,1,2,1,1
542,-1,-1,outer,0,3,1,0
543,-1,0,,0,1,0,0
544,-1,0,,0,1,0,0
545,-1,-1,middle,1,2,-1,2
546,-1,-1,outer,1,2,1,1
547,-1,-1,outer,1,2,1,0
548,-1,-1,outer,1,2,1,2
549,-1,-1,outer,1,2,1,1
550,-1,-1,middle,1,2,1,0
551,-1,-1,outer,1,2,1,2
552,-1,0,,0,1,0,2
553,-1,-1,middle,0,3,1,1
554,-1,-1,outer,1,2,1,0
555,-1,-1,outer,0,3,1,2
556,-1,-1,outer,0,3,1,1
557,-1,-1,outer,0,3,1,0
558,-1,-1,outer,1,2,1,2
559,-1,-1,outer,1,2,1,1
560,-1,-1,outer,0,3,1,0
561,-1,-1,outer,0,3,1,2
562,-1,-1,outer,1,2,1,1
563,-1,-1,outer,1,2,1,0
564,-1,-1,outer,1,2,1,2
565,-1,-1,outer,1,2,1,1
566,-1,-1,middle,1,2,1,0
567,-1,-1,outer,1,2,1,2
568,-1,-1,outer,0,3,1,1
569,-1,0,,0,1,0,1
570,-1,-1,outer,1,2,1,0
571,-1,-1,outer,1,2,1,2
572,-1,-1,outer,0,3,1,1
573,-1,-1,middle,1,2,1,0
574,-1,-1,outer,1,2,1,2
575,-1,-1,outer,1,2,1,1
576,-1,-1,outer,1,2,1,0
577,-1,-1,outer,1,2,1,2
578,-1,-1,outer,0,3,1,1
579,-1,-1,outer,1,2,1,0
580,-1,-1,outer,1,2,1,2
581,-1,0,,0,1,0,2
582,-1,-1,outer,1,2,1,1
583,-1,-1,outer,1,2,1,0
584,-1,-1,outer,1,2,1,2
585,-1,-1,outer,0,3,1,1
586,-1,-1,outer,1,2,1,0
587,-1,-1,outer,1,2,1,2
588,-1,-1,outer,1,2,1,1
589,-1,-1,outer,1,2,1,0
590,-1,-1,outer,1,2,1,2
591,-1,-1,middle,0,3,1,1
592,-1,-1,outer,1,2,1,0
593,-1,-1,outer,1,2,1,2
594,-1,-1,middle,0,3,1,1
595,-1,-1,outer,0,3,1,0
596,-1,-1,outer,1,2,1,2
597,-1,-1,outer,1,2,1,1
598,-1,-1,outer,0,3,1,0
599,-1,0,,0,1,0,0
600,-1,-1,middle,1,2,1,2
601,-1,-1,middle,0,3,1,1
602,-1,0,,0,1,0,1
603,-1,-1,outer,1,2,1,0
604,-1,0,,0,1,0,0
605,-1,-1,outer,1,2,1,2
606,-1,-1,outer,1,2,1,1
607,-1,-1,outer,0,3,1,0
608,-1,-1,outer,1,2,1,2
609,-1,-1,outer,1,2,1,1
610,-1,0,,0,1,0,1
611,-1,-1,outer,1,2,1,0
612,-1,0,,0,1,0,0
613,-1,-1,outer,1,2,1,2
614,-1,-1,outer,0,3,1,1
615,-1,-1,outer,0,3,1,0
616,-1,-1,outer,1,2,1,2
617,-1,-1,outer,1,2,1,1
618,-1,0,,0,1,0,1
619,-1,-1,outer,1,2,1,0
620,-1,-1,outer,1,2,1,2
621,-1,-1,outer,1,2,1,1
622,-1,-1,outer,1,2,1,0
623,-1,-1,middle,1,2,1,2
624,-1,-1,outer,1,2,1,1
625,-1,-1,outer,1,2,1,0
626,-1,-1,outer,0,3,1,2
627,-1,-1,outer,1,2,1,1
628,-1,-1,outer,1,2,1,0
629,-1,-1,outer,0,3,1,2
630,-1,-1,middle,0,3,1,1
631,-1,-1,outer,1,2,1,0
632,-1,-1,middle,1,2,1,2
633,-1,-1,middle,1,2,1,1
634,-1,-1,outer,1,2,1,0
635,-1,-1,outer,1,2,1,2
636,-1,-1,outer,1,2,1,1
637,-1,0,,0,1,0,1
638,-1,-1,outer,1,2,1,0
639,-1,-1,outer,0,3,1,2
640,-1,-1,outer,0,3,1,1
641,-1,-1,outer,0,3,1,0
642,-1,-1,outer,1,2,1,2
643,-1,-1,outer,1,2,1,1
644,-1,-1,outer,1,2,1,0
645,-1,-1,outer,1,2,1,2
646,-1,-1,middle,1,2,1,1
647,-1,-1,outer,1,2,1,0
648,-1,-1,outer,1,2,1,2
649,-1,-1,middle,1,2,-1,1
650,-1,-1,outer,1,2,1,0
651,-1,-1,outer,1,2,1,2
652,-1,-1,outer,0,3,1,1
653,-1,-1,outer,1,2,1,0
654,-1,-1,outer,1,2,1,2
655,-1,-1,outer,1,2,1,1
656,-1,-1,outer,1,2,1,0
657,-1,-1,outer,0,3,1,2
658,-1,-1,outer,0,3,1,1
659,-1,0,,0,1,0,1
660,-1,0,,0,1,0,1
661,-1,-1,outer,1,2,1,0
662,-1,-1,outer,1,2,1,2
663,-1,-1,outer,1,2,1,1
664,-1,-1,middle,0,3,1,0
665,-1,-1,outer,0,3,1,2
666,-1,0,,0,1,0,2
667,-1,-1,outer,1,2,1,1
668,-1,-1,outer,0,3,1,0
669,-1,0,,0,1,0,0
670,-1,-1,middle,1,2,1,2
671,-1,0,,0,1,0,2
672,-1,-1,outer,0,3,1,1
673,-1,-1,outer,1,2,1,0
674,-1,-1,outer,0,3,1,2
675,-1,-1,outer,1,2,1,1
676,-1,0,,0,1,0,1
677,-1,-1,outer,1,2,1,0
678,-1,-1,middle,1,2,1,2
679,-1,-1,outer,1,2,1,1
680,-1,-1,outer,1,2,1,0
681,-1,-1,outer,1,2,1,2
682,-1,-1,outer,0,3,1,1
683,-1,-1,outer,1,2,1,0
684,-1,-1,outer,0,3,1,2
685,-1,-1,outer,0,3,1,1
686,-1,0,,0,1,0,1
687,-1,-1,outer,1,2,1,0
688,-1,-1,middle,1,2,1,2
689,-1,0,,0,1,0,2
690,-1,-1,outer,1,2,1,1
691,-1,-1,middle,1,2,1,0
692,-1,-1,outer,1,2,1,2
693,-1,-1,middle,1,2,1,1
694,-1,-1,outer,1,2,1,0
695,-1,0,,0,1,0,0
696,-1,-1,outer,0,3,1,2
697,-1,-1,outer,1,2,1,1
698,-1,-1,outer,1,2,1,0
699,-1,-1,outer,1,2,1,2
700,-1,-1,middle,0,3,1,1
701,-1,-1,outer,1,2,1,0
702,-1,0,,0,1,0,0
703,-1,0,,0,1,0,0
704,-1,-1,outer,0,3,1,2
705,-1,-1,outer,1,2,1,1
706,-1,-1,outer,1,2,1,0
707,-1,-1,outer,0,3,1,2
708,-1,-1,outer,1,2,1,1
709,-1,-1,outer,1,2,1,0
710,-1,-1,outer,1,2,1,2
711,-1,-1,middle,1,2,1,1
712,-1,-1,outer,0,3,1,0
713,-1,-1,outer,1,2,1,2
714,-1,-1,outer,1,2,1,1
715,-1,-1,outer,0,3,1,0
716,-1,-1,outer,1,2,1,2
717,-1,-1,outer,0,3,1,1
718,-1,-1,outer,1,2,1,0
719,-1,-1,outer,1,2,1,2
720,-1,-1,middle,1,2,1,1
721,-1,0,,0,1,0,1
722,-1,-1,outer,0,3,1,0
723,-1,-1,outer,1,2,1,2
724,-1,-1,outer,0,3,1,1
725,-1,-1,middle,1,2,1,0
726,-1,-1,outer,1,2,1,2
727,-1,-1,outer,1,2,1,1
728,-1,-1,outer,1,2,1,0
729,-1,0,,0,1,0,0
730,-1,-1,middle,1,2,-1,2
731,-1,-1,outer,1,2,1,1
732,-1,-1,outer,1,2,1,0
733,-1,-1,outer,0,3,1,2
734,-1,-1,outer,1,2,1,1
735,-1,-1,outer,1,2,1,0
736,-1,-1,middle,1,2,1,2
737,-1,-1,outer,1,2,1,1
738,-1,-1,outer,1,2,1,0
739,-1,-1,outer,1,2,1,2
740,-1,0,,0,1,0,2
741,-1,-1,outer,0,3,1,1
742,-1,-1,outer,0,3,1,0
743,-1,0,,0,1,0,0
744,-1,-1,outer,1,2,1,2
745,-1,0,,0,1,0,2
746,-1,-1,outer,0,3,1,1
747,-1,-1,outer,1,2,1,0
748,-1,0,,0,1,0,0
749,-1,0,,0,1,0,0
750,-1,-1,outer,1,2,1,2
751,-1,-1,outer,1,2,1,1
752,-1,-1,outer,0,3,1,0
753,-1,-1,outer,1,2,1,2
754,-1,0,,0,1,0,2
755,-1,-1,outer,1,2,1,1
756,-1,-1,outer,1,2,1,0
757,-1,-1,outer,1,2,1,2
758,-1,-1,outer,1,2,1,1
759,-1,-1,outer,1,2,1,0
760,-1,-1,outer,0,3,1,2
761,-1,0,,0,1,0,2
762,-1,-1,middle,1,2,1,1
763,-1,0,,0,1,0,1
764,-1,-1,outer,1,2,1,0
765,-1,-1,middle,1,2,-1,2
766,-1,-1,outer,1,2,1,1
767,-1,-1,outer,1,2,1,0
768,-1,0,,0,1,0,0
769,-1,-1,middle,1,2,1,2
770,-1,-1,outer,1,2,1,1
771,-1,-1,outer,1,2,1,0
772,-1,0,,0,1,0,0
773,-1,-1,outer,1,2,1,2
774,-1,-1,outer,1,2,1,1
775,-1,-1,outer,1,2,1,0
776,-1,-1,outer,1,2,1,2
777,-1,-1,outer,1,2,1,1
778,-1,-1,outer,0,3,1,0
779,-1,-1,outer,0,3,1,2
780,-1,-1,outer,1,2,1,1
781,-1,-1,outer,1,2,1,0
782,-1,-1,outer,1,2,1,2
783,-1,-1,outer,1,2,1,1
784,-1,-1,outer,1,2,1,0
785,-1,-1,outer,1,2,1,2
786,-1,-1,middle,1,2,1,1
787,-1,-1,outer,1,2,1,0
788,-1,-1,outer,1,2,1,2
789,-1,-1,outer,0,3,1,1
790,-1,-1,outer,1,2,1,0
791,-1,-1,outer,0,3,1,2
792,-1,-1,middle,1,2,1,1
793,-1,-1,middle,1,2,1,0
794,-1,0,,0,1,0,0
795,-1,0,,0,1,0,0
796,-1,-1,outer,1,2,1,2
797,-1,-1,middle,1,2,-1,1
798,-1,-1,outer,1,2,1,0
799,-1,-1,middle,1,2,1,2
800,-1,-1,middle,1,2,1,1
801,-1,-1,outer,1,2,1,0
802,-1,-1,outer,1,2,1,2
803,-1,-1,middle,1,2,1,1
804,-1,-1,outer,1,2,1,0
805,-1,-1,outer,0,3,1,2
806,-1,0,,0,1,0,2
807,-1,-1,outer,1,2,1,1
808,-1,-1,outer,1,2,1,0
809,-1,-1,middle,1,2,1,2
810,-1,0,,0,1,0,2
811,-1,-1,outer,1,2,1,1
812,-1,-1,outer,0,3,1,0
813,-1,0,,0,1,0,0
814,-1,-1,middle,0,3,1,2
815,-1,-1,outer,1,2,1,1
816,-1,0,,0,1,0,1
817,-1,-1,outer,1,2,1,0
818,-1,-1,outer,1,2,1,2
819,-1,-1,outer,1,2,1,1
820,-1,-1,outer,1,2,1,0
821,-1,-1,outer,1,2,1,2
822,-1,-1,outer,1,2,1,1
823,-1,-1,outer,1,2,1,0
824,-1,-1,outer,1,2,1,2
825,-1,-1,outer,1,2,1,1
826,-1,0,,0,1,0,1
827,-1,-1,outer,0,3,1,0
828,-1,-1,outer,1,2,1,2
829,-1,-1,outer,1,2,1,1
830,-1,-1,outer,1,2,1,0
831,-1,-1,outer,1,2,1,2
832,-1,-1,outer,1,2,1,1
833,-1,-1,middle,1,2,1,0
834,-1,0,,0,1,0,0
835,-1,0,,0,1,0,0
836,-1,0,,0,1,0,0
837,-1,-1,outer,1,2,1,2
838,-1,0,,0,1,0,2
839,-1,0,,0,1,0,2
840,-1,-1,outer,1,2,1,1
841,-1,-1,outer,1,2,1,0
842,-1,-1,outer,1,2,1,2
843,-1,-1,outer,1,2,1,1
844,-1,-1,outer,0,3,1,0
845,-1,-1,outer,1,2,1,2
846,-1,-1,outer,1,2,1,1
847,-1,0,,0,1,0,1
848,-1,-1,outer,1,2,1,0
849,-1,-1,outer,0,3,1,2
850,-1,0,,0,1,0,2
851,-1,-1,outer,1,2,1,1
852,-1,-1,outer,0,3,1,0
853,-1,-1,outer,1,2,1,2
854,-1,-1,middle,1,2,1,1
855,-1,-1,outer,1,2,1,0
856,-1,0,,0,1,0,0
857,-1,-1,outer,1,2,1,2
858,-1,-1,middle,1,2,1,1
859,-1,-1,outer,1,2,1,0
860,-1,-1,outer,0,3,1,2
861,-1,-1,middle,1,2,1,1
862,-1,0,,0,1,0,1
863,-1,0,,0,1,0,1
864,-1,-1,outer,1,2,1,0
865,-1,-1,outer,0,3,1,2
866,-1,0,,0,1,0,2
867,-1,0,,0,1,0,2
868,-1,-1,outer,0,3,1,1
869,-1,-1,outer,1,2,1,0
870,-1,-1,outer,1,2,1,2
871,-1,-1,outer,0,3,1,1
872,-1,-1,outer,1,2,1,0
873,-1,-1,middle,1,2,1,2
874,-1,-1,middle,1,2,1,1
875,-1,-1,outer,0,3,1,0
876,-1,-1,outer,1,2,1,2
877,-1,-1,outer,1,2,1,1
878,-1,-1,outer,1,2,1,0
879,-1,-1,outer,1,2,1,2
880,-1,-1,outer,1,2,1,1
881,-1,-1,outer,0,3,1,0
882,-1,-1,outer,1,2,1,2
883,-1,-1,middle,1,2,1,1
884,-1,-1,outer,0,3,1,0
885,-1,-1,middle,1,2,1,2
886,-1,-1,outer,0,3,1,1
887,-1,0,,0,1,0,1
888,-1,-1,outer,1,2,1,0
889,-1,-1,middle,1,2,1,2
890,-1,0,,0,1,0,2
891,-1,-1,outer,1,2,1,1
892,-1,-1,outer,0,3,1,0
893,-1,0,,0,1,0,0
894,-1,-1,outer,1,2,1,2
895,-1,-1,outer,0,3,1,1
896,-1,-1,outer,1,2,1,0
897,-1,-1,middle,1,2,1,2
898,-1,-1,outer,1,2,1,1
899,-1,-1,outer,1,2,1,0
900,-1,-1,middle,1,2,1,2
901,-1,-1,middle,0,3,1,1
902,-1,-1,outer,1,2,1,0
903,-1,-1,outer,1,2,1,2
904,-1,-1,outer,0,3,1,1
905,-1,0,,0,1,0,1
906,-1,0,,0,1,0,1
907,-1,-1,outer,1,2,1,0
908,-1,-1,outer,0,3,1,2
909,-1,-1,outer,1,2,1,1
910,-1,-1,outer,0,3,1,0
911,-1,-1,middle,1,2,1,2
912,-1,-1,outer,1,2,1,1
913,-1,0,,0,1,0,1
914,-1,-1,outer,1,2,1,0
915,-1,-1,outer,1,2,1,2
916,-1,-1,middle,0,3,1,1
917,-1,-1,outer,1,2,1,0
918,-1,-1,middle,1,2,1,2
919,-1,-1,middle,1,2,1,1
920,-1,-1,outer,0,3,1,0
921,-1,-1,outer,1,2,1,2
922,-1,-1,outer,1,2,1,1
923,-1,-1,outer,1,2,1,0
924,-1,-1,outer,1,2,1,2
925,-1,-1,outer,1,2,1,1
926,-1,-1,outer,1,2,1,0
927,-1,-1,outer,1,2,1,2
928,-1,0,,0,1,0,2
929,-1,-1,middle,1,2,1,1
930,-1,-1,outer,0,3,1,0
931,-1,-1,outer,1,2,1,2
932,-1,-1,outer,1,2,1,1
933,-1,-1,outer,0,3,1,0
934,-1,-1,middle,0,3,1,2
935,-1,-1,middle,1,2,1,1
936,-1,0,,0,1,0,1
937,-1,-1,outer,1,2,1,0
938,-1,-1,outer,1,2,1,2
939,-1,-1,outer,1,2,1,1
940,-1,-1,outer,0,3,1,0
941,-1,0,,0,1,0,0
942,-1,-1,outer,1,2,1,2
943,-1,-1,outer,1,2,1,1
944,-1,-1,middle,1,2,1,0
945,-1,-1,outer,1,2,1,2
946,-1,-1,outer,1,2,1,1
947,-1,-1,outer,0,3,1,0
948,-1,0,,0,1,0,0
949,-1,0,,0,1,0,0
950,-1,-1,outer,1,2,1,2
951,-1,-1,outer,0,3,1,1
952,-1,-1,middle,1,2,1,0
953,-1,-1,outer,0,3,1,2
954,-1,0,,0,1,0,2
955,-1,0,,0,1,0,2
956,-1,-1,outer,0,3,1,1
957,-1,-1,outer,1,2,1,0
958,-1,-1,outer,1,2,1,2
959,-1,-1,outer,1,2,1,1
960,-1,-1,outer,1,2,1,0
961,-1,-1,outer,1,2,1,2
962,-1,-1,middle,1,2,1,1
963,-1,-1,middle,0,3,1,0
964,-1,-1,middle,0,3,1,2
965,-1,-1,outer,1,2,1,1
966,-1,-1,outer,1,2,1,0
967,-1,-1,middle,1,2,1,2
968,-1,0,,0,1,0,2
969,-1,-1,middle,1,2,1,1
970,-1,-1,outer,0,3,1,0
971,-1,0,,0,1,0,0
972,-1,-1,outer,0,3,1,2
973,-1,-1,outer,1,2,1,1
974,-1,-1,outer,1,2,1,0
975,-1,0,,0,1,0,0
976,-1,-1,outer,1,2,1,2
977,-1,-1,outer,1,2,1,1
978,-1,-1,outer,0,3,1,0
979,-1,-1,middle,1,2,-1,2
980,-1,-1,outer,1,2,1,1
981,-1,0,,0,1,0,1
982,-1,0,,0,1,0,1
983,-1,-1,outer,1,2,1,0
984,-1,-1,outer,0,3,1,2
985,-1,-1,middle,1,2,1,1
986,-1,-1,outer,1,2,1,0
987,-1,-1,outer,1,2,1,2
988,-1,-1,middle,1,2,1,1
989,-1,-1,outer,1,2,1,0
990,-1,-1,outer,1,2,1,2
991,-1,-1,outer,0,3,1,1
992,-1,-1,outer,1,2,1,0
993,-1,-1,outer,1,2,1,2
994,-1,-1,outer,0,3,1,1
995,-1,-1,middle,1,2,1,0
996,-1,-1,outer,1,2,1,2
997,-1,-1,outer,1,2,1,1
998,-1,-1,outer,1,2,1,0
999,-1,-1,outer,1,2,1,2
1000,-1,0,,0,1,0,2
1001,-1,-1,outer,1,2,1,1
1002,-1,-1,outer,1,2,1,0
1003,-1,-1,outer,0,3,1,2
1004,-1,0,,0,1,0,2
1005,-1,-1,outer,1,2,1,1
1006,-1,-1,outer,1,2,1,0
1007,-1,-1,outer,0,3,1,2
1008,-1,-1,outer,1,2,1,1
1009,-1,-1,outer,1,2,1,0
1010,-1,-1,outer,1,2,1,2
1011,-1,-1,outer,1,2,1,1
1012,-1,-1,outer,1,2,1,0
1013,-1,-1,outer,0,3,1,2
1014,-1,-1,outer,0,3,1,1
1015,-1,-1,outer,1,2,1,0
1016,-1,-1,outer,1,2,1,2
1017,-1,-1,middle,0,3,1,1
1018,-1,-1,outer,1,2,1,0
1019,-1,-1,outer,1,2,1,2
1020,-1,-1,outer,1,2,1,1
1021,-1,-1,middle,1,2,-1,0
1022,-1,-1,outer,0,3,1,2
1023,-1,-1,outer,1,2,1,1
1024,-1,-1,outer,1,2,1,0
1025,-1,-1,outer,0,3,1,2
1026,-1,-1,outer,0,3,1,1
1027,-1,-1,middle,0,3,1,0
1028,-1,-1,outer,1,2,1,2
1029,-1,-1,middle,1,2,1,1
1030,-1,-1,outer,1,2,1,0
1031,-1,-1,outer,0,3,1,2
1032,-1,-1,outer,0,3,1,1
1033,-1,0,,0,1,0,1
1034,-1,-1,outer,0,3,1,0
1035,-1,-1,outer,1,2,1,2
1036,-1,-1,outer,1,2,1,1
1037,-1,-1,outer,1,2,1,0
1038,-1,-1,outer,0,3,1,2
1039,-1,-1,outer,1,2,1,1
1040,-1,-1,middle,1,2,-1,0
1041,-1,-1,middle,1,2,1,2
1042,-1,-1,outer,1,2,1,1
1043,-1,-1,outer,1,2,1,0
1044,-1,-1,outer,1,2,1,2
1045,-1,-1,middle,1,2,1,1
1046,-1,-1,outer,1,2,1,0
1047,-1,-1,middle,0,3,1,2
1048,-1,-1,middle,1,2,1,1
1049,-1,-1,outer,1,2,1,0
1050,-1,-1,outer,1,2,1,2
1051,-1,0,,0,1,0,2
1052,-1,-1,outer,1,2,1,1
1053,-1,-1,outer,0,3,1,0
1054,-1,-1,outer,1,2,1,2
1055,-1,-1,middle,0,3,1,1
1056,-1,-1,outer,1,2,1,0
1057,-1,-1,outer,0,3,1,2
1058,-1,0,,0,1,0,2
1059,-1,-1,outer,1,2,1,1
1060,-1,-1,outer,0,3,1,0
1061,-1,0,,0,1,0,0
1062,-1,0,,0,1,0,0
1063,-1,-1,outer,1,2,1,2
1064,-1,-1,outer,1,2,1,1
1065,-1,0,,0,1,0,1
1066,-1,-1,outer,0,3,1,0
1067,-1,-1,outer,0,3,1,2
1068,-1,-1,outer,0,3,1,1
1069,-1,-1,outer,1,2,1,0
1070,-1,-1,middle,1,2,1,2
1071,-1,-1,outer,0,3,1,1
1072,-1,-1,outer,0,3,1,0
1073,-1,-1,middle,1,2,1,2
1074,-1,-1,outer,1,2,1,1
1075,-1,-1,outer,1,2,1,0
1076,-1,-1,outer,1,2,1,2
1077,-1,-1,outer,1,2,1,1
1078,-1,-1,outer,1,2,1,0
1079,-1,0,,0,1,0,0
1080,-1,-1,outer,1,2,1,2
1081,-1,-1,outer,0,3,1,1
1082,-1,-1,outer,0,3,1,0
1083,-1,-1,outer,1,2,1,2
1084,-1,-1,middle,1,2,1,1
1085,-1,-1,outer,1,2,1,0
1086,-1,-1,outer,0,3,1,2
1087,-1,-1,outer,1,2,1,1
1088,-1,-1,middle,1,2,1,0
1089,-1,-1,outer,1,2,1,2
1090,-1,-1,outer,1,2,1,1
1091,-1,-1,outer,1,2,1,0
1092,-1,0,,0,1,0,0
1093,-1,-1,outer,0,3,1,2
1094,-1,-1,outer,1,2,1,1
1095,-1,-1,outer,1,2,1,0
1096,-1,-1,outer,1,2,1,2
1097,-1,-1,outer,1,2,1,1
1098,-1,0,,0,1,0,1
1099,-1,-1,outer,1,2,1,0
1100,-1,-1,outer,1,2,1,2
1101,-1,-1,outer,1,2,1,1
1102,-1,0,,0,1,0,1
1103,-1,-1,outer,1,2,1,0
1104,-1,-1,outer,0,3,1,2
1105,-1,-1,outer,1,2,1,1
1106,-1,-1,outer,1,2,1,0
1107,-1,0,,0,1,0,0
1108,-1,0,,0,1,0,0
1109,-1,-1,outer,1,2,1,2
1110,-1,0,,0,1,0,2
1111,-1,-1,outer,1,2,1,1
1112,-1,-1,outer,1,2,1,0
1113,-1,-1,middle,0,3,1,2
1114,-1,-1,outer,1,2,1,1
1115,-1,0,,0,1,0,1
1116,-1,-1,outer,0,3,1,0
1117,-1,0,,0,1,0,0
1118,-1,-1,outer,0,3,1,2
1119,-1,-1,outer,1,2,1,1
1120,-1,-1,middle,1,2,1,0
1121,-1,-1,outer,1,2,1,2
1122,-1,-1,outer,1,2,1,1
1123,-1,-1,outer,1,2,1,0
1124,-1,-1,middle,1,2,1,2
1125,-1,-1,outer,0,3,1,1
1126,-1,-1,middle,1,2,1,0
1127,-1,-1,outer,0,3,1,2
1128,-1,-1,outer,0,3,1,1
1129,-1,-1,outer,1,2,1,0
1130,-1,-1,outer,1,2,1,2
1131,-1,-1,outer,0,3,1,1
1132,-1,-1,outer,1,2,1,0
1133,-1,-1,outer,1,2,1,2
1134,-1,-1,outer,1,2,1,1
1135,-1,-1,outer,1,2,1,0
1136,-1,-1,outer,1,2,1,2
1137,-1,0,,0,1,0,2
1138,-1,-1,middle,1,2,1,1
1139,-1,-1,outer,1,2,1,0
1140,-1,-1,outer,1,2,1,2
1141,-1,-1,outer,1,2,1,1
1142,-1,-1,outer,1,2,1,0
1143,-1,-1,outer,1,2,1,2
1144,-1,-1,outer,1,2,1,1
1145,-1,-1,outer,0,3,1,0
1146,-1,0,,0,1,0,0
1147,-1,-1,outer,1,2,1,2
1148,-1,-1,outer,1,2,1,1
1149,-1,-1,outer,0,3,1,0
1150,-1,-1,outer,1,2,1,2
1151,-1,-1,middle,1,2,1,1
1152,-1,-1,outer,1,2,1,0
1153,-1,-1,outer,1,2,1,2
1154,-1,0,,0,1,0,2
1155,-1,-1,outer,0,3,1,1
1156,-1,-1,outer,1,2,1,0
1157,-1,-1,middle,1,2,1,2
1158,-1,-1,outer,1,2,1,1
1159,-1,-1,middle,0,3,1,0
1160,-1,0,,0,1,0,0
1161,-1,-1,outer,0,3,1,2
1162,-1,-1,outer,1,2,1,1
1163,-1,-1,outer,1,2,1,0
1164,-1,-1,outer,1,2,1,2
1165,-1,-1,middle,0,3,1,1
1166,-1,0,,0,1,0,1
1167,-1,-1,outer,1,2,1,0
1168,-1,-1,outer,1,2,1,2
1169,-1,-1,outer,1,2,1,1
1170,-1,-1,outer,1,2,1,0
1171,-1,-1,outer,1,2,1,2
1172,-1,-1,middle,1,2,1,1
1173,-1,-1,outer,1,2,1,0
1174,-1,-1,outer,0,3,1,2
1175,-1,-1,outer,1,2,1,1
1176,-1,-1,outer,1,2,1,0
1177,-1,-1,outer,1,2,1,2
1178,-1,0,,0,1,0,2
1179,-1,-1,outer,1,2,1,1
1180,-1,-1,outer,1,2,1,0
1181,-1,-1,outer,1,2,1,2
1182,-1,-1,outer,0,3,1,1
1183,-1,-1,outer,1,2,1,0
1184,-1,0,,0,1,0,0
1185,-1,-1,middle,1,2,1,2
1186,-1,-1,outer,0,3,1,1
1187,-1,-1,outer,1,2,1,0
1188,-1,-1,outer,1,2,1,2
1189,-1,-1,outer,0,3,1,1
1190,-1,-1,outer,0,3,1,0
1191,-1,-1,outer,0,3,1,2
1192,-1,-1,outer,1,2,1,1
1193,-1,-1,outer,0,3,1,0
1194,-1,-1,middle,0,3,1,2
1195,-1,-1,middle,1,2,1,1
1196,-1,-1,outer,0,3,1,0
1197,-1,-1,outer,0,3,1,2
1198,-1,-1,outer,1,2,1,1
1199,-1,-1,outer,1,2,1,0
1200,-1,-1,outer,1,2,1,2
1201,-1,0,,0,1,0,2
1202,-1,-1,outer,0,3,1,1
1203,-1,-1,outer,1,2,1,0
1204,-1,0,,0,1,0,0
1205,-1,-1,outer,1,2,1,2
1206,-1,-1,middle,1,2,-1,1
1207,-1,-1,outer,1,2,1,0
1208,-1,0,,0,1,0,0
1209,-1,-1,middle,1,2,1,2
1210,-1,-1,outer,1,2,1,1
1211,-1,-1,outer,0,3,1,0
1212,-1,-1,middle,0,3,1,2
1213,-1,-1,middle,0,3,1,1
1214,-1,-1,outer,1,2,1,0
1215,-1,-1,outer,0,3,1,2
1216,-1,-1,outer,1,2,1,1
1217,-1,-1,outer,1,2,1,0
1218,-1,-1,outer,1,2,1,2
1219,-1,-1,outer,1,2,1,1
1220,-1,-1,outer,1,2,1,0
1221,-1,-1,outer,1,2,1,2
1222,-1,-1,outer,0,3,1,1
1223,-1,0,,0,1,0,1
1224,-1,-1,outer,1,2,1,0
1225,-1,-1,outer,1,2,1,2
1226,-1,-1,middle,1,2,1,1
1227,-1,-1,middle,1,2,1,0
1228,-1,-1,outer,0,3,1,2
1229,-1,-1,outer,1,2,1,1
1230,-1,-1,outer,1,2,1,0
1231,-1,-1,middle,1,2,1,2
1232,-1,-1,middle,1,2,-1,1
1233,-1,-1,outer,1,2,1,0
1234,-1,0,,0,1,0,0
1235,-1,-1,outer,1,2,1,2
1236,-1,-1,outer,1,2,1,1
1237,-1,-1,outer,1,2,1,0
1238,-1,-1,outer,1,2,1,2
1239,-1,-1,outer,1,2,1,1
1240,-1,-1,outer,1,2,1,0
1241,-1,-1,outer,1,2,1,2
1242,-1,-1,outer,1,2,1,1
1243,-1,-1,outer,1,2,1,0
1244,-1,-1,outer,1,2,1,2
1245,-1,0,,0,1,0,2
1246,-1,-1,middle,1,2,-1,1
1247,-1,-1,outer,1,2,1,0
1248,-1,-1,outer,0,3,1,2
1249,-1,-1,outer,0,3,1,1
1250,-1,-1,outer,1,2,1,0
1251,-1,-1,middle,1,2,1,2
1252,-1,0,,0,1,0,2
1253,-1,0,,0,1,0,2
1254,-1,-1,middle,1,2,1,1
1255,-1,-1,outer,1,2,1,0
1256,-1,-1,outer,1,2,1,2
1257,-1,-1,outer,0,3,1,1
1258,-1,0,,0,1,0,1
1259,-1,-1,outer,1,2,1,0
1260,-1,-1,outer,1,2,1,2
1261,-1,-1,outer,0,3,1,1
1262,-1,-1,outer,1,2,1,0
1263,-1,0,,0,1,0,0
1264,-1,-1,middle,1,2,1,2
1265,-1,-1,middle,0,3,1,1
1266,-1,-1,outer,1,2,1,0
1267,-1,0,,0,1,0,0
1268,-1,-1,middle,0,3,1,2
1269,-1,-1,middle,1,2,1,1
1270,-1,0,,0,1,0,1
1271,-1,-1,outer,1,2,1,0
1272,-1,-1,outer,1,2,1,2
1273,-1,-1,middle,1,2,1,1
1274,-1,-1,middle,1,2,1,0
1275,-1,0,,0,1,0,0
1276,-1,-1,outer,1,2,1,2
1277,-1,0,,0,1,0,2
1278,-1,-1,outer,0,3,1,1
1279,-1,-1,outer,0,3,1,0
1280,-1,0,,0,1,0,0
1281,-1,0,,0,1,0,0
1282,-1,-1,outer,1,2,1,2
1283,-1,0,,0,1,0,2
1284,-1,0,,0,1,0,2
1285,-1,-1,outer,1,2,1,1
1286,-1,0,,0,1,0,1
1287,-1,-1,outer,0,3,1,0
1288,-1,-1,outer,1,2,1,2
1289,-1,-1,outer,0,3,1,1
1290,-1,-1,outer,1,2,1,0
1291,-1,-1,outer,1,2,1,2
1292,-1,-1,middle,1,2,1,1
1293,-1,-1,outer,1,2,1,0
1294,-1,-1,outer,1,2,1,2
1295,-1,-1,outer,1,2,1,1
1296,-1,-1,outer,0,3,1,0
1297,-1,-1,outer,0,3,1,2
1298,-1,-1,outer,1,2,1,1
1299,-1,-1,middle,1,2,-1,0
1300,-1,0,,0,1,0,0
1301,-1,-1,outer,0,3,1,2
1302,-1,-1,outer,1,2,1,1
1303,-1,-1,middle,0,3,1,0
1304,-1,-1,outer,1,2,1,2
1305,-1,-1,outer,0,3,1,1
1306,-1,-1,outer,1,2,1,0
1307,-1,-1,outer,1,2,1,2
1308,-1,-1,middle,1,2,1,1
1309,-1,-1,outer,0,3,1,0
1310,-1,-1,outer,1,2,1,2
1311,-1,-1,outer,1,2,1,1
1312,-1,-1,outer,1,2,1,0
1313,-1,-1,outer,1,2,1,2
1314,-1,-1,middle,1,2,1,1
1315,-1,-1,outer,1,2,1,0
1316,-1,-1,outer,1,2,1,2
1317,-1,-1,middle,1,2,1,1
1318,-1,-1,outer,0,3,1,0
1319,-1,-1,middle,1,2,1,2
1320,-1,-1,outer,1,2,1,1
1321,-1,0,,0,1,0,1
1322,-1,-1,outer,0,3,1,0
1323,-1,-1,outer,1,2,1,2
1324,-1,0,,0,1,0,2
1325,-1,-1,outer,0,3,1,1
1326,-1,-1,middle,1,2,1,0
1327,-1,-1,outer,1,2,1,2
1328,-1,-1,outer,0,3,1,1
1329,-1,0,,0,1,0,1
1330,-1,-1,outer,1,2,1,0
1331,-1,-1,outer,1,2,1,2
1332,-1,-1,outer,1,2,1,1
1333,-1,-1,outer,0,3,1,0
1334,-1,-1,outer,1,2,1,2
1335,-1,-1,outer,1,2,1,1
1336,-1,-1,outer,1,2,1,0
1337,-1,-1,middle,0,3,1,2
1338,-1,-1,outer,0,3,1,1
1339,-1,-1,middle,1,2,1,0
1340,-1,0,,0,1,0,0
1341,-1,0,,0,1,0,0
1342,-1,-1,outer,1,2,1,2
1343,-1,0,,0,1,0,2
1344,-1,-1,middle,0,3,1,1
1345,-1,0,,0,1,0,1
1346,-1,0,,0,1,0,1
1347,-1,-1,outer,0,3,1,0
1348,-1,-1,outer,1,2,1,2
1349,-1,-1,middle,0,3,1,1
1350,-1,0,,0,1,0,1
1351,-1,-1,outer,0,3,1,0
1352,-1,-1,outer,1,2,1,2
1353,-1,-1,outer,1,2,1,1
1354,-1,0,,0,1,0,1
1355,-1,-1,middle,1,2,1,0
1356,-1,-1,outer,0,3,1,2
1357,-1,0,,0,1,0,2
1358,-1,-1,outer,1,2,1,1
1359,-1,-1,outer,0,3,1,0
1360,-1,-1,outer,1,2,1,2
1361,-1,-1,outer,1,2,1,1
1362,-1,-1,outer,1,2,1,0
1363,-1,-1,middle,1,2,1,2
1364,-1,-1,middle,1,2,1,1
1365,-1,-1,outer,0,3,1,0
1366,-1,-1,outer,1,2,1,2
1367,-1,-1,middle,1,2,1,1
1368,-1,-1,outer,1,2,1,0
1369,-1,-1,outer,1,2,1,2
1370,-1,-1,outer,1,2,1,1
1371,-1,0,,0,1,0,1
1372,-1,-1,outer,0,3,1,0
1373,-1,0,,0,1,0,0
1374,-1,-1,middle,1,2,1,2
1375,-1,0,,0,1,0,2
1376,-1,-1,outer,1,2,1,1
1377,-1,-1,middle,0,3,1,0
1378,-1,-1,outer,1,2,1,2
1379,-1,0,,0,1,0,2
1380,-1,-1,middle,1,2,1,1
1381,-1,-1,outer,1,2,1,0
1382,-1,-1,outer,1,2,1,2
1383,-1,0,,0,1,0,2
1384,-1,-1,outer,0,3,1,1
1385,-1,-1,outer,1,2,1,0
1386,-1,-1,outer,1,2,1,2
1387,-1,-1,outer,1,2,1,1
1388,-1,-1,outer,1,2,1,0
1389,-1,-1,middle,1,2,1,2
1390,-1,-1,outer,1,2,1,1
1391,-1,-1,outer,0,3,1,0
1392,-1,-1,outer,1,2,1,2
1393,-1,-1,middle,1,2,1,1
1394,-1,-1,outer,1,2,1,0
1395,-1,-1,outer,1,2,1,2
1396,-1,-1,outer,1,2,1,1
1397,-1,-1,outer,1,2,1,0
1398,-1,-1,outer,1,2,1,2
1399,-1,-1,middle,0,3,1,1
1400,-1,-1,outer,0,3,1,0
1401,-1,-1,outer,0,3,1,2
1402,-1,-1,middle,1,2,1,1
1403,-1,-1,outer,0,3,1,0
1404,-1,-1,outer,1,2,1,2
1405,-1,-1,outer,1,2,1,1
1406,-1,-1,outer,1,2,1,0
1407,-1,-1,middle,1,2,1,2
1408,-1,-1,middle,1,2,1,1
1409,-1,-1,outer,1,2,1,0
1410,-1,-1,outer,1,2,1,2
1411,-1,-1,outer,1,2,1,1
1412,-1,-1,outer,1,2,1,0
1413,-1,-1,outer,1,2,1,2
1414,-1,-1,outer,1,2,1,1
1415,-1,-1,outer,1,2,1,0
1416,-1,-1,outer,0,3,1,2
1417,-1,-1,outer,1,2,1,1
1418,-1,-1,middle,1,2,1,0
1419,-1,-1,outer,1,2,1,2
1420,-1,-1,middle,1,2,1,1
1421,-1,-1,middle,1,2,1,0
1422,-1,0,,0,1,0,0
1423,-1,-1,outer,0,3,1,2
1424,-1,-1,outer,1,2,1,1
1425,-1,-1,outer,1,2,1,0
1426,-1,-1,outer,1,2,1,2
1427,-1,-1,outer,1,2,1,1
1428,-1,0,,0,1,0,1
1429,-1,-1,outer,1,2,1,0
1430,-1,-1,outer,1,2,1,2
1431,-1,-1,outer,1,2,1,1
1432,-1,-1,outer,1,2,1,0
1433,-1,-1,outer,1,2,1,2
1434,-1,-1,middle,1,2,-1,1
1435,-1,-1,outer,1,2,1,0
1436,-1,-1,outer,1,2,1,2
1437,-1,-1,middle,1,2,1,1
1438,-1,-1,outer,0,3,1,0
1439,-1,0,,0,1,0,0
1440,-1,-1,outer,1,2,1,2
1441,-1,-1,middle,1,2,1,1
1442,-1,-1,outer,1,2,1,0
1443,-1,-1,outer,1,2,1,2
1444,-1,-1,middle,1,2,1,1
1445,-1,-1,outer,1,2,1,0
1446,-1,-1,outer,1,2,1,2
1447,-1,-1,outer,1,2,1,1
1448,-1,-1,outer,1,2,1,0
1449,-1,-1,outer,1,2,1,2
1450,-1,-1,outer,1,2,1,1
1451,-1,-1,outer,1,2,1,0
1452,-1,-1,middle,0,3,1,2
1453,-1,-1,outer,0,3,1,1
1454,-1,-1,outer,0,3,1,0
1455,-1,0,,0,1,0,0
1456,-1,0,,0,1,0,0
1457,-1,-1,outer,1,2,1,2
1458,-1,0,,0,1,0,2
1459,-1,-1,outer,1,2,1,1
1460,-1,-1,outer,0,3,1,0
1461,-1,0,,0,1,0,0
1462,-1,-1,outer,1,2,1,2
1463,-1,-1,middle,1,2,1,1
1464,-1,-1,outer,1,2,1,0
1465,-1,0,,0,1,0,0
1466,-1,-1,outer,1,2,1,2
1467,-1,-1,middle,1,2,1,1
1468,-1,-1,outer,0,3,1,0
1469,-1,-1,outer,1,2,1,2
1470,-1,-1,outer,1,2,1,1
1471,-1,-1,outer,1,2,1,0
1472,-1,-1,middle,1,2,1,2
1473,-1,0,,0,1,0,2
1474,-1,-1,outer,1,2,1,1
1475,-1,-1,outer,1,2,1,0
1476,-1,-1,outer,1,2,1,2
1477,-1,0,,0,1,0,2
1478,-1,-1,outer,0,3,1,1
1479,-1,-1,outer,1,2,1,0
1480,-1,-1,outer,1,2,1,2
1481,-1,-1,outer,0,3,1,1
1482,-1,-1,outer,1,2,1,0
1483,-1,-1,outer,1,2,1,2
1484,-1,-1,middle,0,3,1,1
1485,-1,-1,outer,1,2,1,0
1486,-1,-1,outer,0,3,1,2
1487,-1,-1,outer,1,2,1,1
1488,-1,-1,outer,1,2,1,0
1489,-1,-1,outer,1,2,1,2
1490,-1,0,,0,1,0,2
1491,-1,-1,outer,1,2,1,1
1492,-1,-1,outer,1,2,1,0
1493,-1,-1,outer,1,2,1,2
1494,-1,-1,outer,1,2,1,1
1495,-1,0,,0,1,0,1
1496,-1,-1,outer,1,2,1,0
1497,-1,-1,outer,0,3,1,2
1498,-1,-1,middle,1,2,1,1
1499,-1,-1,outer,0,3,1,0
1500,-1,-1,outer,1,2,1,2
1501,-1,-1,middle,1,2,1,1
1502,-1,-1,outer,0,3,1,0
1503,-1,-1,outer,1,2,1,2
1504,-1,-1,outer,1,2,1,1
1505,-1,-1,outer,1,2,1,0
1506,-1,-1,outer,1,2,1,2
1507,-1,-1,outer,1,2,1,1
1508,-1,-1,outer,1,2,1,0
1509,-1,-1,middle,1,2,1,2
1510,-1,-1,outer,1,2,1,1
1511,-1,-1,outer,0,3,1,0
1512,-1,-1,outer,1,2,1,2
1513,-1,-1,outer,1,2,1,1
1514,-1,-1,outer,1,2,1,0
1515,-1,-1,outer,1,2,1,2
1516,-1,-1,outer,1,2,1,1
1517,-1,-1,outer,1,2,1,0
1518,-1,-1,outer,1,2,1,2
1519,-1,-1,middle,0,3,1,1
1520,-1,-1,outer,1,2,1,0
1521,-1,-1,middle,1,2,1,2
1522,-1,-1,outer,1,2,1,1
1523,-1,-1,outer,1,2,1,0
1524,-1,-1,outer,1,2,1,2
1525,-1,0,,0,1,0,2
1526,-1,-1,outer,0,3,1,1
1527,-1,-1,outer,1,2,1,0
1528,-1,0,,0,1,0,0
1529,-1,0,,0,1,0,0
1530,-1,0,,0,1,0,0
1531,-1,-1,middle,1,2,1,2
1532,-1,-1,outer,1,2,1,1
1533,-1,-1,outer,1,2,1,0
1534,-1,-1,outer,0,3,1,2
1535,-1,-1,outer,0,3,1,1
1536,-1,-1,outer,1,2,1,0
1537,-1,-1,outer,1,2,1,2
1538,-1,-1,middle,0,3,1,1
1539,-1,-1,outer,1,2,1,0
1540,-1,-1,outer,0,3,1,2
1541,-1,-1,middle,0,3,1,1
1542,-1,-1,outer,1,2,1,0
1543,-1,-1,outer,1,2,1,2
1544,-1,-1,outer,1,2,1,1
1545,-1,-1,middle,1,2,1,0
1546,-1,0,,0,1,0,0
1547,-1,-1,outer,0,3,1,2
1548,-1,-1,outer,1,2,1,1
1549,-1,0,,0,1,0,1
1550,-1,-1,middle,1,2,1,0
1551,-1,0,,0,1,0,0
1552,-1,-1,outer,0,3,1,2
1553,-1,-1,middle,1,2,1,1
1554,-1,-1,outer,1,2,1,0
1555,-1,-1,outer,0,3,1,2
1556,-1,-1,middle,1,2,-1,1
1557,-1,-1,middle,0,3,1,0
1558,-1,-1,outer,1,2,1,2
1559,-1,-1,middle,1,2,1,1
1560,-1,-1,middle,0,3,1,0
1561,-1,0,,0,1,0,0
1562,-1,-1,outer,1,2,1,2
1563,-1,-1,outer,1,2,1,1
1564,-1,-1,outer,1,2,1,0
1565,-1,-1,middle,1,2,-1,2
1566,-1,-1,middle,0,3,1,1
1567,-1,-1,outer,1,2,1,0
1568,-1,-1,outer,1,2,1,2
1569,-1,-1,outer,1,2,1,1
1570,-1,-1,outer,1,2,1,0
1571,-1,-1,outer,1,2,1,2
1572,-1,-1,middle,1,2,1,1
1573,-1,-1,outer,1,2,1,0
1574,-1,-1,middle,0,3,1,2
1575,-1,0,,0,1,0,2
1576,-1,-1,outer,0,3,1,1
1577,-1,-1,outer,1,2,1,0
1578,-1,-1,middle,1,2,1,2
1579,-1,0,,0,1,0,2
1580,-1,-1,outer,0,3,1,1
1581,-1,-1,outer,1,2,1,0
1582,-1,-1,outer,1,2,1,2
1583,-1,-1,middle,1,2,1,1
1584,-1,-1,outer,1,2,1,0
1585,-1,-1,outer,1,2,1,2
1586,-1,0,,0,1,0,2
1587,-1,-1,outer,1,2,1,1
1588,-1,0,,0,1,0,1
1589,-1,0,,0,1,0,1
1590,-1,-1,outer,0,3,1,0
1591,-1,-1,middle,1,2,1,2
1592,-1,0,,0,1,0,2
1593,-1,-1,outer,1,2,1,1
1594,-1,-1,outer,1,2,1,0
1595,-1,-1,outer,1,2,1,2
1596,-1,-1,middle,1,2,1,1
1597,-1,-1,outer,1,2,1,0
1598,-1,-1,outer,0,3,1,2
1599,-1,-1,outer,1,2,1,1
1600,-1,-1,outer,1,2,1,0
1601,-1,-1,outer,1,2,1,2
1602,-1,0,,0,1,0,2
1603,-1,-1,outer,1,2,1,1
1604,-1,-1,outer,1,2,1,0
1605,-1,-1,outer,1,2,1,2
1606,-1,-1,middle,1,2,1,1
1607,-1,-1,outer,1,2,1,0
1608,-1,-1,outer,0,3,1,2
1609,-1,-1,outer,1,2,1,1
1610,-1,-1,outer,0,3,1,0
1611,-1,-1,outer,1,2,1,2
1612,-1,0,,0,1,0,2
1613,-1,-1,outer,0,3,1,1
1614,-1,-1,outer,0,3,1,0
1615,-1,0,,0,1,0,0
1616,-1,-1,outer,1,2,1,2
1617,-1,-1,outer,1,2,1,1
1618,-1,-1,outer,1,2,1,0
1619,-1,-1,outer,0,3,1,2
1620,-1,-1,outer,1,2,1,1
1621,-1,-1,outer,1,2,1,0
1622,-1,-1,outer,0,3,1,2
1623,-1,0,,0,1,0,2
1624,-1,-1,outer,1,2,1,1
1625,-1,-1,outer,0,3,1,0
1626,-1,-1,middle,0,3,1,2
1627,-1,-1,middle,1,2,1,1
1628,-1,-1,outer,0,3,1,0
1629,-1,0,,0,1,0,0
1630,-1,-1,outer,0,3,1,2
1631,-1,0,,0,1,0,2
1632,-1,-1,middle,1,2,1,1
1633,-1,-1,outer,0,3,1,0
1634,-1,-1,outer,1,2,1,2
1635,-1,-1,outer,0,3,1,1
1636,-1,-1,middle,1,2,1,0
1637,-1,-1,outer,1,2,1,2
1638,-1,-1,middle,0,3,1,1
1639,-1,-1,outer,1,2,1,0
1640,-1,-1,outer,1,2,1,2
1641,-1,-1,outer,1,2,1,1
1642,-1,-1,middle,1,2,1,0
1643,-1,-1,outer,0,3,1,2
1644,-1,-1,outer,1,2,1,1
1645,-1,-1,outer,0,3,1,0
1646,-1,0,,0,1,0,0
1647,-1,-1,middle,0,3,1,2
1648,-1,-1,middle,1,2,1,1
1649,-1,-1,outer,1,2,1,0
1650,-1,-1,outer,1,2,1,2
1651,-1,-1,outer,0,3,1,1
1652,-1,-1,outer,1,2,1,0
1653,-1,0,,0,1,0,0
1654,-1,-1,outer,1,2,1,2
1655,-1,-1,outer,1,2,1,1
1656,-1,-1,outer,0,3,1,0
1657,-1,-1,outer,1,2,1,2
1658,-1,-1,outer,1,2,1,1
1659,-1,0,,0,1,0,1
1660,-1,-1,outer,1,2,1,0
1661,-1,0,,0,1,0,0
1662,-1,-1,outer,1,2,1,2
1663,-1,-1,outer,1,2,1,1
1664,-1,-1,outer,1,2,1,0
1665,-1,-1,middle,1,2,1,2
1666,-1,-1,outer,1,2,1,1
1667,-1,-1,outer,1,2,1,0
1668,-1,-1,outer,0,3,1,2
1669,-1,-1,outer,0,3,1,1
1670,-1,0,,0,1,0,1
1671,-1,0,,0,1,0,1
1672,-1,-1,middle,1,2,1,0
1673,-1,-1,outer,1,2,1,2
1674,-1,-1,outer,1,2,1,1
1675,-1,-1,outer,0,3,1,0
1676,-1,-1,outer,0,3,1,2
1677,-1,-1,outer,1,2,1,1
1678,-1,0,,0,1,0,1
1679,-1,-1,outer,1,2,1,0
1680,-1,-1,outer,1,2,1,2
1681,-1,-1,outer,0,3,1,1
1682,-1,-1,outer,1,2,1,0
1683,-1,-1,outer,0,3,1,2
1684,-1,-1,outer,1,2,1,1
1685,-1,-1,outer,0,3,1,0
1686,-1,-1,outer,1,2,1,2
1687,-1,0,,0,1,0,2
1688,-1,-1,outer,1,2,1,1
1689,-1,-1,outer,0,3,1,0
1690,-1,-1,outer,1,2,1,2
1691,-1,0,,0,1,0,2
1692,-1,-1,outer,1,2,1,1
1693,-1,-1,middle,1,2,1,0
1694,-1,-1,outer,1,2,1,2
1695,-1,-1,outer,0,3,1,1
1696,-1,-1,outer,0,3,1,0
1697,-1,-1,outer,1,2,1,2
1698,-1,-1,outer,1,2,1,1
1699,-1,0,,0,1,0,1
1700,-1,-1,outer,1,2,1,0
1701,-1,-1,outer,1,2,1,2
1702,-1,0,,0,1,0,2
1703,-1,-1,middle,1,2,1,1
1704,-1,-1,outer,1,2,1,0
1705,-1,-1,outer,1,2,1,2
1706,-1,-1,outer,1,2,1,1
1707,-1,-1,outer,1,2,1,0
1708,-1,-1,outer,1,2,1,2
1709,-1,-1,outer,1,2,1,1
1710,-1,-1,middle,0,3,1,0
1711,-1,-1,outer,1,2,1,2
1712,-1,-1,outer,1,2,1,1
1713,-1,-1,outer,0,3,1,0
1714,-1,-1,outer,1,2,1,2
1715,-1,-1,middle,1,2,1,1
1716,-1,-1,outer,1,2,1,0
1717,-1,-1,outer,1,2,1,2
1718,-1,-1,outer,1,2,1,1
1719,-1,0,,0,1,0,1
1720,-1,-1,outer,1,2,1,0
1721,-1,-1,middle,0,3,1,2
1722,-1,-1,outer,0,3,1,1
1723,-1,-1,outer,1,2,1,0
1724,-1,-1,outer,1,2,1,2
1725,-1,0,,0,1,0,2
1726,-1,-1,middle,1,2,1,1
1727,-1,-1,outer,0,3,1,0
1728,-1,-1,middle,1,2,1,2
1729,-1,-1,outer,1,2,1,1
1730,-1,-1,outer,1,2,1,0
1731,-1,-1,outer,1,2,1,2
1732,-1,-1,middle,0,3,1,1
1733,-1,-1,outer,1,2,1,0
1734,-1,-1,outer,1,2,1,2
1735,-1,-1,outer,1,2,1,1
1736,-1,-1,outer,1,2,1,0
1737,-1,-1,middle,1,2,1,2
1738,-1,-1,middle,1,2,1,1
1739,-1,-1,outer,1,2,1,0
1740,-1,-1,outer,0,3,1,2
1741,-1,-1,outer,0,3,1,1
1742,-1,-1,middle,1,2,1,0
1743,-1,-1,middle,0,3,1,2
1744,-1,-1,outer,1,2,1,1
1745,-1,-1,outer,1,2,1,0
1746,-1,-1,middle,1,2,1,2
1747,-1,-1,middle,1,2,-1,1
1748,-1,-1,outer,1,2,1,0
1749,-1,-1,outer,1,2,1,2
1750,-1,-1,outer,1,2,1,1
1751,-1,-1,outer,1,2,1,0
1752,-1,-1,outer,1,2,1,2
1753,-1,-1,outer,1,2,1,1
1754,-1,0,,0,1,0,1
1755,-1,-1,outer,1,2,1,0
1756,-1,-1,outer,1,2,1,2
1757,-1,-1,outer,1,2,1,1
1758,-1,-1,middle,1,2,1,0
1759,-1,0,,0,1,0,0
1760,-1,0,,0,1,0,0
1761,-1,-1,outer,1,2,1,2
1762,-1,-1,outer,0,3,1,1
1763,-1,-1,outer,1,2,1,0
1764,-1,-1,outer,1,2,1,2
1765,-1,0,,0,1,0,2
1766,-1,0,,0,1,0,2
1767,-1,-1,outer,1,2,1,1
1768,-1,0,,0,1,0,1
1769,-1,-1,middle,1,2,1,0
1770,-1,-1,middle,1,2,1,2
1771,-1,-1,middle,0,3,1,1
1772,-1,0,,0,1,0,1
1773,-1,-1,middle,1,2,1,0
1774,-1,-1,middle,1,2,1,2
1775,-1,-1,outer,1,2,1,1
1776,-1,-1,outer,1,2,1,0
1777,-1,-1,outer,0,3,1,2
1778,-1,0,,0,1,0,2
1779,-1,-1,outer,1,2,1,1
1780,-1,-1,middle,1,2,1,0
1781,-1,-1,outer,1,2,1,2
1782,-1,-1,middle,1,2,1,1
1783,-1,-1,outer,1,2,1,0
1784,-1,-1,outer,1,2,1,2
1785,-1,-1,outer,1,2,1,1
1786,-1,-1,outer,1,2,1,0
1787,-1,-1,outer,1,2,1,2
1788,-1,-1,outer,1,2,1,1
1789,-1,-1,outer,0,3,1,0
1790,-1,-1,outer,1,2,1,2
1791,-1,-1,middle,1,2,1,1
1792,-1,-1,outer,1,2,1,0
1793,-1,-1,outer,0,3,1,2
1794,-1,-1,outer,1,2,1,1
1795,-1,-1,outer,1,2,1,0
1796,-1,-1,outer,1,2,1,2
1797,-1,0,,0,1,0,2
1798,-1,-1,outer,1,2,1,1
1799,-1,-1,outer,1,2,1,0
1800,-1,-1,middle,1,2,1,2
1801,-1,-1,outer,0,3,1,1
1802,-1,-1,outer,0,3,1,0
1803,-1,-1,middle,1,2,1,2
1804,-1,0,,0,1,0,2
1805,-1,-1,outer,1,2,1,1
1806,-1,-1,middle,1,2,1,0
1807,-1,-1,outer,0,3,1,2
1808,-1,-1,middle,1,2,-1,1
1809,-1,-1,outer,0,3,1,0
1810,-1,-1,outer,1,2,1,2
1811,-1,-1,outer,1,2,1,1
1812,-1,-1,outer,1,2,1,0
1813,-1,-1,outer,0,3,1,2
1814,-1,-1,outer,1,2,1,1
1815,-1,0,,0,1,0,1
1816,-1,-1,outer,0,3,1,0
1817,-1,-1,outer,1,2,1,2
1818,-1,-1,middle,1,2,1,1
1819,-1,-1,outer,0,3,1,0
1820,-1,-1,middle,0,3,1,2
1821,-1,-1,outer,0,3,1,1
1822,-1,-1,outer,1,2,1,0
1823,-1,-1,outer,0,3,1,2
1824,-1,-1,outer,1,2,1,1
1825,-1,-1,outer,0,3,1,0
1826,-1,-1,outer,1,2,1,2
1827,-1,-1,outer,1,2,1,1
1828,-1,-1,outer,1,2,1,0
1829,-1,-1,middle,1,2,1,2
1830,-1,-1,outer,1,2,1,1
1831,-1,0,,0,1,0,1
1832,-1,-1,outer,0,3,1,0
1833,-1,-1,outer,1,2,1,2
1834,-1,-1,middle,1,2,1,1
1835,-1,-1,outer,1,2,1,0
1836,-1,-1,outer,1,2,1,2
1837,-1,-1,outer,1,2,1,1
1838,-1,-1,outer,0,3,1,0
1839,-1,-1,outer,1,2,1,2
1840,-1,-1,outer,1,2,1,1
1841,-1,-1,outer,1,2,1,0
1842,-1,0,,0,1,0,0
1843,-1,0,,0,1,0,0
1844,-1,-1,outer,1,2,1,2
1845,-1,0,,0,1,0,2
1846,-1,-1,middle,1,2,1,1
1847,-1,-1,outer,1,2,1,0
1848,-1,-1,outer,1,2,1,2
1849,-1,-1,outer,0,3,1,1
1850,-1,-1,outer,1,2,1,0
1851,-1,-1,outer,1,2,1,2
1852,-1,-1,outer,1,2,1,1
1853,-1,0,,0,1,0,1
1854,-1,-1,outer,1,2,1,0
1855,-1,0,,0,1,0,0
1856,-1,0,,0,1,0,0
1857,-1,-1,outer,1,2,1,2
1858,-1,-1,outer,1,2,1,1
1859,-1,-1,outer,1,2,1,0
1860,-1,0,,0,1,0,0
1861,-1,-1,outer,0,3,1,2
1862,-1,-1,outer,1,2,1,1
1863,-1,-1,outer,1,2,1,0
1864,-1,-1,outer,1,2,1,2
1865,-1,-1,outer,1,2,1,1
1866,-1,-1,outer,1,2,1,0
1867,-1,-1,outer,1,2,1,2
1868,-1,-1,outer,1,2,1,1
1869,-1,0,,0,1,0,1
1870,-1,0,,0,1,0,1
1871,-1,-1,outer,1,2,1,0
1872,-1,-1,outer,0,3,1,2
1873,-1,0,,0,1,0,2
1874,-1,-1,outer,1,2,1,1
1875,-1,-1,outer,1,2,1,0
1876,-1,-1,outer,1,2,1,2
1877,-1,-1,outer,1,2,1,1
1878,-1,-1,outer,1,2,1,0
1879,-1,-1,middle,0,3,1,2
1880,-1,-1,outer,1,2,1,1
1881,-1,-1,outer,1,2,1,0
1882,-1,-1,middle,1,2,1,2
1883,-1,-1,outer,1,2,1,1
1884,-1,-1,outer,1,2,1,0
1885,-1,-1,middle,1,2,1,2
1886,-1,-1,middle,0,3,1,1
1887,-1,-1,outer,0,3,1,0
1888,-1,-1,middle,1,2,1,2
1889,-1,-1,outer,1,2,1,1
1890,-1,-1,outer,1,2,1,0
1891,-1,-1,middle,0,3,1,2
1892,-1,-1,outer,1,2,1,1
1893,-1,-1,outer,1,2,1,0
1894,-1,-1,middle,1,2,1,2
1895,-1,-1,outer,0,3,1,1
1896,-1,-1,outer,1,2,1,0
1897,-1,-1,outer,1,2,1,2
1898,-1,-1,outer,0,3,1,1
1899,-1,-1,outer,1,2,1,0
1900,-1,-1,outer,1,2,1,2
1901,-1,0,,0,1,0,2
1902,-1,-1,middle,1,2,1,1
1903,-1,-1,outer,1,2,1,0
1904,-1,-1,outer,1,2,1,2
1905,-1,-1,outer,0,3,1,1
1906,-1,-1,outer,1,2,1,0
1907,-1,-1,middle,1,2,1,2
1908,-1,-1,middle,0,3,1,1
1909,-1,-1,outer,1,2,1,0
1910,-1,-1,middle,1,2,1,2
1911,-1,-1,outer,0,3,1,1
1912,-1,-1,outer,1,2,1,0
1913,-1,-1,outer,1,2,1,2
1914,-1,-1,outer,1,2,1,1
1915,-1,-1,outer,1,2,1,0
1916,-1,-1,outer,1,2,1,2
1917,-1,-1,outer,1,2,1,1
1918,-1,-1,outer,0,3,1,0
1919,-1,-1,outer,0,3,1,2
1920,-1,-1,middle,0,3,1,1
1921,-1,-1,outer,0,3,1,0
1922,-1,-1,outer,1,2,1,2
1923,-1,-1,outer,1,2,1,1
1924,-1,-1,outer,0,3,1,0
1925,-1,-1,outer,1,2,1,2
1926,-1,-1,outer,1,2,1,1
1927,-1,-1,outer,0,3,1,0
1928,-1,-1,middle,1,2,1,2
1929,-1,-1,outer,0,3,1,1
1930,-1,-1,middle,1,2,1,0
1931,-1,0,,0,1,0,0
1932,-1,-1,outer,1,2,1,2
1933,-1,-1,outer,1,2,1,1
1934,-1,-1,middle,1,2,1,0
1935,-1,-1,middle,1,2,1,2
1936,-1,-1,outer,1,2,1,1
1937,-1,-1,outer,0,3,1,0
1938,-1,-1,outer,0,3,1,2
1939,-1,-1,middle,0,3,1,1
1940,-1,-1,outer,1,2,1,0
1941,-1,-1,outer,1,2,1,2
1942,-1,-1,middle,1,2,1,1
1943,-1,-1,outer,1,2,1,0
1944,-1,-1,outer,1,2,1,2
1945,-1,0,,0,1,0,2
1946,-1,-1,outer,1,2,1,1
1947,-1,-1,outer,1,2,1,0
1948,-1,-1,outer,1,2,1,2
1949,-1,-1,outer,0,3,1,1
1950,-1,0,,0,1,0,1
1951,-1,-1,outer,1,2,1,0
1952,-1,-1,outer,1,2,1,2
1953,-1,-1,outer,0,3,1,1
1954,-1,-1,outer,0,3,1,0
1955,-1,-1,outer,1,2,1,2
1956,-1,-1,outer,1,2,1,1
1957,-1,-1,outer,0,3,1,0
1958,-1,0,,0,1,0,0
1959,-1,-1,outer,1,2,1,2
1960,-1,0,,0,1,0,2
1961,-1,-1,outer,1,2,1,1
1962,-1,0,,0,1,0,1
1963,-1,0,,0,1,0,1
1964,-1,-1,outer,0,3,1,0
1965,-1,-1,outer,1,2,1,2
1966,-1,-1,outer,1,2,1,1
1967,-1,0,,0,1,0,1
1968,-1,-1,outer,0,3,1,0
1969,-1,-1,outer,1,2,1,2
1970,-1,-1,outer,0,3,1,1
1971,-1,0,,0,1,0,1
1972,-1,-1,outer,1,2,1,0
1973,-1,-1,outer,1,2,1,2
1974,-1,-1,outer,1,2,1,1
1975,-1,-1,outer,1,2,1,0
1976,-1,-1,outer,1,2,1,2
1977,-1,-1,middle,1,2,1,1
1978,-1,-1,outer,1,2,1,0
1979,-1,-1,middle,0,3,1,2
1980,-1,-1,outer,1,2,1,1
1981,-1,-1,outer,1,2,1,0
1982,-1,-1,outer,0,3,1,2
1983,-1,-1,middle,1,2,1,1
1984,-1,-1,outer,0,3,1,0
1985,-1,0,,0,1,0,0
1986,-1,0,,0,1,0,0
1987,-1,-1,outer,1,2,1,2
1988,-1,-1,outer,0,3,1,1
1989,-1,-1,outer,1,2,1,0
1990,-1,-1,outer,1,2,1,2
1991,-1,-1,outer,0,3,1,1
1992,-1,-1,outer,1,2,1,0
1993,-1,-1,middle,1,2,1,2
1994,-1,0,,0,1,0,2
1995,-1,0,,0,1,0,2
1996,-1,-1,outer,1,2,1,1
1997,-1,-1,outer,1,2,1,0
1998,-1,-1,outer,1,2,1,2
1999,-1,-1,outer,0,3,1,1
2000,-1,-1,outer,1,2,1,0
2001,-1,-1,outer,0,3,1,2
2002,-1,-1,middle,1,2,1,1
2003,-1,-1,outer,0,3,1,0
2004,-1,0,,0,1,0,0
2005,-1,-1,outer,0,3,1,2
2006,-1,-1,outer,1,2,1,1
2007,-1,0,,0,1,0,1
2008,-1,0,,0,1,0,1
2009,-1,-1,outer,1,2,1,0
2010,-1,-1,outer,1,2,1,2
2011,-1,-1,middle,0,3,1,1
2012,-1,-1,outer,0,3,1,0
2013,-1,-1,outer,0,3,1,2
2014,-1,-1,outer,0,3,1,1
2015,-1,-1,outer,1,2,1,0
2016,-1,-1,outer,1,2,1,2
2017,-1,-1,outer,1,2,1,1
2018,-1,-1,outer,1,2,1,0
2019,-1,-1,outer,1,2,1,2
2020,-1,-1,outer,1,2,1,1
2021,-1,0,,0,1,0,1
2022,-1,0,,0,1,0,1
2023,-1,-1,outer,1,2,1,0
2024,-1,-1,outer,1,2,1,2
2025,-1,-1,outer,1,2,1,1
2026,-1,-1,outer,0,3,1,0
2027,-1,-1,middle,1,2,1,2
2028,-1,-1,outer,1,2,1,1
2029,-1,-1,outer,1,2,1,0
2030,-1,-1,middle,0,3,1,2
2031,-1,0,,0,1,0,2
2032,-1,-1,outer,1,2,1,1
2033,-1,-1,outer,1,2,1,0
2034,-1,0,,0,1,0,0
2035,-1,-1,outer,1,2,1,2
2036,-1,-1,middle,0,3,1,1
2037,-1,-1,outer,1,2,1,0
2038,-1,-1,outer,0,3,1,2
2039,-1,-1,middle,1,2,1,1
2040,-1,-1,outer,0,3,1,0
2041,-1,-1,outer,1,2,1,2
2042,-1,-1,outer,1,2,1,1
2043,-1,-1,outer,1,2,1,0
2044,-1,0,,0,1,0,0
2045,-1,-1,middle,1,2,1,2
2046,-1,-1,outer,1,2,1,1
2047,-1,-1,outer,1,2,1,0
0,-1/2,1,outer,0,3,1,1
1,-1/2,1,outer,0,3,1,2
2,-1/2,-1,middle,1,2,1,1
3,-1/2,-1,outer,1,2,1,0
4,-1/2,-1,outer,0,3,1,2
5,-1/2,-1,outer,0,3,1,1
6,-1/2,-1,outer,0,3,1,0
7,-1/2,-1,outer,0,3,1,2
8,-1/2,1,outer,1,2,1,0
9,-1/2,-1,outer,1,2,1,2
10,-1/2,-1,outer,1,2,1,1
11,-1/2,-1,outer,1,2,1,0
12,-1/2,0,,0,1,0,0
13,-1/2,-1,middle,1,2,1,2
14,-1/2,-1,outer,0,3,1,1
15,-1/2,-1,outer,0,3,1,0
16,-1/2,1,middle,1,2,1,1
17,-1/2,-1,outer,1,2,1,0
18,-1/2,0,,0,1,0,0
19,-1/2,1,middle,0,3,1,1
20,-1/2,-1,middle,1,2,1,0
21,-1/2,1,outer,1,2,1,1
22,-1/2,-1,outer,0,3,1,0
23,-1/2,-1,outer,0,3,1,2
24,-1/2,-1,middle,0,3,1,1
25,-1/2,-1,outer,0,3,1,0
26,-1/2,0,,0,1,0,0
27,-1/2,0,,0,1,0,0
28,-1/2,-1,middle,0,3,1,2
29,-1/2,1,outer,1,2,1,0
30,-1/2,-1,middle,1,2,1,2
31,-1/2,-1,middle,1,2,1,1
32,-1/2,-1,middle,1,2,-1,0
33,-1/2,-1,middle,1,2,1,2
34,-1/2,-1,middle,0,3,1,1
35,-1/2,-1,middle,1,2,1,0
36,-1/2,1,middle,1,2,1,1
37,-1/2,-1,middle,1,2,1,0
38,-1/2,-1,middle,1,2,-1,2
39,-1/2,-1,outer,0,3,1,1
40,-1/2,-1,outer,1,2,1,0
41,-1/2,-1,middle,0,3,1,2
42,-1/2,-1,outer,0,3,1,1
43,-1/2,-1,outer,1,2,1,0
44,-1/2,1,middle,0,3,1,1
45,-1/2,-1,outer,1,2,1,0
46,-1/2,-1,middle,1,2,-1,2
47,-1/2,1,middle,1,2,1,0
48,-1/2,0,,0,1,0,0
49,-1/2,-1,outer,0,3,1,2
50,-1/2,-1,middle,0,3,1,1
51,-1/2,-1,middle,1,2,1,0
52,-1/2,-1,outer,1,2,1,2
53,-1/2,-1,middle,1,2,1,1
54,-1/2,-1,middle,0,3,1,0
55,-1/2,-1,middle,1,2,1,2
56,-1/2,0,,0,1,0,2
57,-1/2,-1,outer,0,3,1,1
58,-1/2,-1,outer,0,3,1,0
59,-1/2,1,outer,0,3,1,1
60,-1/2,-1,middle,1,2,1,0
61,-1/2,-1,outer,0,3,1,2
62,-1/2,-1,outer,1,2,1,1
63,-1/2,1,middle,0,3,1,2
64,-1/2,-1,outer,1,2,1,1
65,-1/2,1,outer,0,3,1,2
66,-1/2,-1,middle,1,2,1,1
67,-1/2,1,middle,1,2,1,2
68,-1/2,0,,0,1,0,2
69,-1/2,-1,middle,1,2,-1,1
70,-1/2,0,,0,1,0,1
71,-1/2,-1,middle,0,3,1,0
72,-1/2,1,outer,1,2,1,1
73,-1/2,-1,outer,0,3,1,0
74,-1/2,-1,middle,1,2,1,2
75,-1/2,1,outer,0,3,1,0
76,-1/2,-1,outer,0,3,1,2
77,-1/2,-1,middle,0,3,1,1
78,-1/2,1,outer,1,2,1,2
79,-1/2,-1,outer,1,2,1,1
80,-1/2,-1,middle,1,2,1,0
81,-1/2,-1,outer,0,3,1,2
82,-1/2,1,middle,1,2,1,0
83,-1/2,-1,outer,0,3,1,2
84,-1/2,-1,outer,0,3,1,1
85,-1/2,-1,outer,0,3,1,0
86,-1/2,1,middle,1,2,1,1
87,-1/2,1,middle,1,2,1,2
88,-1/2,-1,middle,1,2,-1,1
89,-1/2,-1,middle,1,2,1,0
90,-1/2,0,,0,1,0,0
91,-1/2,1,outer,1,2,1,1
92,-1/2,-1,outer,0,3,1,0
93,-1/2,-1,outer,0,3,1,2
94,-1/2,-1,outer,1,2,1,1
95,-1/2,-1,middle,0,3,1,0
96,-1/2,-1,middle,0,3,1,2
97,-1/2,1,outer,0,3,1,0
98,-1/2,-1,outer,0,3,1,2
99,-1/2,-1,outer,1,2,1,1
100,-1/2,-1,middle,1,2,-1,0
101,-1/2,-1,outer,0,3,1,2
102,-1/2,-1,middle,0,3,1,1
103,-1/2,-1,outer,1,2,1,0
104,-1/2,-1,outer,0,3,1,2
105,-1/2,0,,0,1,0,2
106,-1/2,-1,middle,1,2,1,1
107,-1/2,0,,0,1,0,1
108,-1/2,1,middle,1,2,-1,2
109,-1/2,0,,0,1,0,2
110,-1/2,-1,outer,0,3,1,1
111,-1/2,-1,outer,0,3,1,0
112,-1/2,-1,outer,1,2,1,2
113,-1/2,0,,0,1,0,2
114,-1/2,0,,0,1,0,2
115,-1/2,1,middle,1,2,1,0
116,-1/2,-1,outer,0,3,1,2
117,-1/2,-1,middle,1,2,1,1
118,-1/2,-1,outer,1,2,1,0
119,-1/2,1,outer,0,3,1,1
120,-1/2,1,outer,0,3,1,2
121,-1/2,-1,outer,1,2,1,1
122,-1/2,0,,0,1,0,1
123,-1/2,-1,outer,0,3,1,0
124,-1/2,0,,0,1,0,0
125,-1/2,-1,middle,1,2,-1,2
126,-1/2,-1,outer,0,3,1,1
127,-1/2,-1,outer,0,3,1,0
128,-1/2,-1,outer,0,3,1,2
129,-1/2,1,outer,1,2,1,0
130,-1/2,-1,outer,1,2,1,2
131,-1/2,-1,outer,1,2,1,1
132,-1/2,0,,0,1,0,1
133,-1/2,1,outer,1,2,1,2
134,-1/2,-1,outer,0,3,1,1
135,-1/2,-1,outer,0,3,1,0
136,-1/2,0,,0,1,0,0
137,-1/2,0,,0,1,0,0
138,-1/2,-1,middle,0,3,1,2
139,-1/2,0,,0,1,0,2
140,-1/2,-1,middle,1,2,1,1
141,-1/2,-1,outer,0,3,1,0
142,-1/2,0,,0,1,0,0
143,-1/2,-1,outer,0,3,1,2
144,-1/2,1,outer,1,2,1,0
145,-1/2,0,,0,1,0,0
146,-1/2,-1,middle,0,3,1,2
147,-1/2,-1,middle,0,3,1,1
148,-1/2,-1,outer,0,3,1,0
149,-1/2,-1,outer,0,3,1,2
150,-1/2,-1,middle,1,2,-1,1
151,-1/2,0,,0,1,0,1
152,-1/2,1,outer,0,3,1,2
153,-1/2,-1,middle,1,2,1,1
154,-1/2,-1,middle,0,3,1,0
155,-1/2,-1,middle,1,2,1,2
156,-1/2,-1,middle,1,2,1,1
157,-1/2,-1,middle,1,2,1,0
158,-1/2,1,outer,0,3,1,1
159,-1/2,-1,outer,1,2,1,0
160,-1/2,-1,outer,1,2,1,2
161,-1/2,0,,0,1,0,2
162,-1/2,1,outer,1,2,1,0
163,-1/2,-1,middle,0,3,1,2
164,-1/2,-1,outer,0,3,1,1
165,-1/2,-1,outer,1,2,1,0
166,-1/2,0,,0,1,0,0
167,-1/2,0,,0,1,0,0
168,-1/2,1,middle,1,2,1,1
169,-1/2,1,outer,0,3,1,2
170,-1/2,-1,outer,1,2,1,1
171,-1/2,-1,outer,1,2,1,0
172,-1/2,-1,middle,0,3,1,2
173,-1/2,0,,0,1,0,2
174,-1/2,-1,middle,0,3,1,1
175,-1/2,0,,0,1,0,1
176,-1/2,-1,outer,1,2,1,0
177,-1/2,-1,middle,1,2,1,2
178,-1/2,0,,0,1,0,2
179,-1/2,1,outer,1,2,1,0
180,-1/2,-1,outer,0,3,1,2
181,-1/2,0,,0,1,0,2
182,-1/2,-1,middle,1,2,1,1
183,-1/2,-1,outer,0,3,1,0
184,-1/2,-1,outer,0,3,1,2
185,-1/2,0,,0,1,0,2
186,-1/2,1,outer,0,3,1,0
187,-1/2,-1,outer,1,2,1,2
188,-1/2,1,middle,1,2,1,0
189,-1/2,-1,middle,1,2,1,2
190,-1/2,-1,middle,1,2,1,1
191,-1/2,-1,middle,1,2,1,0
192,-1/2,1,middle,1,2,1,1
193,-1/2,-1,middle,0,3,1,0
194,-1/2,-1,outer,0,3,1,2
195,-1/2,-1,outer,0,3,1,1
196,-1/2,-1,middle,1,2,1,0
197,-1/2,1,middle,0,3,1,1
198,-1/2,-1,middle,0,3,1,0
199,-1/2,1,middle,0,3,1,1
200,-1/2,-1,outer,1,2,1,0
201,-1/2,0,,0,1,0,0
202,-1/2,0,,0,1,0,0
203,-1/2,-1,middle,1,2,1,2
204,-1/2,-1,outer,1,2,1,1
205,-1/2,-1,outer,1,2,1,0
206,-1/2,-1,outer,1,2,1,2
207,-1/2,-1,outer,0,3,1,1
208,-1/2,-1,middle,1,2,1,0
209,-1/2,-1,outer,1,2,1,2
210,-1/2,-1,middle,0,3,1,1
211,-1/2,1,outer,0,3,1,2
212,-1/2,-1,outer,0,3,1,1
213,-1/2,-1,outer,1,2,1,0
214,-1/2,-1,outer,0,3,1,2
215,-1/2,0,,0,1,0,2
216,-1/2,0,,0,1,0,2
217,-1/2,-1,outer,0,3,1,1
218,-1/2,-1,outer,0,3,1,0
219,-1/2,-1,outer,0,3,1,2
220,-1/2,-1,middle,1,2,-1,1
221,-1/2,-1,middle,1,2,1,0
222,-1/2,0,,0,1,0,0
223,-1/2,0,,0,1,0,0
224,-1/2,-1,middle,0,3,1,2
225,-1/2,-1,middle,1,2,1,1
226,-1/2,-1,outer,1,2,1,0
227,-1/2,-1,middle,0,3,1,2
228,-1/2,0,,0,1,0,2
229,-1/2,-1,outer,0,3,1,1
230,-1/2,-1,middle,0,3,1,0
231,-1/2,-1,middle,1,2,1,2
232,-1/2,-1,outer,1,2,1,1
233,-1/2,1,outer,0,3,1,2
234,-1/2,-1,middle,0,3,1,1
235,-1/2,1,middle,1,2,-1,2
236,-1/2,-1,middle,1,2,1,1
237,-1/2,-1,outer,1,2,1,0
238,-1/2,1,middle,0,3,1,1
239,-1/2,-1,outer,1,2,1,0
240,-1/2,-1,middle,1,2,1,2
241,-1/2,1,outer,0,3,1,0
242,-1/2,0,,0,1,0,0
243,-1/2,-1,middle,1,2,1,2
244,-1/2,1,outer,1,2,1,0
245,-1/2,-1,outer,0,3,1,2
246,-1/2,0,,0,1,0,2
247,-1/2,1,outer,0,3,1,0
248,-1/2,-1,middle,1,2,1,2
249,-1/2,-1,middle,0,3,1,1
250,-1/2,1,middle,1,2,1,2
251,-1/2,1,outer,1,2,1,0
252,-1/2,-1,middle,1,2,1,2
253,-1/2,-1,outer,0,3,1,1
254,-1/2,-1,middle,1,2,1,0
255,-1/2,-1,outer,1,2,1,2
256,-1/2,-1,middle,0,3,1,1
257,-1/2,-1,middle,0,3,1,0
258,-1/2,1,outer,0,3,1,1
259,-1/2,1,middle,1,2,1,2
260,-1/2,1,middle,0,3,1,0
261,-1/2,-1,middle,0,3,1,2
262,-1/2,-1,middle,0,3,1,1
263,-1/2,-1,middle,0,3,1,0
264,-1/2,-1,middle,1,2,-1,2
265,-1/2,-1,middle,0,3,1,1
266,-1/2,-1,middle,0,3,1,0
267,-1/2,-1,outer,0,3,1,2
268,-1/2,-1,outer,1,2,1,1
269,-1/2,0,,0,1,0,1
270,-1/2,0,,0,1,0,1
271,-1/2,-1,outer,1,2,1,0
272,-1/2,0,,0,1,0,0
273,-1/2,1,outer,1,2,1,1
274,-1/2,-1,outer,0,3,1,0
275,-1/2,-1,middle,0,3,1,2
276,-1/2,-1,middle,0,3,1,1
277,-1/2,-1,outer,1,2,1,0
278,-1/2,0,,0,1,0,0
279,-1/2,-1,outer,1,2,1,2
280,-1/2,1,outer,0,3,1,0
281,-1/2,-1,middle,1,2,1,2
282,-1/2,-1,outer,0,3,1,1
283,-1/2,-1,middle,1,2,1,0
284,-1/2,-1,outer,1,2,1,2
285,-1/2,1,outer,0,3,1,0
286,-1/2,-1,middle,1,2,1,2
287,-1/2,0,,0,1,0,2
288,-1/2,-1,middle,1,2,-1,1
289,-1/2,-1,outer,0,3,1,0
290,-1/2,0,,0,1,0,0
291,-1/2,-1,middle,1,2,1,2
292,-1/2,1,outer,1,2,1,0
293,-1/2,-1,outer,1,2,1,2
294,-1/2,0,,0,1,0,2
295,-1/2,1,outer,0,3,1,0
296,-1/2,-1,outer,1,2,1,2
297,-1/2,0,,0,1,0,2
298,-1/2,-1,outer,0,3,1,1
299,-1/2,1,outer,1,2,1,2
300,-1/2,-1,outer,1,2,1,1
301,-1/2,-1,middle,1,2,1,0
302,-1/2,1,middle,1,2,1,1
303,-1/2,-1,middle,1,2,-1,0
304,-1/2,-1,outer,0,3,1,2
305,-1/2,0,,0,1,0,2
306,-1/2,0,,0,1,0,2
307,-1/2,0,,0,1,0,2
308,-1/2,-1,middle,1,2,1,1
309,-1/2,-1,middle,1,2,1,0
310,-1/2,1,middle,0,3,1,1
311,-1/2,0,,0,1,0,1
312,-1/2,-1,middle,1,2,-1,0
313,-1/2,-1,outer,0,3,1,2
314,-1/2,-1,outer,1,2,1,1
315,-1/2,-1,middle,1,2,1,0
316,-1/2,0,,0,1,0,0
317,-1/2,-1,outer,1,2,1,2
318,-1/2,1,middle,1,2,-1,0
319,-1/2,1,middle,0,3,1,1
320,-1/2,-1,middle,1,2,1,0
321,-1/2,-1,outer,1,2,1,2
322,-1/2,-1,middle,0,3,1,1
323,-1/2,1,middle,1,2,1,2
324,-1/2,1,middle,1,2,1,0
325,-1/2,0,,0,1,0,0
326,-1/2,-1,middle,1,2,1,2
327,-1/2,1,middle,0,3,1,0
328,-1/2,1,outer,1,2,1,1
329,-1/2,1,outer,1,2,1,2
330,-1/2,-1,outer,1,2,1,1
331,-1/2,0,,0,1,0,1
332,-1/2,1,middle,1,2,-1,2
333,-1/2,0,,0,1,0,2
334,-1/2,1,middle,1,2,1,0
335,-1/2,-1,outer,1,2,1,2
336,-1/2,-1,middle,1,2,1,1
337,-1/2,-1,outer,1,2,1,0
338,-1/2,0,,0,1,0,0
339,-1/2,-1,middle,1,2,1,2
340,-1/2,-1,outer,0,3,1,1
341,-1/2,0,,0,1,0,1
342,-1/2,-1,middle,0,3,1,0
343,-1/2,-1,middle,1,2,-1,2
344,-1/2,-1,outer,0,3,1,1
345,-1/2,-1,outer,1,2,1,0
346,-1/2,0,,0,1,0,0
347,-1/2,-1,outer,0,3,1,2
348,-1/2,-1,middle,1,2,1,1
349,-1/2,-1,outer,1,2,1,0
350,-1/2,-1,middle,1,2,1,2
351,-1/2,-1,outer,1,2,1,1
352,-1/2,-1,outer,1,2,1,0
353,-1/2,1,middle,0,3,1,1
354,-1/2,-1,outer,0,3,1,0
355,-1/2,-1,middle,1,2,1,2
356,-1/2,-1,outer,1,2,1,1
357,-1/2,1,outer,1,2,1,2
358,-1/2,1,middle,0,3,1,0
359,-1/2,0,,0,1,0,0
360,-1/2,1,outer,1,2,1,1
361,-1/2,-1,outer,1,2,1,0
362,-1/2,0,,0,1,0,0
363,-1/2,-1,middle,0,3,1,2
364,-1/2,1,middle,0,3,1,0
365,-1/2,-1,middle,1,2,1,2
366,-1/2,-1,middle,1,2,1,1
367,-1/2,-1,outer,1,2,1,0
368,-1/2,0,,0,1,0,0
369,-1/2,-1,middle,0,3,1,2
370,-1/2,1,middle,0,3,1,0
371,-1/2,-1,middle,1,2,1,2
372,-1/2,0,,0,1,0,2
373,-1/2,-1,middle,0,3,1,1
374,-1/2,-1,outer,1,2,1,0
375,-1/2,-1,outer,0,3,1,2
376,-1/2,-1,middle,0,3,1,1
377,-1/2,0,,0,1,0,1
378,-1/2,-1,outer,0,3,1,0
379,-1/2,-1,middle,1,2,1,2
380,-1/2,-1,middle,1,2,1,1
381,-1/2,0,,0,1,0,1
382,-1/2,0,,0,1,0,1
383,-1/2,1,outer,1,2,1,2
384,-1/2,-1,outer,0,3,1,1
385,-1/2,-1,middle,0,3,1,0
386,-1/2,1,middle,1,2,1,1
387,-1/2,0,,0,1,0,1
388,-1/2,-1,outer,1,2,1,0
389,-1/2,0,,0,1,0,0
390,-1/2,-1,middle,1,2,-1,2
391,-1/2,-1,middle,0,3,1,1
392,-1/2,1,middle,1,2,-1,2
393,-1/2,-1,outer,0,3,1,1
394,-1/2,-1,outer,0,3,1,0
395,-1/2,1,outer,1,2,1,1
396,-1/2,-1,outer,0,3,1,0
397,-1/2,-1,outer,0,3,1,2
398,-1/2,-1,outer,1,2,1,1
399,-1/2,-1,outer,1,2,1,0
400,-1/2,-1,outer,0,3,1,2
401,-1/2,0,,0,1,0,2
402,-1/2,-1,middle,1,2,-1,1
403,-1/2,-1,middle,1,2,1,0
404,-1/2,-1,outer,0,3,1,2
405,-1/2,0,,0,1,0,2
406,-1/2,-1,outer,0,3,1,1
407,-1/2,-1,outer,1,2,1,0
408,-1/2,-1,middle,0,3,1,2
409,-1/2,1,outer,1,2,1,0
410,-1/2,0,,0,1,0,0
411,-1/2,-1,middle,1,2,-1,2
412,-1/2,-1,middle,1,2,-1,1
413,-1/2,-1,outer,0,3,1,0
414,-1/2,-1,middle,1,2,1,2
415,-1/2,-1,middle,1,2,1,1
416,-1/2,0,,0,1,0,1
417,-1/2,-1,outer,1,2,1,0
418,-1/2,0,,0,1,0,0
419,-1/2,1,outer,0,3,1,1
420,-1/2,0,,0,1,0,1
421,-1/2,-1,outer,1,2,1,0
422,-1/2,-1,outer,0,3,1,2
423,-1/2,0,,0,1,0,2
424,-1/2,-1,middle,0,3,1,1
425,-1/2,-1,outer,0,3,1,0
426,-1/2,1,middle,1,2,1,1
427,-1/2,0,,0,1,0,1
428,-1/2,1,middle,0,3,1,2
429,-1/2,-1,middle,1,2,-1,1
430,-1/2,-1,outer,1,2,1,0
431,-1/2,-1,outer,1,2,1,2
432,-1/2,0,,0,1,0,2
433,-1/2,0,,0,1,0,2
434,-1/2,0,,0,1,0,2
435,-1/2,0,,0,1,0,2
436,-1/2,-1,middle,0,3,1,1
437,-1/2,0,,0,1,0,1
438,-1/2,-1,outer,0,3,1,0
439,-1/2,0,,0,1,0,0
440,-1/2,-1,outer,1,2,1,2
441,-1/2,0,,0,1,0,2
442,-1/2,-1,middle,1,2,1,1
443,-1/2,1,middle,0,3,1,2
444,-1/2,-1,middle,1,2,1,1
445,-1/2,-1,outer,0,3,1,0
446,-1/2,1,outer,1,2,1,1
447,-1/2,-1,outer,0,3,1,0
448,-1/2,0,,0,1,0,0
449,-1/2,-1,outer,0,3,1,2
450,-1/2,1,outer,1,2,1,0
451,-1/2,-1,middle,1,2,-1,2
452,-1/2,1,middle,0,3,1,0
453,-1/2,1,outer,0,3,1,1
454,-1/2,-1,outer,0,3,1,0
455,-1/2,0,,0,1,0,0
456,-1/2,1,outer,1,2,1,1
457,-1/2,-1,outer,1,2,1,0
458,-1/2,-1,middle,1,2,1,2
459,-1/2,-1,outer,0,3,1,1
460,-1/2,1,middle,1,2,1,2
461,-1/2,-1,middle,0,3,1,1
462,-1/2,0,,0,1,0,1
463,-1/2,-1,outer,1,2,1,0
464,-1/2,-1,middle,0,3,1,2
465,-1/2,-1,middle,1,2,1,1
466,-1/2,0,,0,1,0,1
467,-1/2,-1,middle,1,2,-1,0
468,-1/2,-1,outer,0,3,1,2
469,-1/2,1,middle,0,3,1,0
470,-1/2,0,,0,1,0,0
471,-1/2,1,middle,0,3,1,1
472,-1/2,-1,outer,1,2,1,0
473,-1/2,0,,0,1,0,0
474,-1/2,0,,0,1,0,0
475,-1/2,0,,0,1,0,0
476,-1/2,-1,outer,1,2,1,2
477,-1/2,-1,outer,0,3,1,1
478,-1/2,-1,outer,0,3,1,0
479,-1/2,1,middle,0,3,1,1
480,-1/2,-1,middle,1,2,1,0
481,-1/2,1,middle,0,3,1,1
482,-1/2,-1,outer,1,2,1,0
483,-1/2,1,middle,0,3,1,1
484,-1/2,-1,middle,1,2,-1,0
485,-1/2,-1,outer,1,2,1,2
486,-1/2,-1,outer,1,2,1,1
487,-1/2,-1,outer,1,2,1,0
488,-1/2,1,middle,0,3,1,1
489,-1/2,-1,outer,1,2,1,0
490,-1/2,0,,0,1,0,0
491,-1/2,-1,middle,1,2,1,2
492,-1/2,-1,outer,1,2,1,1
493,-1/2,-1,middle,1,2,-1,0
494,-1/2,0,,0,1,0,0
495,-1/2,-1,middle,0,3,1,2
496,-1/2,-1,middle,0,3,1,1
497,-1/2,0,,0,1,0,1
498,-1/2,-1,outer,0,3,1,0
499,-1/2,1,middle,1,2,1,1
500,-1/2,-1,outer,1,2,1,0
501,-1/2,-1,middle,1,2,1,2
502,-1/2,-1,middle,0,3,1,1
503,-1/2,0,,0,1,0,1
504,-1/2,-1,middle,1,2,1,0
505,-1/2,1,middle,0,3,1,1
506,-1/2,-1,middle,0,3,1,0
507,-1/2,0,,0,1,0,0
508,-1/2,1,middle,0,3,1,1
509,-1/2,-1,outer,1,2,1,0
510,-1/2,0,,0,1,0,0
511,-1/2,-1,middle,1,2,-1,2
512,-1/2,0,,0,1,0,2
513,-1/2,1,middle,1,2,1,0
514,-1/2,0,,0,1,0,0
515,-1/2,1,outer,1,2,1,1
516,-1/2,0,,0,1,0,1
517,-1/2,0,,0,1,0,1
518,-1/2,-1,outer,0,3,1,0
519,-1/2,0,,0,1,0,0
520,-1/2,0,,0,1,0,0
521,-1/2,0,,0,1,0,0
522,-1/2,-1,middle,1,2,1,2
523,-1/2,1,outer,0,3,1,0
524,-1/2,-1,middle,0,3,1,2
525,-1/2,-1,outer,1,2,1,1
526,-1/2,1,middle,0,3,1,2
527,-1/2,0,,0,1,0,2
528,-1/2,1,middle,1,2,1,0
529,-1/2,-1,middle,0,3,1,2
530,-1/2,-1,outer,0,3,1,1
531,-1/2,-1,middle,1,2,1,0
532,-1/2,-1,outer,1,2,1,2
533,-1/2,-1,middle,1,2,1,1
534,-1/2,1,outer,1,2,1,2
535,-1/2,-1,outer,1,2,1,1
536,-1/2,-1,middle,0,3,1,0
537,-1/2,-1,outer,1,2,1,2
538,-1/2,-1,middle,1,2,1,1
539,-1/2,-1,outer,0,3,1,0
540,-1/2,-1,outer,0,3,1,2
541,-1/2,1,middle,1,2,1,0
542,-1/2,-1,middle,1,2,1,2
543,-1/2,-1,middle,0,3,1,1
544,-1/2,-1,middle,0,3,1,0
545,-1/2,-1,middle,0,3,1,2
546,-1/2,-1,middle,1,2,1,1
547,-1/2,-1,middle,0,3,1,0
548,-1/2,-1,middle,1,2,-1,2
549,-1/2,-1,middle,1,2,1,1
550,-1/2,0,,0,1,0,1
551,-1/2,-1,middle,0,3,1,0
552,-1/2,-1,outer,1,2,1,2
553,-1/2,-1,outer,0,3,1,1
554,-1/2,0,,0,1,0,1
555,-1/2,-1,outer,1,2,1,0
556,-1/2,-1,middle,0,3,1,2
557,-1/2,-1,middle,0,3,1,1
558,-1/2,1,middle,1,2,1,2
559,-1/2,-1,middle,1,2,1,1
560,-1/2,1,outer,0,3,1,2
561,-1/2,1,outer,0,3,1,0
562,-1/2,-1,middle,1,2,1,2
563,-1/2,1,middle,1,2,1,0
564,-1/2,1,middle,0,3,1,1
565,-1/2,0,,0,1,0,1
566,-1/2,-1,outer,0,3,1,0
567,-1/2,-1,middle,1,2,1,2
568,-1/2,-1,middle,1,2,1,1
569,-1/2,0,,0,1,0,1
570,-1/2,0,,0,1,0,1
571,-1/2,-1,middle,1,2,1,0
572,-1/2,-1,outer,1,2,1,2
573,-1/2,-1,outer,0,3,1,1
574,-1/2,0,,0,1,0,1
575,-1/2,-1,outer,1,2,1,0
576,-1/2,-1,middle,1,2,-1,2
577,-1/2,1,middle,1,2,1,0
578,-1/2,1,outer,1,2,1,1
579,-1/2,-1,outer,1,2,1,0
580,-1/2,-1,middle,0,3,1,2
581,-1/2,-1,middle,1,2,-1,1
582,-1/2,1,middle,0,3,1,2
583,-1/2,-1,outer,1,2,1,1
584,-1/2,1,middle,1,2,1,2
585,-1/2,-1,middle,0,3,1,1
586,-1/2,0,,0,1,0,1
587,-1/2,0,,0,1,0,1
588,-1/2,1,outer,0,3,1,2
589,-1/2,-1,outer,0,3,1,1
590,-1/2,-1,middle,1,2,1,0
591,-1/2,0,,0,1,0,0
592,-1/2,0,,0,1,0,0
593,-1/2,1,middle,1,2,-1,1
594,-1/2,-1,outer,0,3,1,0
595,-1/2,-1,outer,0,3,1,2
596,-1/2,-1,outer,0,3,1,1
597,-1/2,1,middle,1,2,1,2
598,-1/2,-1,middle,1,2,1,1
599,-1/2,-1,middle,0,3,1,0
600,-1/2,-1,outer,0,3,1,2
601,-1/2,0,,0,1,0,2
602,-1/2,-1,middle,0,3,1,1
603,-1/2,1,outer,0,3,1,2
604,-1/2,-1,middle,0,3,1,1
605,-1/2,-1,outer,0,3,1,0
606,-1/2,-1,outer,1,2,1,2
607,-1/2,0,,0,1,0,2
608,-1/2,-1,middle,0,3,1,1
609,-1/2,-1,outer,0,3,1,0
610,-1/2,0,,0,1,0,0
611,-1/2,0,,0,1,0,0
612,-1/2,0,,0,1,0,0
613,-1/2,-1,middle,1,2,1,2
614,-1/2,1,outer,0,3,1,0
615,-1/2,0,,0,1,0,0
616,-1/2,0,,0,1,0,0
617,-1/2,-1,outer,0,3,1,2
618,-1/2,0,,0,1,0,2
619,-1/2,-1,middle,0,3,1,1
620,-1/2,1,outer,1,2,1,2
621,-1/2,0,,0,1,0,2
622,-1/2,0,,0,1,0,2
623,-1/2,0,,0,1,0,2
624,-1/2,-1,middle,0,3,1,1
625,-1/2,-1,middle,1,2,-1,0
626,-1/2,-1,middle,1,2,1,2
627,-1/2,0,,0,1,0,2
628,-1/2,-1,outer,0,3,1,1
629,-1/2,0,,0,1,0,1
630,-1/2,1,outer,0,3,1,2
631,-1/2,-1,middle,0,3,1,1
632,-1/2,-1,outer,0,3,1,0
633,-1/2,-1,outer,1,2,1,2
634,-1/2,-1,outer,1,2,1,1
635,-1/2,-1,outer,1,2,1,0
636,-1/2,-1,middle,1,2,1,2
637,-1/2,-1,outer,1,2,1,1
638,-1/2,0,,0,1,0,1
639,-1/2,-1,outer,0,3,1,0
640,-1/2,1,middle,1,2,1,1
641,-1/2,1,outer,0,3,1,2
642,-1/2,1,outer,1,2,1,0
643,-1/2,1,outer,0,3,1,1
644,-1/2,-1,outer,0,3,1,0
645,-1/2,-1,middle,0,3,1,2
646,-1/2,1,middle,1,2,-1,0
647,-1/2,-1,outer,0,3,1,2
648,-1/2,0,,0,1,0,2
649,-1/2,-1,middle,0,3,1,1
650,-1/2,-1,outer,0,3,1,0
651,-1/2,-1,outer,0,3,1,2
652,-1/2,1,outer,1,2,1,0
653,-1/2,-1,outer,1,2,1,2
654,-1/2,1,outer,0,3,1,0
655,-1/2,-1,middle,1,2,-1,2
656,-1/2,1,outer,0,3,1,0
657,-1/2,0,,0,1,0,0
658,-1/2,-1,middle,1,2,1,2
659,-1/2,-1,middle,0,3,1,1
660,-1/2,0,,0,1,0,1
661,-1/2,-1,outer,1,2,1,0
662,-1/2,-1,middle,1,2,1,2
663,-1/2,-1,outer,1,2,1,1
664,-1/2,-1,middle,1,2,1,0
665,-1/2,-1,outer,1,2,1,2
666,-1/2,1,middle,0,3,1,0
667,-1/2,-1,outer,1,2,1,2
668,-1/2,-1,outer,1,2,1,1
669,-1/2,-1,outer,0,3,1,0
670,-1/2,0,,0,1,0,0
671,-1/2,-1,outer,0,3,1,2
672,-1/2,1,middle,1,2,1,0
673,-1/2,-1,middle,1,2,1,2
674,-1/2,-1,outer,1,2,1,1
675,-1/2,-1,middle,1,2,1,0
676,-1/2,0,,0,1,0,0
677,-1/2,-1,middle,1,2,1,2
678,-1/2,1,outer,0,3,1,0
679,-1/2,-1,middle,1,2,-1,2
680,-1/2,0,,0,1,0,2
681,-1/2,-1,outer,1,2,1,1
682,-1/2,1,outer,1,2,1,2
683,-1/2,0,,0,1,0,2
684,-1/2,0,,0,1,0,2
685,-1/2,0,,0,1,0,2
686,-1/2,1,middle,0,3,1,0
687,-1/2,-1,outer,1,2,1,2
688,-1/2,0,,0,1,0,2
689,-1/2,-1,middle,1,2,1,1
690,-1/2,-1,middle,0,3,1,0
691,-1/2,-1,middle,1,2,1,2
692,-1/2,-1,middle,1,2,-1,1
693,-1/2,-1,outer,1,2,1,0
694,-1/2,1,outer,1,2,1,1
695,-1/2,-1,outer,1,2,1,0
696,-1/2,1,outer,1,2,1,1
697,-1/2,1,middle,1,2,1,2
698,-1/2,-1,middle,1,2,1,1
699,-1/2,-1,middle,0,3,1,0
700,-1/2,-1,middle,1,2,1,2
701,-1/2,-1,outer,1,2,1,1
702,-1/2,1,outer,1,2,1,2
703,-1/2,-1,middle,1,2,1,1
704,-1/2,-1,outer,1,2,1,0
705,-1/2,1,outer,1,2,1,1
706,-1/2,-1,middle,0,3,1,0
707,-1/2,0,,0,1,0,0
708,-1/2,1,outer,0,3,1,1
709,-1/2,-1,outer,1,2,1,0
710,-1/2,-1,middle,0,3,1,2
711,-1/2,-1,middle,1,2,1,1
712,-1/2,0,,0,1,0,1
713,-1/2,-1,outer,0,3,1,0
714,-1/2,0,,0,1,0,0
715,-1/2,0,,0,1,0,0
716,-1/2,-1,middle,1,2,1,2
717,-1/2,-1,outer,0,3,1,1
718,-1/2,-1,outer,1,2,1,0
719,-1/2,0,,0,1,0,0
720,-1/2,-1,middle,1,2,1,2
721,-1/2,1,outer,0,3,1,0
722,-1/2,-1,middle,1,2,1,2
723,-1/2,1,outer,0,3,1,0
724,-1/2,-1,middle,1,2,1,2
725,-1/2,1,middle,0,3,1,0
726,-1/2,1,outer,1,2,1,1
727,-1/2,-1,middle,1,2,-1,0
728,-1/2,1,middle,1,2,1,1
729,-1/2,-1,outer,0,3,1,0
730,-1/2,1,outer,0,3,1,1
731,-1/2,-1,middle,1,2,-1,0
732,-1/2,-1,middle,1,2,1,2
733,-1/2,-1,middle,1,2,1,1
734,-1/2,0,,0,1,0,1
735,-1/2,1,outer,0,3,1,2
736,-1/2,0,,0,1,0,2
737,-1/2,-1,outer,0,3,1,1
738,-1/2,-1,outer,0,3,1,0
739,-1/2,-1,middle,1,2,1,2
740,-1/2,0,,0,1,0,2
741,-1/2,1,outer,1,2,1,0
742,-1/2,0,,0,1,0,0
743,-1/2,-1,outer,0,3,1,2
744,-1/2,-1,middle,0,3,1,1
745,-1/2,1,middle,1,2,1,2
746,-1/2,-1,middle,1,2,1,1
747,-1/2,0,,0,1,0,1
748,-1/2,0,,0,1,0,1
749,-1/2,0,,0,1,0,1
750,-1/2,-1,middle,1,2,-1,0
751,-1/2,-1,outer,0,3,1,2
752,-1/2,-1,middle,0,3,1,1
753,-1/2,1,outer,0,3,1,2
754,-1/2,-1,middle,1,2,-1,1
755,-1/2,-1,outer,1,2,1,0
756,-1/2,-1,middle,1,2,-1,2
757,-1/2,-1,middle,0,3,1,1
758,-1/2,-1,outer,0,3,1,0
759,-1/2,1,middle,1,2,1,1
760,-1/2,-1,middle,1,2,1,0
761,-1/2,-1,outer,1,2,1,2
762,-1/2,-1,middle,1,2,-1,1
763,-1/2,-1,middle,1,2,1,0
764,-1/2,-1,outer,0,3,1,2
765,-1/2,-1,outer,0,3,1,1
766,-1/2,-1,middle,0,3,1,0
767,-1/2,-1,middle,0,3,1,2
768,-1/2,-1,middle,1,2,-1,1
769,-1/2,-1,middle,0,3,1,0
770,-1/2,0,,0,1,0,0
771,-1/2,-1,outer,1,2,1,2
772,-1/2,0,,0,1,0,2
773,-1/2,-1,outer,0,3,1,1
774,-1/2,-1,outer,0,3,1,0
775,-1/2,0,,0,1,0,0
776,-1/2,0,,0,1,0,0
777,-1/2,-1,middle,1,2,1,2
778,-1/2,1,outer,0,3,1,0
779,-1/2,1,outer,1,2,1,1
780,-1/2,-1,middle,1,2,1,0
781,-1/2,-1,outer,0,3,1,2
782,-1/2,-1,middle,1,2,-1,1
783,-1/2,-1,outer,0,3,1,0
784,-1/2,0,,0,1,0,0
785,-1/2,1,middle,1,2,1,1
786,-1/2,0,,0,1,0,1
787,-1/2,-1,outer,1,2,1,0
788,-1/2,-1,outer,0,3,1,2
789,-1/2,-1,outer,1,2,1,1
790,-1/2,0,,0,1,0,1
791,-1/2,1,middle,0,3,1,2
792,-1/2,0,,0,1,0,2
793,-1/2,-1,outer,1,2,1,1
794,-1/2,0,,0,1,0,1
795,-1/2,-1,outer,1,2,1,0
796,-1/2,1,outer,1,2,1,1
797,-1/2,-1,outer,1,2,1,0
798,-1/2,1,middle,0,3,1,1
799,-1/2,0,,0,1,0,1
800,-1/2,1,outer,0,3,1,2
801,-1/2,0,,0,1,0,2
802,-1/2,-1,middle,1,2,1,1
803,-1/2,0,,0,1,0,1
804,-1/2,-1,middle,1,2,1,0
805,-1/2,-1,outer,0,3,1,2
806,-1/2,-1,outer,0,3,1,1
807,-1/2,-1,outer,0,3,1,0
808,-1/2,-1,outer,0,3,1,2
809,-1/2,-1,middle,1,2,1,1
810,-1/2,-1,middle,0,3,1,0
811,-1/2,-1,middle,1,2,1,2
812,-1/2,0,,0,1,0,2
813,-1/2,-1,outer,0,3,1,1
814,-1/2,1,middle,0,3,1,2
815,-1/2,0,,0,1,0,2
816,-1/2,-1,outer,0,3,1,1
817,-1/2,-1,middle,0,3,1,0
818,-1/2,-1,outer,1,2,1,2
819,-1/2,-1,middle,1,2,-1,1
820,-1/2,-1,outer,0,3,1,0
821,-1/2,0,,0,1,0,0
822,-1/2,-1,middle,1,2,1,2
823,-1/2,-1,outer,1,2,1,1
824,-1/2,-1,outer,0,3,1,0
825,-1/2,-1,middle,1,2,-1,2
826,-1/2,1,middle,1,2,1,0
827,-1/2,0,,0,1,0,0
828,-1/2,-1,middle,0,3,1,2
829,-1/2,1,middle,1,2,1,0
830,-1/2,-1,outer,1,2,1,2
831,-1/2,-1,outer,1,2,1,1
832,-1/2,-1,outer,0,3,1,0
833,-1/2,-1,outer,0,3,1,2
834,-1/2,-1,middle,1,2,1,1
835,-1/2,-1,outer,1,2,1,0
836,-1/2,1,outer,1,2,1,1
837,-1/2,-1,middle,1,2,1,0
838,-1/2,-1,outer,0,3,1,2
839,-1/2,0,,0,1,0,2
840,-1/2,-1,outer,0,3,1,1
841,-1/2,-1,outer,1,2,1,0
842,-1/2,-1,middle,1,2,1,2
843,-1/2,-1,outer,1,2,1,1
844,-1/2,1,middle,0,3,1,2
845,-1/2,0,,0,1,0,2
846,-1/2,0,,0,1,0,2
847,-1/2,-1,middle,1,2,1,1
848,-1/2,1,outer,0,3,1,2
849,-1/2,-1,outer,0,3,1,1
850,-1/2,-1,middle,1,2,1,0
851,-1/2,1,middle,0,3,1,1
852,-1/2,-1,outer,0,3,1,0
853,-1/2,0,,0,1,0,0
854,-1/2,-1,outer,1,2,1,2
855,-1/2,0,,0,1,0,2
856,-1/2,1,outer,0,3,1,0
857,-1/2,1,middle,0,3,1,1
858,-1/2,-1,outer,0,3,1,0
859,-1/2,1,middle,1,2,1,1
860,-1/2,-1,outer,0,3,1,0
861,-1/2,1,outer,0,3,1,1
862,-1/2,-1,middle,0,3,1,0
863,-1/2,-1,outer,0,3,1,2
864,-1/2,-1,middle,0,3,1,1
865,-1/2,-1,outer,0,3,1,0
866,-1/2,-1,outer,1,2,1,2
867,-1/2,1,outer,0,3,1,0
868,-1/2,1,middle,1,2,1,1
869,-1/2,-1,middle,1,2,1,0
870,-1/2,1,outer,0,3,1,1
871,-1/2,0,,0,1,0,1
872,-1/2,0,,0,1,0,1
873,-1/2,0,,0,1,0,1
874,-1/2,0,,0,1,0,1
875,-1/2,-1,middle,0,3,1,0
876,-1/2,-1,middle,0,3,1,2
877,-1/2,-1,middle,1,2,-1,1
878,-1/2,0,,0,1,0,1
879,-1/2,-1,outer,1,2,1,0
880,-1/2,-1,outer,1,2,1,2
881,-1/2,1,outer,0,3,1,0
882,-1/2,-1,outer,0,3,1,2
883,-1/2,-1,middle,1,2,1,1
884,-1/2,-1,outer,1,2,1,0
885,-1/2,0,,0,1,0,0
886,-1/2,1,middle,1,2,1,1
887,-1/2,-1,middle,0,3,1,0
888,-1/2,-1,outer,1,2,1,2
889,-1/2,-1,middle,1,2,1,1
890,-1/2,-1,outer,1,2,1,0
891,-1/2,-1,outer,1,2,1,2
892,-1/2,1,outer,0,3,1,0
893,-1/2,0,,0,1,0,0
894,-1/2,-1,middle,1,2,-1,2
895,-1/2,1,middle,1,2,1,0
896,-1/2,-1,middle,1,2,-1,2
897,-1/2,0,,0,1,0,2
898,-1/2,-1,outer,1,2,1,1
899,-1/2,1,middle,0,3,1,2
900,-1/2,1,outer,0,3,1,0
901,-1/2,1,outer,0,3,1,1
902,-1/2,-1,middle,1,2,1,0
903,-1/2,1,outer,1,2,1,1
904,-1/2,-1,outer,1,2,1,0
905,-1/2,1,middle,1,2,1,1
906,-1/2,-1,middle,0,3,1,0
907,-1/2,-1,middle,0,3,1,2
908,-1/2,1,outer,0,3,1,0
909,-1/2,1,middle,0,3,1,1
910,-1/2,1,outer,1,2,1,2
911,-1/2,-1,middle,0,3,1,1
912,-1/2,-1,outer,1,2,1,0
913,-1/2,1,middle,0,3,1,1
914,-1/2,0,,0,1,0,1
915,-1/2,1,outer,1,2,1,2
916,-1/2,-1,outer,0,3,1,1
917,-1/2,-1,outer,0,3,1,0
918,-1/2,0,,0,1,0,0
919,-1/2,0,,0,1,0,0
920,-1/2,1,outer,1,2,1,1
921,-1/2,-1,outer,0,3,1,0
922,-1/2,-1,outer,0,3,1,2
923,-1/2,-1,outer,0,3,1,1
924,-1/2,-1,outer,0,3,1,0
925,-1/2,-1,outer,1,2,1,2
926,-1/2,-1,middle,0,3,1,1
927,-1/2,0,,0,1,0,1
928,-1/2,1,middle,1,2,1,2
929,-1/2,0,,0,1,0,2
930,-1/2,1,outer,0,3,1,0
931,-1/2,-1,outer,1,2,1,2
932,-1/2,1,outer,1,2,1,0
933,-1/2,-1,middle,1,2,1,2
934,-1/2,-1,outer,0,3,1,1
935,-1/2,-1,middle,0,3,1,0
936,-1/2,1,outer,1,2,1,1
937,-1/2,-1,middle,0,3,1,0
938,-1/2,-1,outer,0,3,1,2
939,-1/2,-1,outer,0,3,1,1
940,-1/2,0,,0,1,0,1
941,-1/2,-1,outer,0,3,1,0
942,-1/2,1,outer,1,2,1,1
943,-1/2,-1,middle,0,3,1,0
944,-1/2,1,outer,0,3,1,1
945,-1/2,1,middle,1,2,-1,2
946,-1/2,0,,0,1,0,2
947,-1/2,1,middle,1,2,1,0
948,-1/2,-1,middle,1,2,1,2
949,-1/2,-1,middle,0,3,1,1
950,-1/2,-1,outer,1,2,1,0
951,-1/2,-1,outer,1,2,1,2
952,-1/2,-1,middle,1,2,1,1
953,-1/2,0,,0,1,0,1
954,-1/2,-1,middle,0,3,1,0
955,-1/2,-1,outer,0,3,1,2
956,-1/2,-1,outer,0,3,1,1
957,-1/2,-1,middle,1,2,-1,0
958,-1/2,-1,outer,0,3,1,2
959,-1/2,-1,outer,1,2,1,1
960,-1/2,1,outer,1,2,1,2
961,-1/2,1,outer,1,2,1,0
962,-1/2,0,,0,1,0,0
963,-1/2,-1,outer,1,2,1,2
964,-1/2,-1,outer,0,3,1,1
965,-1/2,0,,0,1,0,1
966,-1/2,-1,outer,0,3,1,0
967,-1/2,-1,outer,0,3,1,2
968,-1/2,-1,middle,0,3,1,1
969,-1/2,-1,outer,1,2,1,0
970,-1/2,-1,middle,0,3,1,2
971,-1/2,-1,outer,1,2,1,1
972,-1/2,0,,0,1,0,1
973,-1/2,-1,middle,1,2,1,0
974,-1/2,1,outer,0,3,1,1
975,-1/2,1,outer,1,2,1,2
976,-1/2,0,,0,1,0,2
977,-1/2,-1,outer,0,3,1,1
978,-1/2,-1,outer,1,2,1,0
979,-1/2,-1,outer,0,3,1,2
980,-1/2,-1,outer,1,2,1,1
981,-1/2,-1,outer,1,2,1,0
982,-1/2,-1,middle,1,2,1,2
983,-1/2,-1,middle,0,3,1,1
984,-1/2,0,,0,1,0,1
985,-1/2,-1,middle,1,2,-1,0
986,-1/2,1,middle,0,3,1,1
987,-1/2,-1,middle,0,3,1,0
988,-1/2,-1,outer,0,3,1,2
989,-1/2,0,,0,1,0,2
990,-1/2,-1,outer,1,2,1,1
991,-1/2,-1,outer,0,3,1,0
992,-1/2,-1,middle,1,2,1,2
993,-1/2,1,outer,0,3,1,0
994,-1/2,-1,outer,1,2,1,2
995,-1/2,-1,outer,0,3,1,1
996,-1/2,-1,outer,0,3,1,0
997,-1/2,-1,middle,0,3,1,2
998,-1/2,0,,0,1,0,2
999,-1/2,-1,outer,1,2,1,1
1000,-1/2,-1,outer,1,2,1,0
1001,-1/2,-1,outer,1,2,1,2
1002,-1/2,-1,middle,1,2,1,1
1003,-1/2,-1,outer,1,2,1,0
1004,-1/2,0,,0,1,0,0
1005,-1/2,-1,middle,1,2,1,2
1006,-1/2,1,outer,1,2,1,0
1007,-1/2,-1,outer,0,3,1,2
1008,-1/2,1,outer,0,3,1,0
1009,-1/2,-1,outer,0,3,1,2
1010,-1/2,-1,outer,0,3,1,1
1011,-1/2,1,outer,0,3,1,2
1012,-1/2,-1,middle,0,3,1,1
1013,-1/2,-1,middle,0,3,1,0
1014,-1/2,0,,0,1,0,0
1015,-1/2,0,,0,1,0,0
1016,-1/2,-1,middle,0,3,1,2
1017,-1/2,-1,middle,0,3,1,1
1018,-1/2,-1,middle,0,3,1,0
1019,-1/2,-1,outer,0,3,1,2
1020,-1/2,-1,middle,1,2,-1,1
1021,-1/2,-1,middle,1,2,1,0
1022,-1/2,0,,0,1,0,0
1023,-1/2,-1,outer,0,3,1,2
1024,-1/2,-1,outer,1,2,1,1
1025,-1/2,-1,middle,1,2,1,0
1026,-1/2,-1,outer,1,2,1,2
1027,-1/2,1,outer,0,3,1,0
1028,-1/2,-1,middle,0,3,1,2
1029,-1/2,-1,outer,0,3,1,1
1030,-1/2,0,,0,1,0,1
1031,-1/2,0,,0,1,0,1
1032,-1/2,0,,0,1,0,1
1033,-1/2,-1,middle,1,2,1,0
1034,-1/2,0,,0,1,0,0
1035,-1/2,-1,outer,0,3,1,2
1036,-1/2,1,outer,1,2,1,0
1037,-1/2,-1,middle,0,3,1,2
1038,-1/2,-1,middle,1,2,1,1
1039,-1/2,1,middle,1,2,1,2
1040,-1/2,-1,outer,0,3,1,1
1041,-1/2,1,outer,0,3,1,2
1042,-1/2,1,outer,0,3,1,0
1043,-1/2,-1,outer,0,3,1,2
1044,-1/2,-1,middle,1,2,1,1
1045,-1/2,-1,middle,1,2,1,0
1046,-1/2,-1,middle,1,2,-1,2
1047,-1/2,-1,middle,1,2,1,1
1048,-1/2,0,,0,1,0,1
1049,-1/2,0,,0,1,0,1
1050,-1/2,-1,outer,0,3,1,0
1051,-1/2,-1,outer,1,2,1,2
1052,-1/2,-1,outer,0,3,1,1
1053,-1/2,-1,middle,1,2,-1,0
1054,-1/2,-1,middle,1,2,1,2
1055,-1/2,-1,middle,1,2,1,1
1056,-1/2,-1,outer,0,3,1,0
1057,-1/2,1,outer,1,2,1,1
1058,-1/2,-1,outer,1,2,1,0
1059,-1/2,-1,middle,1,2,1,2
1060,-1/2,1,outer,1,2,1,0
1061,-1/2,0,,0,1,0,0
1062,-1/2,-1,outer,1,2,1,2
1063,-1/2,1,middle,1,2,1,0
1064,-1/2,-1,outer,0,3,1,2
1065,-1/2,0,,0,1,0,2
1066,-1/2,1,outer,0,3,1,0
1067,-1/2,-1,outer,1,2,1,2
1068,-1/2,0,,0,1,0,2
1069,-1/2,-1,outer,0,3,1,1
1070,-1/2,-1,outer,1,2,1,0
1071,-1/2,-1,outer,0,3,1,2
1072,-1/2,-1,middle,1,2,-1,1
1073,-1/2,-1,outer,1,2,1,0
1074,-1/2,-1,outer,0,3,1,2
1075,-1/2,-1,outer,0,3,1,1
1076,-1/2,-1,outer,0,3,1,0
1077,-1/2,-1,outer,1,2,1,2
1078,-1/2,1,outer,0,3,1,0
1079,-1/2,-1,middle,0,3,1,2
1080,-1/2,0,,0,1,0,2
1081,-1/2,-1,outer,0,3,1,1
1082,-1/2,-1,middle,0,3,1,0
1083,-1/2,-1,middle,0,3,1,2
1084,-1/2,-1,outer,1,2,1,1
1085,-1/2,1,middle,0,3,1,2
1086,-1/2,-1,middle,0,3,1,1
1087,-1/2,0,,0,1,0,1
1088,-1/2,1,middle,1,2,1,2
1089,-1/2,1,middle,1,2,1,0
1090,-1/2,1,middle,0,3,1,1
1091,-1/2,1,outer,0,3,1,2
1092,-1/2,0,,0,1,0,2
1093,-1/2,0,,0,1,0,2
1094,-1/2,-1,middle,1,2,-1,1
1095,-1/2,0,,0,1,0,1
1096,-1/2,1,outer,0,3,1,2
1097,-1/2,0,,0,1,0,2
1098,-1/2,-1,middle,0,3,1,1
1099,-1/2,-1,outer,0,3,1,0
1100,-1/2,-1,outer,1,2,1,2
1101,-1/2,1,middle,1,2,1,0
1102,-1/2,-1,outer,0,3,1,2
1103,-1/2,0,,0,1,0,2
1104,-1/2,-1,middle,1,2,1,1
1105,-1/2,-1,outer,0,3,1,0
1106,-1/2,-1,middle,0,3,1,2
1107,-1/2,-1,middle,0,3,1,1
1108,-1/2,-1,middle,1,2,-1,0
1109,-1/2,-1,middle,1,2,1,2
1110,-1/2,1,outer,1,2,1,0
1111,-1/2,-1,middle,0,3,1,2
1112,-1/2,-1,outer,0,3,1,1
1113,-1/2,-1,middle,1,2,-1,0
1114,-1/2,-1,outer,1,2,1,2
1115,-1/2,0,,0,1,0,2
1116,-1/2,1,outer,1,2,1,0
1117,-1/2,0,,0,1,0,0
1118,-1/2,-1,outer,1,2,1,2
1119,-1/2,-1,outer,1,2,1,1
1120,-1/2,0,,0,1,0,1
1121,-1/2,-1,outer,0,3,1,0
1122,-1/2,-1,middle,1,2,1,2
1123,-1/2,-1,outer,1,2,1,1
1124,-1/2,0,,0,1,0,1
1125,-1/2,-1,outer,1,2,1,0
1126,-1/2,-1,outer,1,2,1,2
1127,-1/2,-1,outer,0,3,1,1
1128,-1/2,-1,outer,1,2,1,0
1129,-1/2,-1,outer,1,2,1,2
1130,-1/2,1,outer,0,3,1,0
1131,-1/2,-1,outer,0,3,1,2
1132,-1/2,-1,outer,0,3,1,1
1133,-1/2,-1,outer,0,3,1,0
1134,-1/2,0,,0,1,0,0
1135,-1/2,-1,outer,1,2,1,2
1136,-1/2,-1,outer,1,2,1,1
1137,-1/2,-1,middle,1,2,-1,0
1138,-1/2,-1,middle,1,2,1,2
1139,-1/2,1,outer,1,2,1,0
1140,-1/2,1,middle,0,3,1,1
1141,-1/2,-1,middle,1,2,1,0
1142,-1/2,0,,0,1,0,0
1143,-1/2,-1,outer,0,3,1,2
1144,-1/2,1,outer,0,3,1,0
1145,-1/2,1,outer,0,3,1,1
1146,-1/2,0,,0,1,0,1
1147,-1/2,-1,outer,0,3,1,0
1148,-1/2,-1,outer,0,3,1,2
1149,-1/2,-1,middle,1,2,1,1
1150,-1/2,-1,middle,1,2,1,0
1151,-1/2,1,middle,1,2,-1,1
1152,-1/2,-1,outer,0,3,1,0
1153,-1/2,-1,outer,0,3,1,2
1154,-1/2,-1,middle,1,2,-1,1
1155,-1/2,-1,outer,0,3,1,0
1156,-1/2,-1,outer,0,3,1,2
1157,-1/2,-1,outer,0,3,1,1
1158,-1/2,1,outer,0,3,1,2
1159,-1/2,1,outer,0,3,1,0
1160,-1/2,-1,middle,1,2,-1,2
1161,-1/2,0,,0,1,0,2
1162,-1/2,-1,middle,1,2,1,1
1163,-1/2,1,middle,0,3,1,2
1164,-1/2,1,middle,0,3,1,0
1165,-1/2,-1,outer,0,3,1,2
1166,-1/2,0,,0,1,0,2
1167,-1/2,-1,middle,1,2,-1,1
1168,-1/2,-1,middle,0,3,1,0
1169,-1/2,-1,outer,1,2,1,2
1170,-1/2,-1,outer,0,3,1,1
1171,-1/2,-1,outer,0,3,1,0
1172,-1/2,0,,0,1,0,0
1173,-1/2,0,,0,1,0,0
1174,-1/2,0,,0,1,0,0
1175,-1/2,-1,outer,0,3,1,2
1176,-1/2,1,middle,1,2,1,0
1177,-1/2,1,middle,1,2,1,1
1178,-1/2,1,middle,0,3,1,2
1179,-1/2,-1,outer,0,3,1,1
1180,-1/2,0,,0,1,0,1
1181,-1/2,-1,middle,1,2,-1,0
1182,-1/2,-1,outer,0,3,1,2
1183,-1/2,-1,outer,1,2,1,1
1184,-1/2,0,,0,1,0,1
1185,-1/2,-1,middle,1,2,-1,0
1186,-1/2,0,,0,1,0,0
1187,-1/2,0,,0,1,0,0
1188,-1/2,-1,middle,1,2,1,2
1189,-1/2,-1,middle,1,2,1,1
1190,-1/2,-1,middle,0,3,1,0
1191,-1/2,-1,outer,1,2,1,2
1192,-1/2,-1,middle,0,3,1,1
1193,-1/2,0,,0,1,0,1
1194,-1/2,-1,middle,1,2,1,0
1195,-1/2,-1,middle,1,2,-1,2
1196,-1/2,0,,0,1,0,2
1197,-1/2,-1,outer,1,2,1,1
1198,-1/2,1,outer,1,2,1,2
1199,-1/2,-1,outer,0,3,1,1
1200,-1/2,-1,middle,1,2,1,0
1201,-1/2,-1,middle,1,2,1,2
1202,-1/2,1,outer,1,2,1,0
1203,-1/2,-1,outer,1,2,1,2
1204,-1/2,-1,outer,0,3,1,1
1205,-1/2,1,middle,1,2,1,2
1206,-1/2,-1,outer,1,2,1,1
1207,-1/2,-1,outer,0,3,1,0
1208,-1/2,-1,middle,1,2,1,2
1209,-1/2,1,outer,1,2,1,0
1210,-1/2,1,outer,1,2,1,1
1211,-1/2,-1,outer,1,2,1,0
1212,-1/2,-1,middle,0,3,1,2
1213,-1/2,-1,outer,0,3,1,1
1214,-1/2,0,,0,1,0,1
1215,-1/2,-1,outer,0,3,1,0
1216,-1/2,0,,0,1,0,0
1217,-1/2,-1,outer,1,2,1,2
1218,-1/2,1,outer,1,2,1,0
1219,-1/2,-1,outer,0,3,1,2
1220,-1/2,-1,outer,0,3,1,1
1221,-1/2,-1,outer,1,2,1,0
1222,-1/2,-1,outer,1,2,1,2
1223,-1/2,0,,0,1,0,2
1224,-1/2,0,,0,1,0,2
1225,-1/2,-1,outer,0,3,1,1
1226,-1/2,-1,middle,1,2,1,0
1227,-1/2,-1,middle,1,2,-1,2
1228,-1/2,-1,middle,1,2,1,1
1229,-1/2,0,,0,1,0,1
1230,-1/2,-1,outer,1,2,1,0
1231,-1/2,-1,middle,1,2,1,2
1232,-1/2,1,middle,1,2,-1,0
1233,-1/2,1,outer,1,2,1,1
1234,-1/2,-1,outer,1,2,1,0
1235,-1/2,1,middle,1,2,1,1
1236,-1/2,-1,outer,1,2,1,0
1237,-1/2,-1,outer,1,2,1,2
1238,-1/2,0,,0,1,0,2
1239,-1/2,-1,middle,1,2,1,1
1240,-1/2,-1,middle,1,2,1,0
1241,-1/2,-1,middle,1,2,1,2
1242,-1/2,0,,0,1,0,2
1243,-1/2,1,outer,0,3,1,0
1244,-1/2,1,middle,1,2,1,1
1245,-1/2,-1,outer,1,2,1,0
1246,-1/2,1,middle,0,3,1,1
1247,-1/2,1,outer,0,3,1,2
1248,-1/2,1,middle,0,3,1,0
1249,-1/2,-1,outer,1,2,1,2
1250,-1/2,-1,outer,0,3,1,1
1251,-1/2,-1,outer,0,3,1,0
1252,-1/2,-1,middle,1,2,1,2
1253,-1/2,-1,outer,0,3,1,1
1254,-1/2,1,middle,0,3,1,2
1255,-1/2,-1,outer,1,2,1,1
1256,-1/2,-1,middle,1,2,1,0
1257,-1/2,-1,middle,0,3,1,2
1258,-1/2,-1,middle,1,2,-1,1
1259,-1/2,-1,middle,0,3,1,0
1260,-1/2,-1,middle,1,2,1,2
1261,-1/2,-1,middle,1,2,-1,1
1262,-1/2,0,,0,1,0,1
1263,-1/2,0,,0,1,0,1
1264,-1/2,-1,outer,0,3,1,0
1265,-1/2,-1,outer,0,3,1,2
1266,-1/2,-1,middle,1,2,1,1
1267,-1/2,-1,outer,1,2,1,0
1268,-1/2,1,middle,0,3,1,1
1269,-1/2,0,,0,1,0,1
1270,-1/2,-1,outer,1,2,1,0
1271,-1/2,-1,middle,0,3,1,2
1272,-1/2,-1,outer,1,2,1,1
1273,-1/2,-1,outer,0,3,1,0
1274,-1/2,1,outer,0,3,1,1
1275,-1/2,-1,outer,0,3,1,0
1276,-1/2,1,outer,1,2,1,1
1277,-1/2,-1,outer,1,2,1,0
1278,-1/2,-1,middle,0,3,1,2
1279,-1/2,1,outer,0,3,1,0
1280,-1/2,-1,outer,1,2,1,2
1281,-1/2,1,outer,0,3,1,0
1282,-1/2,-1,middle,1,2,1,2
1283,-1/2,0,,0,1,0,2
1284,-1/2,-1,outer,0,3,1,1
1285,-1/2,-1,middle,1,2,-1,0
1286,-1/2,0,,0,1,0,0
1287,-1/2,-1,outer,1,2,1,2
1288,-1/2,0,,0,1,0,2
1289,-1/2,0,,0,1,0,2
1290,-1/2,-1,middle,0,3,1,1
1291,-1/2,-1,outer,0,3,1,0
1292,-1/2,-1,middle,0,3,1,2
1293,-1/2,-1,middle,1,2,1,1
1294,-1/2,-1,outer,0,3,1,0
1295,-1/2,-1,outer,0,3,1,2
1296,-1/2,-1,middle,0,3,1,1
1297,-1/2,-1,outer,0,3,1,0
1298,-1/2,-1,middle,1,2,1,2
1299,-1/2,1,outer,0,3,1,0
1300,-1/2,-1,middle,0,3,1,2
1301,-1/2,0,,0,1,0,2
1302,-1/2,1,outer,0,3,1,0
1303,-1/2,0,,0,1,0,0
1304,-1/2,1,outer,1,2,1,1
1305,-1/2,-1,middle,1,2,1,0
1306,-1/2,1,outer,0,3,1,1
1307,-1/2,-1,middle,1,2,1,0
1308,-1/2,1,middle,1,2,1,1
1309,-1/2,1,middle,0,3,1,2
1310,-1/2,1,middle,1,2,1,0
1311,-1/2,-1,outer,1,2,1,2
1312,-1/2,1,outer,1,2,1,0
1313,-1/2,1,outer,0,3,1,1
1314,-1/2,-1,outer,1,2,1,0
1315,-1/2,-1,outer,0,3,1,2
1316,-1/2,-1,outer,0,3,1,1
1317,-1/2,-1,outer,0,3,1,0
1318,-1/2,-1,middle,0,3,1,2
1319,-1/2,1,middle,0,3,1,0
1320,-1/2,-1,middle,0,3,1,2
1321,-1/2,0,,0,1,0,2
1322,-1/2,-1,middle,0,3,1,1
1323,-1/2,0,,0,1,0,1
1324,-1/2,-1,middle,1,2,1,0
1325,-1/2,-1,outer,0,3,1,2
1326,-1/2,-1,middle,1,2,1,1
1327,-1/2,1,outer,1,2,1,2
1328,-1/2,-1,outer,0,3,1,1
1329,-1/2,-1,outer,1,2,1,0
1330,-1/2,-1,middle,1,2,-1,2
1331,-1/2,1,outer,1,2,1,0
1332,-1/2,-1,outer,1,2,1,2
1333,-1/2,-1,outer,0,3,1,1
1334,-1/2,1,outer,1,2,1,2
1335,-1/2,-1,middle,0,3,1,1
1336,-1/2,-1,outer,0,3,1,0
1337,-1/2,-1,middle,1,2,1,2
1338,-1/2,1,outer,0,3,1,0
1339,-1/2,-1,outer,1,2,1,2
1340,-1/2,1,outer,0,3,1,0
1341,-1/2,-1,outer,1,2,1,2
1342,-1/2,-1,outer,0,3,1,1
1343,-1/2,-1,outer,1,2,1,0
1344,-1/2,-1,middle,1,2,1,2
1345,-1/2,-1,middle,1,2,1,1
1346,-1/2,1,middle,1,2,1,2
1347,-1/2,-1,middle,0,3,1,1
1348,-1/2,-1,outer,0,3,1,0
1349,-1/2,-1,middle,0,3,1,2
1350,-1/2,0,,0,1,0,2
1351,-1/2,0,,0,1,0,2
1352,-1/2,0,,0,1,0,2
1353,-1/2,-1,middle,1,2,1,1
1354,-1/2,-1,middle,1,2,1,0
1355,-1/2,-1,outer,0,3,1,2
1356,-1/2,-1,outer,1,2,1,1
1357,-1/2,1,outer,0,3,1,2
1358,-1/2,0,,0,1,0,2
1359,-1/2,0,,0,1,0,2
1360,-1/2,-1,middle,0,3,1,1
1361,-1/2,0,,0,1,0,1
1362,-1/2,-1,outer,0,3,1,0
1363,-1/2,-1,middle,1,2,-1,2
1364,-1/2,-1,outer,1,2,1,1
1365,-1/2,-1,outer,1,2,1,0
1366,-1/2,-1,outer,0,3,1,2
1367,-1/2,0,,0,1,0,2
1368,-1/2,-1,outer,0,3,1,1
1369,-1/2,-1,outer,0,3,1,0
1370,-1/2,0,,0,1,0,0
1371,-1/2,-1,middle,0,3,1,2
1372,-1/2,-1,middle,0,3,1,1
1373,-1/2,-1,outer,1,2,1,0
1374,-1/2,1,outer,0,3,1,1
1375,-1/2,0,,0,1,0,1
1376,-1/2,1,outer,0,3,1,2
1377,-1/2,-1,outer,1,2,1,1
1378,-1/2,-1,outer,1,2,1,0
1379,-1/2,1,outer,1,2,1,1
1380,-1/2,0,,0,1,0,1
1381,-1/2,1,outer,0,3,1,2
1382,-1/2,-1,middle,0,3,1,1
1383,-1/2,0,,0,1,0,1
1384,-1/2,-1,outer,0,3,1,0
1385,-1/2,-1,outer,1,2,1,2
1386,-1/2,-1,middle,1,2,1,1
1387,-1/2,-1,middle,1,2,1,0
1388,-1/2,-1,middle,0,3,1,2
1389,-1/2,-1,middle,0,3,1,1
1390,-1/2,-1,outer,0,3,1,0
1391,-1/2,-1,outer,0,3,1,2
1392,-1/2,1,outer,0,3,1,0
1393,-1/2,1,outer,0,3,1,1
1394,-1/2,0,,0,1,0,1
1395,-1/2,0,,0,1,0,1
1396,-1/2,-1,outer,0,3,1,0
1397,-1/2,0,,0,1,0,0
1398,-1/2,1,outer,1,2,1,1
1399,-1/2,0,,0,1,0,1
1400,-1/2,-1,middle,1,2,1,0
1401,-1/2,-1,outer,1,2,1,2
1402,-1/2,0,,0,1,0,2
1403,-1/2,-1,middle,0,3,1,1
1404,-1/2,-1,outer,0,3,1,0
1405,-1/2,-1,outer,0,3,1,2
1406,-1/2,0,,0,1,0,2
1407,-1/2,-1,outer,0,3,1,1
1408,-1/2,-1,middle,1,2,-1,0
1409,-1/2,-1,middle,1,2,1,2
1410,-1/2,0,,0,1,0,2
1411,-1/2,-1,outer,0,3,1,1
1412,-1/2,1,outer,1,2,1,2
1413,-1/2,-1,outer,0,3,1,1
1414,-1/2,-1,middle,1,2,-1,0
1415,-1/2,-1,outer,1,2,1,2
1416,-1/2,-1,middle,0,3,1,1
1417,-1/2,0,,0,1,0,1
1418,-1/2,-1,middle,1,2,-1,0
1419,-1/2,-1,outer,0,3,1,2
1420,-1/2,1,outer,0,3,1,0
1421,-1/2,0,,0,1,0,0
1422,-1/2,0,,0,1,0,0
1423,-1/2,1,outer,1,2,1,1
1424,-1/2,-1,middle,1,2,-1,0
1425,-1/2,-1,outer,0,3,1,2
1426,-1/2,-1,outer,1,2,1,1
1427,-1/2,-1,middle,1,2,1,0
1428,-1/2,-1,middle,1,2,1,2
1429,-1/2,1,outer,0,3,1,0
1430,-1/2,-1,middle,1,2,-1,2
1431,-1/2,0,,0,1,0,2
1432,-1/2,0,,0,1,0,2
1433,-1/2,-1,outer,0,3,1,1
1434,-1/2,-1,middle,1,2,1,0
1435,-1/2,-1,middle,1,2,1,2
1436,-1/2,0,,0,1,0,2
1437,-1/2,0,,0,1,0,2
1438,-1/2,-1,outer,1,2,1,1
1439,-1/2,1,outer,1,2,1,2
1440,-1/2,1,middle,0,3,1,0
1441,-1/2,-1,outer,0,3,1,2
1442,-1/2,-1,outer,1,2,1,1
1443,-1/2,1,middle,1,2,1,2
1444,-1/2,-1,middle,1,2,-1,1
1445,-1/2,-1,outer,1,2,1,0
1446,-1/2,-1,outer,1,2,1,2
1447,-1/2,-1,middle,1,2,-1,1
1448,-1/2,-1,middle,1,2,1,0
1449,-1/2,-1,middle,1,2,-1,2
1450,-1/2,-1,middle,1,2,1,1
1451,-1/2,-1,middle,1,2,-1,0
1452,-1/2,-1,middle,1,2,1,2
1453,-1/2,1,outer,0,3,1,0
1454,-1/2,-1,outer,0,3,1,2
1455,-1/2,-1,outer,0,3,1,1
1456,-1/2,1,outer,0,3,1,2
1457,-1/2,0,,0,1,0,2
1458,-1/2,1,outer,1,2,1,0
1459,-1/2,-1,outer,1,2,1,2
1460,-1/2,-1,outer,1,2,1,1
1461,-1/2,0,,0,1,0,1
1462,-1/2,-1,middle,1,2,1,0
1463,-1/2,-1,middle,1,2,1,2
1464,-1/2,-1,outer,1,2,1,1
1465,-1/2,0,,0,1,0,1
1466,-1/2,1,middle,1,2,1,2
1467,-1/2,-1,middle,0,3,1,1
1468,-1/2,0,,0,1,0,1
1469,-1/2,1,outer,1,2,1,2
1470,-1/2,-1,outer,1,2,1,1
1471,-1/2,-1,outer,1,2,1,0
1472,-1/2,0,,0,1,0,0
1473,-1/2,-1,outer,1,2,1,2
1474,-1/2,-1,outer,0,3,1,1
1475,-1/2,-1,middle,1,2,1,0
1476,-1/2,-1,outer,0,3,1,2
1477,-1/2,-1,middle,1,2,1,1
1478,-1/2,1,outer,1,2,1,2
1479,-1/2,1,middle,1,2,1,0
1480,-1/2,0,,0,1,0,0
1481,-1/2,-1,middle,0,3,1,2
1482,-1/2,1,outer,1,2,1,0
1483,-1/2,-1,middle,1,2,1,2
1484,-1/2,1,outer,0,3,1,0
1485,-1/2,-1,middle,0,3,1,2
1486,-1/2,-1,middle,1,2,1,1
1487,-1/2,-1,outer,0,3,1,0
1488,-1/2,-1,outer,1,2,1,2
1489,-1/2,-1,middle,1,2,1,1
1490,-1/2,-1,outer,0,3,1,0
1491,-1/2,1,outer,0,3,1,1
1492,-1/2,1,middle,0,3,1,2
1493,-1/2,-1,middle,1,2,1,1
1494,-1/2,-1,outer,1,2,1,0
1495,-1/2,-1,outer,1,2,1,2
1496,-1/2,-1,outer,0,3,1,1
1497,-1/2,-1,middle,1,2,1,0
1498,-1/2,-1,outer,1,2,1,2
1499,-1/2,-1,outer,1,2,1,1
1500,-1/2,-1,outer,1,2,1,0
1501,-1/2,-1,outer,0,3,1,2
1502,-1/2,0,,0,1,0,2
1503,-1/2,1,middle,0,3,1,0
1504,-1/2,1,middle,1,2,-1,1
1505,-1/2,1,middle,0,3,1,2
1506,-1/2,0,,0,1,0,2
1507,-1/2,0,,0,1,0,2
1508,-1/2,-1,middle,0,3,1,1
1509,-1/2,1,middle,1,2,1,2
1510,-1/2,-1,middle,1,2,1,1
1511,-1/2,1,outer,1,2,1,2
1512,-1/2,0,,0,1,0,2
1513,-1/2,0,,0,1,0,2
1514,-1/2,-1,middle,0,3,1,1
1515,-1/2,-1,outer,0,3,1,0
1516,-1/2,-1,middle,0,3,1,2
1517,-1/2,1,outer,1,2,1,0
1518,-1/2,-1,outer,1,2,1,2
1519,-1/2,-1,outer,1,2,1,1
1520,-1/2,-1,middle,0,3,1,0
1521,-1/2,-1,middle,1,2,1,2
1522,-1/2,-1,outer,0,3,1,1
1523,-1/2,-1,outer,1,2,1,0
1524,-1/2,1,middle,0,3,1,1
1525,-1/2,-1,outer,0,3,1,0
1526,-1/2,-1,outer,1,2,1,2
1527,-1/2,1,middle,0,3,1,0
1528,-1/2,-1,middle,1,2,-1,2
1529,-1/2,1,middle,0,3,1,0
1530,-1/2,1,outer,0,3,1,1
1531,-1/2,-1,outer,1,2,1,0
1532,-1/2,0,,0,1,0,0
1533,-1/2,-1,outer,0,3,1,2
1534,-1/2,1,outer,1,2,1,0
1535,-1/2,0,,0,1,0,0
1536,-1/2,-1,middle,1,2,1,2
1537,-1/2,-1,middle,1,2,1,1
1538,-1/2,1,middle,1,2,1,2
1539,-1/2,1,middle,1,2,-1,0
1540,-1/2,-1,middle,1,2,-1,2
1541,-1/2,1,outer,0,3,1,0
1542,-1/2,0,,0,1,0,0
1543,-1/2,0,,0,1,0,0
1544,-1/2,-1,outer,0,3,1,2
1545,-1/2,-1,outer,0,3,1,1
1546,-1/2,-1,middle,0,3,1,0
1547,-1/2,-1,outer,0,3,1,2
1548,-1/2,-1,middle,0,3,1,1
1549,-1/2,0,,0,1,0,1
1550,-1/2,-1,middle,1,2,1,0
1551,-1/2,-1,middle,1,2,1,2
1552,-1/2,-1,middle,0,3,1,1
1553,-1/2,-1,outer,1,2,1,0
1554,-1/2,-1,middle,0,3,1,2
1555,-1/2,0,,0,1,0,2
1556,-1/2,-1,middle,0,3,1,1
1557,-1/2,0,,0,1,0,1
1558,-1/2,1,outer,1,2,1,2
1559,-1/2,0,,0,1,0,2
1560,-1/2,-1,middle,0,3,1,1
1561,-1/2,-1,outer,1,2,1,0
1562,-1/2,-1,outer,0,3,1,2
1563,-1/2,-1,outer,0,3,1,1
1564,-1/2,1,outer,1,2,1,2
1565,-1/2,-1,middle,0,3,1,1
1566,-1/2,-1,middle,1,2,1,0
1567,-1/2,-1,outer,0,3,1,2
1568,-1/2,0,,0,1,0,2
1569,-1/2,-1,middle,1,2,1,1
1570,-1/2,-1,outer,1,2,1,0
1571,-1/2,-1,outer,1,2,1,2
1572,-1/2,-1,outer,0,3,1,1
1573,-1/2,1,outer,1,2,1,2
1574,-1/2,-1,outer,1,2,1,1
1575,-1/2,0,,0,1,0,1
1576,-1/2,0,,0,1,0,1
1577,-1/2,0,,0,1,0,1
1578,-1/2,1,middle,1,2,-1,2
1579,-1/2,1,middle,1,2,1,0
1580,-1/2,-1,middle,1,2,-1,2
1581,-1/2,-1,middle,1,2,1,1
1582,-1/2,-1,outer,1,2,1,0
1583,-1/2,-1,middle,1,2,1,2
1584,-1/2,0,,0,1,0,2
1585,-1/2,-1,middle,1,2,1,1
1586,-1/2,-1,middle,0,3,1,0
1587,-1/2,0,,0,1,0,0
1588,-1/2,-1,middle,1,2,1,2
1589,-1/2,-1,middle,0,3,1,1
1590,-1/2,-1,middle,1,2,1,0
1591,-1/2,-1,outer,0,3,1,2
1592,-1/2,1,middle,1,2,-1,0
1593,-1/2,1,outer,0,3,1,1
1594,-1/2,1,outer,1,2,1,2
1595,-1/2,1,middle,1,2,1,0
1596,-1/2,-1,middle,1,2,1,2
1597,-1/2,1,outer,0,3,1,0
1598,-1/2,1,middle,0,3,1,1
1599,-1/2,1,middle,1,2,1,2
1600,-1/2,-1,outer,0,3,1,1
1601,-1/2,-1,outer,1,2,1,0
1602,-1/2,-1,middle,1,2,1,2
1603,-1/2,-1,middle,0,3,1,1
1604,-1/2,-1,outer,1,2,1,0
1605,-1/2,-1,middle,0,3,1,2
1606,-1/2,1,outer,0,3,1,0
1607,-1/2,-1,middle,1,2,1,2
1608,-1/2,-1,outer,1,2,1,1
1609,-1/2,-1,outer,0,3,1,0
1610,-1/2,-1,middle,1,2,1,2
1611,-1/2,1,outer,0,3,1,0
1612,-1/2,-1,outer,0,3,1,2
1613,-1/2,-1,middle,1,2,-1,1
1614,-1/2,-1,outer,1,2,1,0
1615,-1/2,1,outer,0,3,1,1
1616,-1/2,1,middle,0,3,1,2
1617,-1/2,-1,middle,0,3,1,1
1618,-1/2,1,outer,1,2,1,2
1619,-1/2,-1,outer,1,2,1,1
1620,-1/2,-1,middle,0,3,1,0
1621,-1/2,-1,outer,0,3,1,2
1622,-1/2,0,,0,1,0,2
1623,-1/2,-1,outer,1,2,1,1
1624,-1/2,-1,middle,1,2,1,0
1625,-1/2,1,middle,0,3,1,1
1626,-1/2,-1,outer,1,2,1,0
1627,-1/2,0,,0,1,0,0
1628,-1/2,-1,middle,0,3,1,2
1629,-1/2,-1,middle,1,2,1,1
1630,-1/2,-1,outer,0,3,1,0
1631,-1/2,0,,0,1,0,0
1632,-1/2,0,,0,1,0,0
1633,-1/2,0,,0,1,0,0
1634,-1/2,-1,outer,1,2,1,2
1635,-1/2,0,,0,1,0,2
1636,-1/2,1,outer,0,3,1,0
1637,-1/2,-1,outer,0,3,1,2
1638,-1/2,-1,middle,1,2,1,1
1639,-1/2,-1,outer,0,3,1,0
1640,-1/2,1,outer,1,2,1,1
1641,-1/2,0,,0,1,0,1
1642,-1/2,-1,middle,1,2,-1,0
1643,-1/2,0,,0,1,0,0
1644,-1/2,-1,outer,0,3,1,2
1645,-1/2,-1,middle,0,3,1,1
1646,-1/2,-1,middle,1,2,1,0
1647,-1/2,-1,middle,0,3,1,2
1648,-1/2,-1,middle,1,2,1,1
1649,-1/2,-1,outer,0,3,1,0
1650,-1/2,0,,0,1,0,0
1651,-1/2,-1,middle,1,2,1,2
1652,-1/2,-1,middle,1,2,1,1
1653,-1/2,0,,0,1,0,1
1654,-1/2,1,outer,1,2,1,2
1655,-1/2,1,middle,1,2,1,0
1656,-1/2,-1,middle,1,2,-1,2
1657,-1/2,0,,0,1,0,2
1658,-1/2,-1,middle,1,2,1,1
1659,-1/2,1,middle,1,2,1,2
1660,-1/2,-1,outer,0,3,1,1
1661,-1/2,-1,middle,1,2,1,0
1662,-1/2,-1,middle,0,3,1,2
1663,-1/2,-1,middle,1,2,-1,1
1664,-1/2,0,,0,1,0,1
1665,-1/2,-1,outer,1,2,1,0
1666,-1/2,0,,0,1,0,0
1667,-1/2,-1,outer,1,2,1,2
1668,-1/2,-1,outer,0,3,1,1
1669,-1/2,-1,outer,1,2,1,0
1670,-1/2,-1,outer,1,2,1,2
1671,-1/2,0,,0,1,0,2
1672,-1/2,0,,0,1,0,2
1673,-1/2,0,,0,1,0,2
1674,-1/2,-1,outer,1,2,1,1
1675,-1/2,0,,0,1,0,1
1676,-1/2,1,outer,0,3,1,2
1677,-1/2,-1,outer,0,3,1,1
1678,-1/2,-1,outer,1,2,1,0
1679,-1/2,-1,outer,1,2,1,2
1680,-1/2,1,outer,0,3,1,0
1681,-1/2,-1,outer,0,3,1,2
1682,-1/2,1,outer,0,3,1,0
1683,-1/2,-1,middle,1,2,-1,2
1684,-1/2,0,,0,1,0,2
1685,-1/2,1,middle,1,2,-1,0
1686,-1/2,-1,outer,0,3,1,2
1687,-1/2,0,,0,1,0,2
1688,-1/2,0,,0,1,0,2
1689,-1/2,0,,0,1,0,2
1690,-1/2,-1,outer,1,2,1,1
1691,-1/2,-1,outer,1,2,1,0
1692,-1/2,-1,outer,0,3,1,2
1693,-1/2,-1,outer,1,2,1,1
1694,-1/2,1,outer,1,2,1,2
1695,-1/2,-1,middle,0,3,1,1
1696,-1/2,-1,middle,1,2,1,0
1697,-1/2,0,,0,1,0,0
1698,-1/2,0,,0,1,0,0
1699,-1/2,-1,middle,0,3,1,2
1700,-1/2,0,,0,1,0,2
1701,-1/2,0,,0,1,0,2
1702,-1/2,0,,0,1,0,2
1703,-1/2,-1,middle,0,3,1,1
1704,-1/2,0,,0,1,0,1
1705,-1/2,-1,outer,1,2,1,0
1706,-1/2,-1,outer,0,3,1,2
1707,-1/2,-1,middle,1,2,1,1
1708,-1/2,0,,0,1,0,1
1709,-1/2,-1,middle,1,2,1,0
1710,-1/2,-1,outer,1,2,1,2
1711,-1/2,-1,outer,0,3,1,1
1712,-1/2,0,,0,1,0,1
1713,-1/2,-1,outer,1,2,1,0
1714,-1/2,1,middle,1,2,1,1
1715,-1/2,1,outer,0,3,1,2
1716,-1/2,0,,0,1,0,2
1717,-1/2,1,outer,1,2,1,0
1718,-1/2,0,,0,1,0,0
1719,-1/2,1,middle,1,2,-1,1
1720,-1/2,0,,0,1,0,1
1721,-1/2,-1,middle,0,3,1,0
1722,-1/2,-1,middle,0,3,1,2
1723,-1/2,-1,middle,0,3,1,1
1724,-1/2,1,middle,1,2,1,2
1725,-1/2,1,outer,1,2,1,0
1726,-1/2,1,middle,0,3,1,1
1727,-1/2,-1,middle,1,2,1,0
1728,-1/2,1,middle,0,3,1,1
1729,-1/2,0,,0,1,0,1
1730,-1/2,1,outer,1,2,1,2
1731,-1/2,-1,outer,0,3,1,1
1732,-1/2,0,,0,1,0,1
1733,-1/2,-1,middle,0,3,1,0
1734,-1/2,-1,outer,1,2,1,2
1735,-1/2,-1,middle,1,2,1,1
1736,-1/2,-1,outer,1,2,1,0
1737,-1/2,-1,outer,0,3,1,2
1738,-1/2,-1,middle,1,2,1,1
1739,-1/2,-1,outer,0,3,1,0
1740,-1/2,-1,middle,1,2,1,2
1741,-1/2,-1,middle,1,2,1,1
1742,-1/2,-1,middle,0,3,1,0
1743,-1/2,-1,outer,0,3,1,2
1744,-1/2,-1,middle,1,2,1,1
1745,-1/2,1,middle,1,2,1,2
1746,-1/2,1,outer,1,2,1,0
1747,-1/2,-1,outer,1,2,1,2
1748,-1/2,0,,0,1,0,2
1749,-1/2,-1,outer,0,3,1,1
1750,-1/2,-1,outer,1,2,1,0
1751,-1/2,-1,middle,1,2,1,2
1752,-1/2,1,middle,0,3,1,0
1753,-1/2,1,middle,1,2,1,1
1754,-1/2,0,,0,1,0,1
1755,-1/2,1,outer,1,2,1,2
1756,-1/2,-1,middle,1,2,1,1
1757,-1/2,-1,middle,1,2,1,0
1758,-1/2,0,,0,1,0,0
1759,-1/2,-1,middle,1,2,1,2
1760,-1/2,-1,outer,0,3,1,1
1761,-1/2,0,,0,1,0,1
1762,-1/2,1,middle,1,2,1,2
1763,-1/2,1,middle,1,2,1,0
1764,-1/2,-1,outer,1,2,1,2
1765,-1/2,-1,outer,0,3,1,1
1766,-1/2,-1,middle,1,2,-1,0
1767,-1/2,1,middle,1,2,1,1
1768,-1/2,-1,middle,1,2,1,0
1769,-1/2,1,middle,0,3,1,1
1770,-1/2,-1,outer,1,2,1,0
1771,-1/2,-1,middle,1,2,1,2
1772,-1/2,1,outer,0,3,1,0
1773,-1/2,-1,middle,0,3,1,2
1774,-1/2,-1,middle,0,3,1,1
1775,-1/2,1,middle,1,2,1,2
1776,-1/2,0,,0,1,0,2
1777,-1/2,-1,middle,0,3,1,1
1778,-1/2,-1,middle,1,2,-1,0
1779,-1/2,0,,0,1,0,0
1780,-1/2,0,,0,1,0,0
1781,-1/2,0,,0,1,0,0
1782,-1/2,-1,outer,1,2,1,2
1783,-1/2,1,outer,1,2,1,0
1784,-1/2,-1,middle,1,2,1,2
1785,-1/2,-1,outer,0,3,1,1
1786,-1/2,1,outer,1,2,1,2
1787,-1/2,-1,outer,1,2,1,1
1788,-1/2,-1,middle,0,3,1,0
1789,-1/2,-1,outer,1,2,1,2
1790,-1/2,1,outer,0,3,1,0
1791,-1/2,1,outer,1,2,1,1
1792,-1/2,-1,outer,1,2,1,0
1793,-1/2,-1,middle,1,2,1,2
1794,-1/2,-1,outer,1,2,1,1
1795,-1/2,-1,outer,0,3,1,0
1796,-1/2,-1,middle,0,3,1,2
1797,-1/2,-1,middle,1,2,-1,1
1798,-1/2,-1,middle,1,2,1,0
1799,-1/2,-1,outer,0,3,1,2
1800,-1/2,-1,outer,1,2,1,1
1801,-1/2,0,,0,1,0,1
1802,-1/2,-1,outer,1,2,1,0
1803,-1/2,1,middle,0,3,1,1
1804,-1/2,-1,outer,0,3,1,0
1805,-1/2,-1,middle,0,3,1,2
1806,-1/2,1,outer,1,2,1,0
1807,-1/2,-1,middle,1,2,1,2
1808,-1/2,-1,outer,0,3,1,1
1809,-1/2,0,,0,1,0,1
1810,-1/2,1,middle,0,3,1,2
1811,-1/2,-1,middle,1,2,-1,1
1812,-1/2,-1,outer,1,2,1,0
1813,-1/2,-1,outer,1,2,1,2
1814,-1/2,-1,middle,1,2,1,1
1815,-1/2,0,,0,1,0,1
1816,-1/2,-1,outer,1,2,1,0
1817,-1/2,-1,outer,0,3,1,2
1818,-1/2,-1,middle,0,3,1,1
1819,-1/2,-1,middle,1,2,1,0
1820,-1/2,-1,outer,0,3,1,2
1821,-1/2,-1,outer,1,2,1,1
1822,-1/2,-1,outer,1,2,1,0
1823,-1/2,-1,middle,1,2,1,2
1824,-1/2,-1,outer,0,3,1,1
1825,-1/2,0,,0,1,0,1
1826,-1/2,1,outer,0,3,1,2
1827,-1/2,0,,0,1,0,2
1828,-1/2,1,middle,1,2,-1,0
1829,-1/2,-1,middle,0,3,1,2
1830,-1/2,-1,outer,0,3,1,1
1831,-1/2,-1,outer,1,2,1,0
1832,-1/2,0,,0,1,0,0
1833,-1/2,-1,middle,1,2,1,2
1834,-1/2,1,middle,1,2,1,0
1835,-1/2,0,,0,1,0,0
1836,-1/2,1,middle,1,2,1,1
1837,-1/2,-1,outer,1,2,1,0
1838,-1/2,-1,middle,0,3,1,2
1839,-1/2,0,,0,1,0,2
1840,-1/2,0,,0,1,0,2
1841,-1/2,-1,outer,1,2,1,1
1842,-1/2,-1,outer,1,2,1,0
1843,-1/2,-1,outer,1,2,1,2
1844,-1/2,-1,outer,1,2,1,1
1845,-1/2,0,,0,1,0,1
1846,-1/2,-1,outer,1,2,1,0
1847,-1/2,-1,outer,1,2,1,2
1848,-1/2,-1,outer,1,2,1,1
1849,-1/2,0,,0,1,0,1
1850,-1/2,1,middle,0,3,1,2
1851,-1/2,-1,middle,1,2,1,1
1852,-1/2,1,middle,0,3,1,2
1853,-1/2,-1,middle,0,3,1,1
1854,-1/2,1,outer,1,2,1,2
1855,-1/2,0,,0,1,0,2
1856,-1/2,1,outer,1,2,1,0
1857,-1/2,-1,middle,0,3,1,2
1858,-1/2,1,outer,1,2,1,0
1859,-1/2,-1,outer,1,2,1,2
1860,-1/2,-1,middle,0,3,1,1
1861,-1/2,0,,0,1,0,1
1862,-1/2,0,,0,1,0,1
1863,-1/2,-1,outer,0,3,1,0
1864,-1/2,1,middle,1,2,-1,1
1865,-1/2,-1,middle,1,2,-1,0
1866,-1/2,-1,middle,1,2,1,2
1867,-1/2,-1,middle,0,3,1,1
1868,-1/2,1,outer,0,3,1,2
1869,-1/2,1,outer,0,3,1,0
1870,-1/2,-1,middle,0,3,1,2
1871,-1/2,-1,outer,1,2,1,1
1872,-1/2,0,,0,1,0,1
1873,-1/2,-1,outer,1,2,1,0
1874,-1/2,1,middle,1,2,1,1
1875,-1/2,1,outer,1,2,1,2
1876,-1/2,0,,0,1,0,2
1877,-1/2,1,outer,0,3,1,0
1878,-1/2,-1,outer,0,3,1,2
1879,-1/2,1,outer,1,2,1,0
1880,-1/2,0,,0,1,0,0
1881,-1/2,1,outer,0,3,1,1
1882,-1/2,-1,outer,0,3,1,0
1883,-1/2,-1,middle,0,3,1,2
1884,-1/2,-1,middle,1,2,1,1
1885,-1/2,0,,0,1,0,1
1886,-1/2,0,,0,1,0,1
1887,-1/2,0,,0,1,0,1
1888,-1/2,-1,outer,0,3,1,0
1889,-1/2,1,outer,1,2,1,1
1890,-1/2,-1,middle,0,3,1,0
1891,-1/2,0,,0,1,0,0
1892,-1/2,-1,outer,0,3,1,2
1893,-1/2,-1,outer,0,3,1,1
1894,-1/2,-1,outer,1,2,1,0
1895,-1/2,1,middle,0,3,1,1
1896,-1/2,-1,outer,1,2,1,0
1897,-1/2,-1,middle,0,3,1,2
1898,-1/2,0,,0,1,0,2
1899,-1/2,0,,0,1,0,2
1900,-1/2,-1,outer,0,3,1,1
1901,-1/2,-1,outer,1,2,1,0
1902,-1/2,-1,outer,1,2,1,2
1903,-1/2,-1,outer,1,2,1,1
1904,-1/2,1,outer,0,3,1,2
1905,-1/2,1,middle,0,3,1,0
1906,-1/2,-1,outer,1,2,1,2
1907,-1/2,-1,middle,0,3,1,1
1908,-1/2,0,,0,1,0,1
1909,-1/2,-1,middle,1,2,1,0
1910,-1/2,-1,middle,1,2,1,2
1911,-1/2,1,outer,0,3,1,0
1912,-1/2,-1,middle,0,3,1,2
1913,-1/2,0,,0,1,0,2
1914,-1/2,-1,outer,0,3,1,1
1915,-1/2,1,outer,0,3,1,2
1916,-1/2,1,middle,1,2,1,0
1917,-1/2,0,,0,1,0,0
1918,-1/2,0,,0,1,0,0
1919,-1/2,1,middle,1,2,1,1
1920,-1/2,1,middle,0,3,1,2
1921,-1/2,-1,middle,1,2,1,1
1922,-1/2,0,,0,1,0,1
1923,-1/2,1,outer,0,3,1,2
1924,-1/2,-1,middle,0,3,1,1
1925,-1/2,-1,middle,0,3,1,0
1926,-1/2,-1,outer,0,3,1,2
1927,-1/2,0,,0,1,0,2
1928,-1/2,-1,middle,1,2,-1,1
1929,-1/2,0,,0,1,0,1
1930,-1/2,-1,outer,1,2,1,0
1931,-1/2,1,outer,1,2,1,1
1932,-1/2,-1,middle,0,3,1,0
1933,-1/2,0,,0,1,0,0
1934,-1/2,1,outer,0,3,1,1
1935,-1/2,-1,outer,0,3,1,0
1936,-1/2,-1,outer,0,3,1,2
1937,-1/2,-1,middle,1,2,1,1
1938,-1/2,-1,outer,0,3,1,0
1939,-1/2,0,,0,1,0,0
1940,-1/2,-1,middle,1,2,1,2
1941,-1/2,1,outer,1,2,1,0
1942,-1/2,-1,middle,1,2,1,2
1943,-1/2,1,outer,1,2,1,0
1944,-1/2,-1,middle,1,2,1,2
1945,-1/2,-1,middle,1,2,1,1
1946,-1/2,1,outer,0,3,1,2
1947,-1/2,1,middle,0,3,1,0
1948,-1/2,0,,0,1,0,0
1949,-1/2,-1,outer,1,2,1,2
1950,-1/2,-1,outer,0,3,1,1
1951,-1/2,-1,outer,1,2,1,0
1952,-1/2,-1,middle,1,2,1,2
1953,-1/2,0,,0,1,0,2
1954,-1/2,-1,middle,1,2,-1,1
1955,-1/2,0,,0,1,0,1
1956,-1/2,1,outer,1,2,1,2
1957,-1/2,1,middle,1,2,1,0
1958,-1/2,-1,outer,0,3,1,2
1959,-1/2,0,,0,1,0,2
1960,-1/2,1,outer,1,2,1,0
1961,-1/2,-1,middle,1,2,1,2
1962,-1/2,-1,middle,0,3,1,1
1963,-1/2,-1,outer,0,3,1,0
1964,-1/2,0,,0,1,0,0
1965,-1/2,-1,outer,0,3,1,2
1966,-1/2,-1,outer,0,3,1,1
1967,-1/2,-1,outer,0,3,1,0
1968,-1/2,-1,outer,0,3,1,2
1969,-1/2,1,outer,0,3,1,0
1970,-1/2,-1,middle,0,3,1,2
1971,-1/2,0,,0,1,0,2
1972,-1/2,-1,middle,1,2,1,1
1973,-1/2,1,outer,1,2,1,2
1974,-1/2,-1,middle,1,2,-1,1
1975,-1/2,-1,outer,1,2,1,0
1976,-1/2,-1,outer,0,3,1,2
1977,-1/2,-1,outer,1,2,1,1
1978,-1/2,-1,outer,0,3,1,0
1979,-1/2,-1,outer,0,3,1,2
1980,-1/2,1,outer,1,2,1,0
1981,-1/2,-1,middle,0,3,1,2
1982,-1/2,-1,outer,1,2,1,1
1983,-1/2,-1,outer,0,3,1,0
1984,-1/2,-1,middle,1,2,1,2
1985,-1/2,0,,0,1,0,2
1986,-1/2,-1,middle,0,3,1,1
1987,-1/2,-1,outer,0,3,1,0
1988,-1/2,1,outer,1,2,1,1
1989,-1/2,-1,middle,1,2,-1,0
1990,-1/2,0,,0,1,0,0
1991,-1/2,1,middle,1,2,1,1
1992,-1/2,-1,outer,0,3,1,0
1993,-1/2,-1,outer,1,2,1,2
1994,-1/2,1,outer,1,2,1,0
1995,-1/2,-1,middle,1,2,-1,2
1996,-1/2,-1,outer,1,2,1,1
1997,-1/2,-1,middle,1,2,1,0
1998,-1/2,-1,outer,0,3,1,2
1999,-1/2,-1,outer,0,3,1,1
2000,-1/2,0,,0,1,0,1
2001,-1/2,1,outer,1,2,1,2
2002,-1/2,-1,middle,1,2,1,1
2003,-1/2,-1,outer,0,3,1,0
2004,-1/2,-1,middle,0,3,1,2
2005,-1/2,1,middle,0,3,1,0
2006,-1/2,-1,outer,1,2,1,2
2007,-1/2,1,middle,1,2,-1,0
2008,-1/2,0,,0,1,0,0
2009,-1/2,-1,middle,1,2,1,2
2010,-1/2,0,,0,1,0,2
2011,-1/2,-1,middle,0,3,1,1
2012,-1/2,-1,middle,1,2,-1,0
2013,-1/2,-1,outer,0,3,1,2
2014,-1/2,1,middle,1,2,1,0
2015,-1/2,-1,middle,1,2,1,2
2016,-1/2,1,outer,1,2,1,0
2017,-1/2,-1,outer,1,2,1,2
2018,-1/2,1,outer,0,3,1,0
2019,-1/2,-1,outer,1,2,1,2
2020,-1/2,0,,0,1,0,2
2021,-1/2,-1,middle,1,2,1,1
2022,-1/2,0,,0,1,0,1
2023,-1/2,-1,outer,0,3,1,0
2024,-1/2,1,outer,0,3,1,1
2025,-1/2,-1,middle,0,3,1,0
2026,-1/2,-1,outer,0,3,1,2
2027,-1/2,-1,middle,1,2,1,1
2028,-1/2,1,outer,1,2,1,2
2029,-1/2,-1,middle,1,2,-1,1
2030,-1/2,-1,outer,0,3,1,0
2031,-1/2,-1,middle,1,2,1,2
2032,-1/2,1,outer,1,2,1,0
2033,-1/2,-1,middle,1,2,1,2
2034,-1/2,-1,middle,1,2,-1,1
2035,-1/2,0,,0,1,0,1
2036,-1/2,-1,outer,0,3,1,0
2037,-1/2,-1,middle,1,2,1,2
2038,-1/2,-1,middle,1,2,-1,1
2039,-1/2,-1,middle,0,3,1,0
2040,-1/2,-1,outer,1,2,1,2
2041,-1/2,1,outer,1,2,1,0
2042,-1/2,-1,middle,1,2,1,2
2043,-1/2,-1,outer,0,3,1,1
2044,-1/2,0,,0,1,0,1
2045,-1/2,-1,middle,1,2,1,0
2046,-1/2,-1,middle,1,2,1,2
2047,-1/2,0,,0,1,0,2
0,0,-1,outer,0,3,1,2
1,0,1,middle,1,2,1,0
2,0,-1,outer,0,3,1,2
3,0,-1,outer,0,3,1,1
4,0,1,middle,0,3,1,2
5,0,0,,0,1,0,2
6,0,-1,middle,0,3,1,1
7,0,-1,middle,0,3,1,0
8,0,-1,middle,1,2,1,2
9,0,-1,middle,0,3,1,1
10,0,-1,middle,0,3,1,0
11,0,0,,0,1,0,0
12,0,-1,middle,0,3,1,2
13,0,1,middle,1,2,-1,0
14,0,1,outer,0,3,1,1
15,0,0,,0,1,0,1
16,0,0,,0,1,0,1
17,0,0,,0,1,0,1
18,0,-1,outer,0,3,1,0
19,0,0,,0,1,0,0
20,0,-1,middle,1,2,1,2
21,0,1,middle,0,3,1,0
22,0,1,outer,0,3,1,1
23,0,-1,middle,0,3,1,0
24,0,1,middle,1,2,-1,1
25,0,1,middle,1,2,-1,2
26,0,-1,middle,0,3,1,1
27,0,0,,0,1,0,1
28,0,-1,middle,0,3,1,0
29,0,1,middle,1,2,-1,1
30,0,1,middle,1,2,-1,2
31,0,1,middle,0,3,1,0
32,0,-1,middle,1,2,1,2
33,0,0,,0,1,0,2
34,0,0,,0,1,0,2
35,0,1,middle,1,2,1,0
36,0,-1,middle,1,2,1,2
37,0,0,,0,1,0,2
38,0,-1,middle,0,3,1,1
39,0,0,,0,1,0,1
40,0,1,middle,0,3,1,2
41,0,-1,outer,0,3,1,1
42,0,1,outer,0,3,1,2
43,0,-1,middle,0,3,1,1
44,0,1,middle,0,3,1,2
45,0,0,,0,1,0,2
46,0,0,,0,1,0,2
47,0,0,,0,1,0,2
48,0,0,,0,1,0,2
49,0,1,middle,0,3,1,0
50,0,-1,middle,0,3,1,2
51,0,-1,middle,1,2,-1,1
52,0,0,,0,1,0,1
53,0,1,middle,0,3,1,2
54,0,-1,middle,1,2,-1,1
55,0,-1,outer,0,3,1,0
56,0,-1,middle,0,3,1,2
57,0,0,,0,1,0,2
58,0,0,,0,1,0,2
59,0,-1,outer,0,3,1,1
60,0,1,middle,0,3,1,2
61,0,-1,middle,0,3,1,1
62,0,0,,0,1,0,1
63,0,1,middle,1,2,-1,2
64,0,-1,middle,1,2,-1,1
65,0,-1,middle,1,2,-1,0
66,0,-1,middle,0,3,1,2
67,0,-1,outer,0,3,1,1
68,0,0,,0,1,0,1
69,0,1,outer,0,3,1,2
70,0,0,,0,1,0,2
71,0,-1,outer,0,3,1,1
72,0,-1,outer,0,3,1,0
73,0,1,outer,1,2,1,1
74,0,0,,0,1,0,1
75,0,-1,outer,0,3,1,0
76,0,1,middle,1,2,-1,1
77,0,-1,middle,1,2,-1,0
78,0,-1,middle,1,2,-1,2
79,0,-1,middle,0,3,1,1
80,0,0,,0,1,0,1
81,0,1,middle,0,3,1,2
82,0,1,middle,0,3,1,0
83,0,0,,0,1,0,0
84,0,-1,middle,1,2,1,2
85,0,0,,0,1,0,2
86,0,0,,0,1,0,2
87,0,0,,0,1,0,2
88,0,-1,middle,1,2,-1,1
89,0,1,middle,1,2,1,2
90,0,0,,0,1,0,2
91,0,-1,middle,0,3,1,1
92,0,-1,outer,0,3,1,0
93,0,-1,outer,0,3,1,2
94,0,-1,outer,0,3,1,1
95,0,1,middle,1,2,1,2
96,0,0,,0,1,0,2
97,0,1,outer,1,2,1,0
98,0,1,middle,1,2,1,1
99,0,-1,middle,1,2,1,0
100,0,1,outer,0,3,1,1
101,0,-1,outer,0,3,1,0
102,0,1,middle,1,2,1,1
103,0,-1,outer,0,3,1,0
104,0,-1,middle,0,3,1,2
105,0,-1,middle,1,2,-1,1
106,0,1,middle,0,3,1,2
107,0,-1,outer,1,2,1,1
108,0,-1,middle,1,2,1,0
109,0,1,middle,0,3,1,1
110,0,1,middle,0,3,1,2
111,0,-1,middle,0,3,1,1
112,0,-1,middle,0,3,1,0
113,0,0,,0,1,0,0
114,0,-1,outer,0,3,1,2
115,0,0,,0,1,0,2
116,0,-1,middle,1,2,-1,1
117,0,1,middle,0,3,1,2
118,0,-1,middle,1,2,1,1
119,0,-1,outer,0,3,1,0
120,0,0,,0,1,0,0
121,0,1,middle,0,3,1,1
122,0,0,,0,1,0,1
123,0,-1,outer,0,3,1,0
124,0,1,middle,1,2,1,1
125,0,1,outer,0,3,1,2
126,0,0,,0,1,0,2
127,0,-1,outer,0,3,1,1
128,0,1,middle,1,2,-1,2
129,0,0,,0,1,0,2
130,0,0,,0,1,0,2
131,0,1,middle,1,2,-1,0
132,0,1,outer,1,2,1,1
133,0,1,outer,0,3,1,2
134,0,-1,outer,0,3,1,1
135,0,1,outer,0,3,1,2
136,0,-1,middle,1,2,-1,1
137,0,-1,middle,0,3,1,0
138,0,1,middle,1,2,1,1
139,0,1,middle,1,2,1,2
140,0,-1,outer,0,3,1,1
141,0,0,,0,1,0,1
142,0,0,,0,1,0,1
143,0,0,,0,1,0,1
144,0,1,middle,1,2,1,2
145,0,1,outer,0,3,1,0
146,0,1,outer,0,3,1,1
147,0,0,,0,1,0,1
148,0,1,outer,0,3,1,2
149,0,1,middle,1,2,1,0
150,0,0,,0,1,0,0
151,0,0,,0,1,0,0
152,0,0,,0,1,0,0
153,0,1,middle,0,3,1,1
154,0,1,middle,0,3,1,2
155,0,-1,middle,1,2,1,1
156,0,0,,0,1,0,1
157,0,1,outer,0,3,1,2
158,0,0,,0,1,0,2
159,0,-1,middle,0,3,1,1
160,0,1,middle,0,3,1,2
161,0,0,,0,1,0,2
162,0,1,middle,0,3,1,0
163,0,1,middle,0,3,1,1
164,0,0,,0,1,0,1
165,0,1,middle,1,2,1,2
166,0,0,,0,1,0,2
167,0,1,middle,1,2,1,0
168,0,1,middle,0,3,1,1
169,0,-1,middle,0,3,1,0
170,0,1,middle,1,2,1,1
171,0,0,,0,1,0,1
172,0,1,outer,0,3,1,2
173,0,-1,middle,0,3,1,1
174,0,1,middle,0,3,1,2
175,0,-1,outer,1,2,1,1
176,0,-1,middle,1,2,1,0
177,0,1,middle,1,2,-1,1
178,0,-1,middle,1,2,1,0
179,0,0,,0,1,0,0
180,0,1,outer,1,2,1,1
181,0,1,outer,1,2,1,2
182,0,0,,0,1,0,2
183,0,-1,outer,0,3,1,1
184,0,-1,outer,1,2,1,0
185,0,0,,0,1,0,0
186,0,0,,0,1,0,0
187,0,-1,middle,0,3,1,2
188,0,1,middle,1,2,1,0
189,0,1,middle,1,2,1,1
190,0,-1,middle,0,3,1,0
191,0,1,outer,1,2,1,1
192,0,1,middle,1,2,1,2
193,0,0,,0,1,0,2
194,0,1,middle,1,2,-1,0
195,0,0,,0,1,0,0
196,0,-1,middle,0,3,1,2
197,0,-1,middle,1,2,1,1
198,0,1,middle,0,3,1,2
199,0,-1,middle,0,3,1,1
200,0,0,,0,1,0,1
201,0,0,,0,1,0,1
202,0,1,middle,1,2,1,2
203,0,1,outer,0,3,1,0
204,0,1,outer,0,3,1,1
205,0,-1,middle,0,3,1,0
206,0,-1,middle,0,3,1,2
207,0,1,middle,1,2,1,0
208,0,1,middle,1,2,1,1
209,0,0,,0,1,0,1
210,0,1,middle,1,2,1,2
211,0,0,,0,1,0,2
212,0,1,outer,0,3,1,0
213,0,-1,middle,0,3,1,2
214,0,1,middle,1,2,-1,0
215,0,-1,middle,1,2,-1,2
216,0,0,,0,1,0,2
217,0,1,middle,1,2,-1,0
218,0,0,,0,1,0,0
219,0,1,outer,0,3,1,1
220,0,0,,0,1,0,1
221,0,0,,0,1,0,1
222,0,0,,0,1,0,1
223,0,0,,0,1,0,1
224,0,1,outer,1,2,1,2
225,0,1,outer,0,3,1,0
226,0,0,,0,1,0,0
227,0,1,middle,0,3,1,1
228,0,1,middle,0,3,1,2
229,0,-1,middle,1,2,-1,1
230,0,0,,0,1,0,1
231,0,1,middle,1,2,-1,2
232,0,-1,middle,1,2,-1,1
233,0,0,,0,1,0,1
234,0,1,middle,1,2,1,2
235,0,1,middle,0,3,1,0
236,0,1,middle,0,3,1,1
237,0,-1,middle,1,2,1,0
238,0,-1,middle,0,3,1,2
239,0,0,,0,1,0,2
240,0,1,middle,1,2,-1,0
241,0,-1,middle,1,2,-1,2
242,0,-1,middle,1,2,-1,1
243,0,0,,0,1,0,1
244,0,-1,middle,1,2,1,0
245,0,-1,middle,0,3,1,2
246,0,1,middle,1,2,1,0
247,0,-1,middle,1,2,1,2
248,0,0,,0,1,0,2
249,0,1,outer,0,3,1,0
250,0,0,,0,1,0,0
251,0,1,outer,0,3,1,1
252,0,0,,0,1,0,1
253,0,-1,outer,0,3,1,0
254,0,0,,0,1,0,0
255,0,0,,0,1,0,0
256,0,-1,outer,0,3,1,2
257,0,1,middle,0,3,1,0
258,0,1,middle,0,3,1,1
259,0,1,middle,0,3,1,2
260,0,1,outer,0,3,1,0
261,0,-1,middle,1,2,1,2
262,0,-1,middle,0,3,1,1
263,0,1,outer,0,3,1,2
264,0,-1,outer,0,3,1,1
265,0,-1,middle,0,3,1,0
266,0,-1,outer,0,3,1,2
267,0,0,,0,1,0,2
268,0,0,,0,1,0,2
269,0,0,,0,1,0,2
270,0,-1,middle,1,2,-1,1
271,0,1,middle,1,2,1,2
272,0,1,outer,0,3,1,0
273,0,-1,outer,1,2,1,2
274,0,1,middle,1,2,-1,0
275,0,1,middle,1,2,-1,1
276,0,-1,outer,0,3,1,0
277,0,-1,middle,0,3,1,2
278,0,-1,outer,1,2,1,1
279,0,-1,outer,0,3,1,0
280,0,1,outer,0,3,1,1
281,0,-1,middle,0,3,1,0
282,0,1,outer,0,3,1,1
283,0,0,,0,1,0,1
284,0,1,middle,0,3,1,2
285,0,-1,outer,1,2,1,1
286,0,-1,middle,0,3,1,0
287,0,1,middle,1,2,1,1
288,0,-1,outer,1,2,1,0
289,0,0,,0,1,0,0
290,0,-1,middle,0,3,1,2
291,0,0,,0,1,0,2
292,0,0,,0,1,0,2
293,0,0,,0,1,0,2
294,0,1,outer,0,3,1,0
295,0,1,middle,1,2,1,1
296,0,1,middle,1,2,-1,2
297,0,0,,0,1,0,2
298,0,-1,middle,1,2,-1,1
299,0,-1,middle,0,3,1,0
300,0,0,,0,1,0,0
301,0,0,,0,1,0,0
302,0,0,,0,1,0,0
303,0,1,outer,0,3,1,1
304,0,0,,0,1,0,1
305,0,0,,0,1,0,1
306,0,1,middle,0,3,1,2
307,0,1,middle,1,2,1,0
308,0,-1,middle,1,2,1,2
309,0,0,,0,1,0,2
310,0,1,middle,0,3,1,0
311,0,1,outer,0,3,1,1
312,0,1,middle,1,2,-1,2
313,0,1,outer,0,3,1,0
314,0,-1,middle,1,2,1,2
315,0,1,outer,1,2,1,0
316,0,-1,outer,0,3,1,2
317,0,0,,0,1,0,2
318,0,1,outer,0,3,1,0
319,0,0,,0,1,0,0
320,0,0,,0,1,0,0
321,0,0,,0,1,0,0
322,0,-1,outer,1,2,1,2
323,0,0,,0,1,0,2
324,0,0,,0,1,0,2
325,0,0,,0,1,0,2
326,0,0,,0,1,0,2
327,0,-1,middle,1,2,1,1
328,0,-1,outer,0,3,1,0
329,0,0,,0,1,0,0
330,0,1,middle,1,2,1,1
331,0,-1,middle,1,2,1,0
332,0,-1,middle,1,2,1,2
333,0,-1,outer,0,3,1,1
334,0,0,,0,1,0,1
335,0,-1,outer,0,3,1,0
336,0,1,outer,0,3,1,1
337,0,-1,outer,0,3,1,0
338,0,-1,middle,1,2,1,2
339,0,1,middle,0,3,1,0
340,0,1,middle,1,2,-1,1
341,0,-1,middle,1,2,1,0
342,0,1,middle,0,3,1,1
343,0,0,,0,1,0,1
344,0,0,,0,1,0,1
345,0,0,,0,1,0,1
346,0,-1,middle,0,3,1,0
347,0,-1,middle,1,2,1,2
348,0,-1,middle,1,2,-1,1
349,0,-1,middle,0,3,1,0
350,0,0,,0,1,0,0
351,0,1,middle,1,2,1,1
352,0,-1,middle,1,2,1,0
353,0,1,middle,0,3,1,1
354,0,-1,outer,0,3,1,0
355,0,0,,0,1,0,0
356,0,-1,middle,0,3,1,2
357,0,1,middle,0,3,1,0
358,0,-1,outer,0,3,1,2
359,0,-1,middle,1,2,1,1
360,0,-1,outer,0,3,1,0
361,0,1,middle,0,3,1,1
362,0,-1,outer,0,3,1,0
363,0,-1,outer,1,2,1,2
364,0,1,middle,0,3,1,0
365,0,1,middle,0,3,1,1
366,0,-1,middle,1,2,-1,0
367,0,1,middle,1,2,1,1
368,0,-1,middle,0,3,1,0
369,0,1,middle,1,2,1,1
370,0,-1,middle,0,3,1,0
371,0,0,,0,1,0,0
372,0,1,outer,0,3,1,1
373,0,0,,0,1,0,1
374,0,1,middle,1,2,-1,2
375,0,1,middle,0,3,1,0
376,0,1,middle,0,3,1,1
377,0,1,middle,1,2,1,2
378,0,0,,0,1,0,2
379,0,0,,0,1,0,2
380,0,1,middle,0,3,1,0
381,0,1,middle,0,3,1,1
382,0,-1,outer,0,3,1,0
383,0,1,middle,1,2,-1,1
384,0,0,,0,1,0,1
385,0,1,outer,0,3,1,2
386,0,0,,0,1,0,2
387,0,-1,middle,0,3,1,1
388,0,-1,outer,0,3,1,0
389,0,-1,outer,0,3,1,2
390,0,-1,middle,1,2,-1,1
391,0,0,,0,1,0,1
392,0,1,outer,1,2,1,2
393,0,1,outer,0,3,1,0
394,0,1,middle,0,3,1,1
395,0,-1,middle,1,2,1,0
396,0,1,middle,1,2,-1,1
397,0,1,middle,0,3,1,2
398,0,1,outer,1,2,1,0
399,0,-1,middle,0,3,1,2
400,0,-1,middle,0,3,1,1
401,0,0,,0,1,0,1
402,0,0,,0,1,0,1
403,0,0,,0,1,0,1
404,0,0,,0,1,0,1
405,0,0,,0,1,0,1
406,0,-1,middle,1,2,1,0
407,0,-1,middle,1,2,1,2
408,0,-1,middle,1,2,-1,1
409,0,-1,outer,0,3,1,0
410,0,1,middle,1,2,1,1
411,0,0,,0,1,0,1
412,0,-1,middle,1,2,1,0
413,0,1,middle,1,2,1,1
414,0,1,middle,1,2,1,2
415,0,1,middle,1,2,1,0
416,0,0,,0,1,0,0
417,0,-1,middle,0,3,1,2
418,0,-1,middle,1,2,1,1
419,0,1,middle,0,3,1,2
420,0,0,,0,1,0,2
421,0,-1,middle,0,3,1,1
422,0,1,middle,1,2,1,2
423,0,1,outer,0,3,1,0
424,0,0,,0,1,0,0
425,0,1,middle,0,3,1,1
426,0,-1,outer,0,3,1,0
427,0,0,,0,1,0,0
428,0,0,,0,1,0,0
429,0,0,,0,1,0,0
430,0,-1,middle,0,3,1,2
431,0,-1,outer,0,3,1,1
432,0,-1,middle,0,3,1,0
433,0,1,middle,1,2,1,1
434,0,-1,middle,0,3,1,0
435,0,1,middle,1,2,1,1
436,0,0,,0,1,0,1
437,0,1,middle,1,2,1,2
438,0,-1,middle,0,3,1,1
439,0,0,,0,1,0,1
440,0,-1,middle,1,2,1,0
441,0,-1,outer,1,2,1,2
442,0,0,,0,1,0,2
443,0,0,,0,1,0,2
444,0,1,outer,0,3,1,0
445,0,1,middle,0,3,1,1
446,0,0,,0,1,0,1
447,0,1,middle,1,2,1,2
448,0,-1,middle,0,3,1,1
449,0,0,,0,1,0,1
450,0,-1,middle,0,3,1,0
451,0,1,middle,0,3,1,1
452,0,-1,outer,0,3,1,0
453,0,0,,0,1,0,0
454,0,-1,middle,1,2,1,2
455,0,-1,outer,0,3,1,1
456,0,1,middle,1,2,-1,2
457,0,1,middle,1,2,1,0
458,0,1,middle,0,3,1,1
459,0,0,,0,1,0,1
460,0,1,outer,0,3,1,2
461,0,1,outer,0,3,1,0
462,0,1,middle,1,2,1,1
463,0,-1,outer,0,3,1,0
464,0,-1,outer,1,2,1,2
465,0,0,,0,1,0,2
466,0,1,outer,1,2,1,0
467,0,0,,0,1,0,0
468,0,1,middle,0,3,1,1
469,0,0,,0,1,0,1
470,0,1,middle,1,2,1,2
471,0,1,middle,0,3,1,0
472,0,1,outer,0,3,1,1
473,0,1,middle,1,2,1,2
474,0,-1,middle,1,2,-1,1
475,0,-1,middle,0,3,1,0
476,0,-1,middle,1,2,-1,2
477,0,-1,outer,0,3,1,1
478,0,1,middle,1,2,1,2
479,0,0,,0,1,0,2
480,0,0,,0,1,0,2
481,0,-1,outer,1,2,1,1
482,0,0,,0,1,0,1
483,0,0,,0,1,0,1
484,0,1,middle,1,2,1,2
485,0,1,middle,1,2,1,0
486,0,0,,0,1,0,0
487,0,1,middle,0,3,1,1
488,0,0,,0,1,0,1
489,0,-1,outer,0,3,1,0
490,0,1,outer,1,2,1,1
491,0,1,middle,1,2,-1,2
492,0,1,middle,0,3,1,0
493,0,-1,outer,0,3,1,2
494,0,-1,middle,0,3,1,1
495,0,1,middle,1,2,1,2
496,0,-1,middle,1,2,-1,1
497,0,0,,0,1,0,1
498,0,1,middle,0,3,1,2
499,0,-1,middle,1,2,1,1
500,0,1,middle,0,3,1,2
501,0,0,,0,1,0,2
502,0,0,,0,1,0,2
503,0,-1,middle,0,3,1,1
504,0,1,outer,1,2,1,2
505,0,0,,0,1,0,2
506,0,1,middle,1,2,1,0
507,0,0,,0,1,0,0
508,0,1,middle,1,2,1,1
509,0,0,,0,1,0,1
510,0,1,middle,0,3,1,2
511,0,1,middle,1,2,1,0
512,0,-1,middle,0,3,1,2
513,0,-1,middle,1,2,1,1
514,0,1,middle,0,3,1,2
515,0,-1,outer,0,3,1,1
516,0,-1,middle,1,2,-1,0
517,0,1,middle,1,2,1,1
518,0,-1,outer,0,3,1,0
519,0,0,,0,1,0,0
520,0,1,middle,0,3,1,1
521,0,0,,0,1,0,1
522,0,-1,middle,0,3,1,0
523,0,-1,middle,1,2,-1,2
524,0,1,outer,0,3,1,0
525,0,-1,middle,1,2,-1,2
526,0,1,outer,0,3,1,0
527,0,1,outer,0,3,1,1
528,0,0,,0,1,0,1
529,0,1,outer,1,2,1,2
530,0,-1,middle,1,2,1,1
531,0,1,middle,1,2,1,2
532,0,1,outer,1,2,1,0
533,0,1,middle,1,2,1,1
534,0,-1,middle,1,2,1,0
535,0,0,,0,1,0,0
536,0,1,middle,0,3,1,1
537,0,-1,middle,0,3,1,0
538,0,0,,0,1,0,0
539,0,0,,0,1,0,0
540,0,1,middle,1,2,-1,1
541,0,1,middle,0,3,1,2
542,0,1,middle,1,2,1,0
543,0,-1,outer,0,3,1,2
544,0,0,,0,1,0,2
545,0,-1,outer,0,3,1,1
546,0,1,middle,1,2,1,2
547,0,-1,middle,1,2,1,1
548,0,-1,outer,1,2,1,0
549,0,-1,middle,0,3,1,2
550,0,1,outer,0,3,1,0
551,0,-1,middle,1,2,1,2
552,0,1,middle,1,2,-1,0
553,0,1,middle,1,2,1,1
554,0,1,middle,1,2,1,2
555,0,0,,0,1,0,2
556,0,1,middle,1,2,-1,0
557,0,0,,0,1,0,0
558,0,1,middle,0,3,1,1
559,0,0,,0,1,0,1
560,0,0,,0,1,0,1
561,0,1,middle,1,2,1,2
562,0,1,middle,1,2,-1,0
563,0,-1,middle,0,3,1,2
564,0,1,middle,1,2,1,0
565,0,-1,outer,0,3,1,2
566,0,-1,middle,0,3,1,1
567,0,0,,0,1,0,1
568,0,1,middle,0,3,1,2
569,0,-1,outer,0,3,1,1
570,0,-1,middle,0,3,1,0
571,0,0,,0,1,0,0
572,0,1,outer,0,3,1,1
573,0,1,middle,0,3,1,2
574,0,0,,0,1,0,2
575,0,-1,middle,1,2,1,1
576,0,-1,middle,1,2,1,0
577,0,1,middle,1,2,-1,1
578,0,-1,middle,1,2,-1,0
579,0,-1,middle,0,3,1,2
580,0,0,,0,1,0,2
581,0,-1,middle,0,3,1,1
582,0,0,,0,1,0,1
583,0,1,middle,1,2,1,2
584,0,1,middle,1,2,1,0
585,0,0,,0,1,0,0
586,0,1,middle,0,3,1,1
587,0,1,middle,0,3,1,2
588,0,-1,middle,0,3,1,1
589,0,1,middle,1,2,-1,2
590,0,1,outer,0,3,1,0
591,0,0,,0,1,0,0
592,0,-1,middle,0,3,1,2
593,0,1,middle,1,2,-1,0
594,0,1,middle,1,2,-1,1
595,0,1,middle,0,3,1,2
596,0,1,middle,0,3,1,0
597,0,1,outer,1,2,1,1
598,0,-1,middle,1,2,1,0
599,0,-1,middle,1,2,-1,2
600,0,0,,0,1,0,2
601,0,0,,0,1,0,2
602,0,-1,outer,1,2,1,1
603,0,0,,0,1,0,1
604,0,-1,outer,1,2,1,0
605,0,1,middle,1,2,-1,1
606,0,-1,middle,1,2,1,0
607,0,0,,0,1,0,0
608,0,-1,outer,0,3,1,2
609,0,0,,0,1,0,2
610,0,1,middle,1,2,-1,0
611,0,1,middle,1,2,-1,1
612,0,1,middle,0,3,1,2
613,0,-1,outer,1,2,1,1
614,0,1,middle,1,2,-1,2
615,0,1,middle,0,3,1,0
616,0,-1,middle,1,2,1,2
617,0,-1,outer,0,3,1,1
618,0,0,,0,1,0,1
619,0,0,,0,1,0,1
620,0,1,middle,0,3,1,2
621,0,0,,0,1,0,2
622,0,1,outer,0,3,1,0
623,0,-1,middle,0,3,1,2
624,0,-1,middle,1,2,-1,1
625,0,-1,outer,0,3,1,0
626,0,1,middle,1,2,1,1
627,0,-1,middle,1,2,1,0
628,0,0,,0,1,0,0
629,0,1,middle,1,2,-1,1
630,0,0,,0,1,0,1
631,0,1,outer,0,3,1,2
632,0,1,outer,1,2,1,0
633,0,-1,outer,0,3,1,2
634,0,1,outer,1,2,1,0
635,0,1,middle,1,2,1,1
636,0,1,middle,1,2,-1,2
637,0,1,middle,1,2,-1,0
638,0,-1,middle,1,2,1,2
639,0,1,middle,0,3,1,0
640,0,-1,middle,1,2,1,2
641,0,0,,0,1,0,2
642,0,0,,0,1,0,2
643,0,-1,outer,0,3,1,1
644,0,-1,middle,1,2,1,0
645,0,-1,outer,1,2,1,2
646,0,1,middle,0,3,1,0
647,0,-1,middle,0,3,1,2
648,0,1,outer,1,2,1,0
649,0,-1,middle,0,3,1,2
650,0,1,outer,0,3,1,0
651,0,-1,middle,1,2,-1,2
652,0,1,outer,0,3,1,0
653,0,1,middle,0,3,1,1
654,0,1,middle,1,2,1,2
655,0,-1,middle,0,3,1,1
656,0,-1,outer,0,3,1,0
657,0,-1,middle,1,2,1,2
658,0,-1,outer,0,3,1,1
659,0,-1,middle,1,2,1,0
660,0,1,outer,0,3,1,1
661,0,-1,outer,1,2,1,0
662,0,1,middle,0,3,1,1
663,0,1,middle,0,3,1,2
664,0,0,,0,1,0,2
665,0,-1,outer,0,3,1,1
666,0,0,,0,1,0,1
667,0,0,,0,1,0,1
668,0,-1,outer,0,3,1,0
669,0,1,outer,1,2,1,1
670,0,0,,0,1,0,1
671,0,-1,outer,0,3,1,0
672,0,-1,outer,1,2,1,2
673,0,1,outer,1,2,1,0
674,0,-1,middle,0,3,1,2
675,0,-1,middle,0,3,1,1
676,0,-1,outer,0,3,1,0
677,0,-1,middle,0,3,1,2
678,0,0,,0,1,0,2
679,0,0,,0,1,0,2
680,0,1,middle,0,3,1,0
681,0,-1,middle,1,2,1,2
682,0,-1,middle,1,2,-1,1
683,0,-1,outer,0,3,1,0
684,0,-1,middle,0,3,1,2
685,0,-1,outer,0,3,1,1
686,0,-1,middle,0,3,1,0
687,0,1,outer,0,3,1,1
688,0,-1,middle,0,3,1,0
689,0,0,,0,1,0,0
690,0,0,,0,1,0,0
691,0,1,middle,0,3,1,1
692,0,-1,middle,0,3,1,0
693,0,-1,middle,0,3,1,2
694,0,-1,middle,0,3,1,1
695,0,1,middle,1,2,1,2
696,0,0,,0,1,0,2
697,0,1,middle,0,3,1,0
698,0,0,,0,1,0,0
699,0,-1,middle,0,3,1,2
700,0,1,outer,0,3,1,0
701,0,1,middle,0,3,1,1
702,0,-1,middle,0,3,1,0
703,0,-1,middle,1,2,-1,2
704,0,1,outer,1,2,1,0
705,0,1,middle,0,3,1,1
706,0,0,,0,1,0,1
707,0,1,middle,0,3,1,2
708,0,-1,middle,1,2,1,1
709,0,0,,0,1,0,1
710,0,-1,middle,1,2,1,0
711,0,0,,0,1,0,0
712,0,-1,middle,0,3,1,2
713,0,-1,outer,1,2,1,1
714,0,1,middle,1,2,-1,2
715,0,0,,0,1,0,2
716,0,0,,0,1,0,2
717,0,-1,middle,0,3,1,1
718,0,-1,middle,0,3,1,0
719,0,1,middle,0,3,1,1
720,0,-1,middle,1,2,-1,0
721,0,-1,middle,0,3,1,2
722,0,-1,middle,0,3,1,1
723,0,-1,outer,0,3,1,0
724,0,1,middle,0,3,1,1
725,0,-1,outer,0,3,1,0
726,0,-1,outer,1,2,1,2
727,0,0,,0,1,0,2
728,0,-1,middle,0,3,1,1
729,0,0,,0,1,0,1
730,0,1,outer,0,3,1,2
731,0,1,middle,1,2,1,0
732,0,1,middle,0,3,1,1
733,0,-1,outer,0,3,1,0
734,0,-1,outer,0,3,1,2
735,0,1,outer,1,2,1,0
736,0,-1,outer,0,3,1,2
737,0,-1,outer,0,3,1,1
738,0,-1,middle,1,2,1,0
739,0,-1,middle,0,3,1,2
740,0,1,middle,0,3,1,0
741,0,0,,0,1,0,0
742,0,0,,0,1,0,0
743,0,0,,0,1,0,0
744,0,1,middle,1,2,1,1
745,0,0,,0,1,0,1
746,0,-1,middle,0,3,1,0
747,0,1,middle,0,3,1,1
748,0,1,outer,0,3,1,2
749,0,-1,middle,0,3,1,1
750,0,-1,middle,1,2,1,0
751,0,1,middle,1,2,-1,1
752,0,-1,middle,0,3,1,0
753,0,1,middle,0,3,1,1
754,0,-1,middle,1,2,1,0
755,0,0,,0,1,0,0
756,0,-1,outer,0,3,1,2
757,0,-1,middle,0,3,1,1
758,0,1,middle,1,2,-1,2
759,0,-1,middle,1,2,1,1
760,0,1,middle,1,2,1,2
761,0,-1,outer,0,3,1,1
762,0,1,middle,0,3,1,2
763,0,-1,middle,1,2,1,1
764,0,0,,0,1,0,1
765,0,-1,outer,1,2,1,0
766,0,1,middle,0,3,1,1
767,0,0,,0,1,0,1
768,0,1,middle,1,2,1,2
769,0,1,middle,1,2,1,0
770,0,1,middle,1,2,1,1
771,0,-1,middle,0,3,1,0
772,0,-1,outer,0,3,1,2
773,0,1,outer,0,3,1,0
774,0,0,,0,1,0,0
775,0,1,middle,1,2,1,1
776,0,0,,0,1,0,1
777,0,1,outer,0,3,1,2
778,0,0,,0,1,0,2
779,0,1,outer,1,2,1,0
780,0,0,,0,1,0,0
781,0,1,outer,0,3,1,1
782,0,1,outer,1,2,1,2
783,0,0,,0,1,0,2
784,0,-1,outer,0,3,1,1
785,0,0,,0,1,0,1
786,0,0,,0,1,0,1
787,0,-1,outer,0,3,1,0
788,0,-1,outer,0,3,1,2
789,0,-1,middle,0,3,1,1
790,0,0,,0,1,0,1
791,0,1,middle,0,3,1,2
792,0,-1,middle,0,3,1,1
793,0,-1,middle,1,2,-1,0
794,0,0,,0,1,0,0
795,0,0,,0,1,0,0
796,0,0,,0,1,0,0
797,0,-1,middle,1,2,-1,2
798,0,1,middle,1,2,1,0
799,0,-1,outer,0,3,1,2
800,0,1,outer,1,2,1,0
801,0,1,outer,0,3,1,1
802,0,1,middle,0,3,1,2
803,0,-1,outer,1,2,1,1
804,0,-1,outer,0,3,1,0
805,0,-1,outer,1,2,1,2
806,0,1,middle,0,3,1,0
807,0,-1,middle,1,2,-1,2
808,0,0,,0,1,0,2
809,0,1,middle,1,2,1,0
810,0,0,,0,1,0,0
811,0,-1,middle,1,2,1,2
812,0,-1,middle,0,3,1,1
813,0,1,outer,0,3,1,2
814,0,-1,middle,0,3,1,1
815,0,-1,middle,0,3,1,0
816,0,0,,0,1,0,0
817,0,1,middle,0,3,1,1
818,0,-1,outer,0,3,1,0
819,0,-1,middle,1,2,1,2
820,0,0,,0,1,0,2
821,0,-1,middle,0,3,1,1
822,0,0,,0,1,0,1
823,0,1,outer,0,3,1,2
824,0,-1,middle,1,2,1,1
825,0,1,outer,0,3,1,2
826,0,-1,middle,0,3,1,1
827,0,0,,0,1,0,1
828,0,1,outer,0,3,1,2
829,0,-1,middle,0,3,1,1
830,0,1,middle,1,2,-1,2
831,0,0,,0,1,0,2
832,0,1,middle,0,3,1,0
833,0,0,,0,1,0,0
834,0,-1,outer,0,3,1,2
835,0,1,outer,1,2,1,0
836,0,0,,0,1,0,0
837,0,-1,middle,1,2,-1,2
838,0,1,middle,0,3,1,0
839,0,1,middle,1,2,1,1
840,0,1,middle,1,2,1,2
841,0,-1,middle,1,2,-1,1
842,0,-1,middle,0,3,1,0
843,0,-1,middle,1,2,-1,2
844,0,-1,middle,1,2,-1,1
845,0,1,middle,1,2,1,2
846,0,1,outer,1,2,1,0
847,0,1,middle,1,2,1,1
848,0,1,middle,0,3,1,2
849,0,0,,0,1,0,2
850,0,1,middle,0,3,1,0
851,0,1,middle,1,2,1,1
852,0,0,,0,1,0,1
853,0,-1,middle,0,3,1,0
854,0,0,,0,1,0,0
855,0,0,,0,1,0,0
856,0,1,middle,1,2,1,1
857,0,-1,outer,0,3,1,0
858,0,1,middle,1,2,-1,1
859,0,1,middle,1,2,1,2
860,0,1,outer,1,2,1,0
861,0,-1,middle,0,3,1,2
862,0,0,,0,1,0,2
863,0,0,,0,1,0,2
864,0,1,middle,0,3,1,0
865,0,1,middle,1,2,-1,1
866,0,0,,0,1,0,1
867,0,0,,0,1,0,1
868,0,1,middle,0,3,1,2
869,0,1,outer,1,2,1,0
870,0,-1,outer,1,2,1,2
871,0,-1,outer,0,3,1,1
872,0,-1,middle,1,2,1,0
873,0,-1,middle,1,2,1,2
874,0,1,middle,1,2,1,0
875,0,1,outer,1,2,1,1
876,0,1,outer,1,2,1,2
877,0,1,middle,0,3,1,0
878,0,-1,middle,1,2,-1,2
879,0,-1,middle,0,3,1,1
880,0,-1,outer,0,3,1,0
881,0,-1,middle,0,3,1,2
882,0,1,middle,1,2,-1,0
883,0,1,middle,0,3,1,1
884,0,-1,outer,0,3,1,0
885,0,1,middle,1,2,-1,1
886,0,1,middle,0,3,1,2
887,0,0,,0,1,0,2
888,0,1,outer,0,3,1,0
889,0,1,outer,1,2,1,1
890,0,1,outer,0,3,1,2
891,0,1,middle,1,2,-1,0
892,0,1,middle,1,2,-1,1
893,0,1,outer,1,2,1,2
894,0,-1,middle,1,2,-1,1
895,0,-1,outer,0,3,1,0
896,0,1,middle,1,2,1,1
897,0,1,middle,0,3,1,2
898,0,1,middle,0,3,1,0
899,0,-1,outer,0,3,1,2
900,0,1,outer,1,2,1,0
901,0,1,middle,0,3,1,1
902,0,-1,middle,1,2,1,0
903,0,1,middle,1,2,1,1
904,0,-1,middle,1,2,1,0
905,0,-1,middle,1,2,1,2
906,0,-1,middle,1,2,1,1
907,0,1,middle,0,3,1,2
908,0,1,outer,0,3,1,0
909,0,1,middle,1,2,1,1
910,0,1,middle,1,2,-1,2
911,0,-1,outer,0,3,1,1
912,0,0,,0,1,0,1
913,0,1,middle,1,2,1,2
914,0,0,,0,1,0,2
915,0,1,middle,1,2,1,0
916,0,-1,outer,0,3,1,2
917,0,1,middle,1,2,1,0
918,0,1,outer,0,3,1,1
919,0,1,outer,1,2,1,2
920,0,0,,0,1,0,2
921,0,-1,outer,0,3,1,1
922,0,1,outer,0,3,1,2
923,0,-1,middle,1,2,-1,1
924,0,1,outer,0,3,1,2
925,0,-1,middle,0,3,1,1
926,0,1,outer,0,3,1,2
927,0,-1,middle,1,2,1,1
928,0,1,middle,1,2,1,2
929,0,-1,middle,0,3,1,1
930,0,1,outer,0,3,1,2
931,0,0,,0,1,0,2
932,0,0,,0,1,0,2
933,0,1,middle,1,2,1,0
934,0,-1,middle,0,3,1,2
935,0,1,middle,1,2,-1,0
936,0,0,,0,1,0,0
937,0,1,middle,1,2,1,1
938,0,-1,outer,1,2,1,0
939,0,1,middle,0,3,1,1
940,0,1,outer,0,3,1,2
941,0,-1,middle,0,3,1,1
942,0,-1,middle,1,2,-1,0
943,0,0,,0,1,0,0
944,0,1,middle,1,2,1,1
945,0,0,,0,1,0,1
946,0,1,outer,0,3,1,2
947,0,-1,middle,1,2,1,1
948,0,1,middle,0,3,1,2
949,0,0,,0,1,0,2
950,0,1,outer,1,2,1,0
951,0,-1,middle,0,3,1,2
952,0,1,middle,0,3,1,0
953,0,0,,0,1,0,0
954,0,-1,middle,0,3,1,2
955,0,0,,0,1,0,2
956,0,0,,0,1,0,2
957,0,0,,0,1,0,2
958,0,-1,middle,1,2,1,1
959,0,-1,outer,0,3,1,0
960,0,0,,0,1,0,0
961,0,-1,middle,1,2,1,2
962,0,-1,middle,1,2,-1,1
963,0,0,,0,1,0,1
964,0,-1,outer,1,2,1,0
965,0,-1,middle,1,2,1,2
966,0,-1,middle,0,3,1,1
967,0,1,middle,0,3,1,2
968,0,-1,middle,1,2,1,1
969,0,-1,outer,1,2,1,0
970,0,0,,0,1,0,0
971,0,0,,0,1,0,0
972,0,1,middle,1,2,1,1
973,0,0,,0,1,0,1
974,0,0,,0,1,0,1
975,0,0,,0,1,0,1
976,0,1,middle,0,3,1,2
977,0,-1,middle,0,3,1,1
978,0,0,,0,1,0,1
979,0,1,middle,0,3,1,2
980,0,1,outer,0,3,1,0
981,0,1,outer,1,2,1,1
982,0,1,outer,0,3,1,2
983,0,-1,middle,1,2,1,1
984,0,0,,0,1,0,1
985,0,-1,outer,0,3,1,0
986,0,1,middle,0,3,1,1
987,0,-1,middle,0,3,1,0
988,0,0,,0,1,0,0
989,0,-1,middle,0,3,1,2
990,0,0,,0,1,0,2
991,0,1,outer,0,3,1,0
992,0,1,middle,0,3,1,1
993,0,1,outer,0,3,1,2
994,0,1,outer,0,3,1,0
995,0,1,middle,0,3,1,1
996,0,-1,outer,1,2,1,0
997,0,1,middle,0,3,1,1
998,0,1,middle,0,3,1,2
999,0,-1,middle,1,2,-1,1
1000,0,-1,middle,0,3,1,0
1001,0,1,outer,0,3,1,1
1002,0,1,middle,0,3,1,2
1003,0,-1,middle,0,3,1,1
1004,0,1,middle,0,3,1,2
1005,0,1,outer,1,2,1,0
1006,0,-1,middle,1,2,1,2
1007,0,1,outer,1,2,1,0
1008,0,1,middle,0,3,1,1
1009,0,0,,0,1,0,1
1010,0,-1,middle,1,2,-1,0
1011,0,0,,0,1,0,0
1012,0,-1,middle,1,2,-1,2
1013,0,1,middle,0,3,1,0
1014,0,1,outer,0,3,1,1
1015,0,1,middle,0,3,1,2
1016,0,1,outer,0,3,1,0
1017,0,-1,middle,1,2,-1,2
1018,0,-1,outer,0,3,1,1
1019,0,-1,middle,0,3,1,0
1020,0,-1,outer,0,3,1,2
1021,0,-1,outer,0,3,1,1
1022,0,1,middle,0,3,1,2
1023,0,-1,middle,1,2,1,1
1024,0,0,,0,1,0,1
1025,0,-1,outer,0,3,1,0
1026,0,1,middle,1,2,1,1
1027,0,-1,outer,0,3,1,0
1028,0,-1,middle,0,3,1,2
1029,0,-1,outer,1,2,1,1
1030,0,1,outer,0,3,1,2
1031,0,-1,middle,1,2,1,1
1032,0,0,,0,1,0,1
1033,0,0,,0,1,0,1
1034,0,-1,outer,0,3,1,0
1035,0,1,middle,1,2,-1,1
1036,0,1,middle,0,3,1,2
1037,0,1,outer,0,3,1,0
1038,0,-1,outer,0,3,1,2
1039,0,1,middle,1,2,1,0
1040,0,1,middle,1,2,1,1
1041,0,0,,0,1,0,1
1042,0,0,,0,1,0,1
1043,0,1,middle,1,2,1,2
1044,0,0,,0,1,0,2
1045,0,1,outer,0,3,1,0
1046,0,-1,middle,0,3,1,2
1047,0,1,middle,0,3,1,0
1048,0,1,middle,0,3,1,1
1049,0,0,,0,1,0,1
1050,0,1,middle,0,3,1,2
1051,0,0,,0,1,0,2
1052,0,1,outer,0,3,1,0
1053,0,1,middle,0,3,1,1
1054,0,-1,middle,1,2,1,0
1055,0,0,,0,1,0,0
1056,0,0,,0,1,0,0
1057,0,1,middle,1,2,1,1
1058,0,1,middle,1,2,-1,2
1059,0,-1,middle,1,2,-1,1
1060,0,-1,outer,0,3,1,0
1061,0,-1,outer,1,2,1,2
1062,0,1,middle,0,3,1,0
1063,0,-1,middle,1,2,1,2
1064,0,-1,middle,1,2,-1,1
1065,0,0,,0,1,0,1
1066,0,1,middle,0,3,1,2
1067,0,1,middle,1,2,-1,0
1068,0,0,,0,1,0,0
1069,0,-1,outer,1,2,1,2
1070,0,1,middle,0,3,1,0
1071,0,-1,middle,1,2,1,2
1072,0,0,,0,1,0,2
1073,0,1,middle,0,3,1,0
1074,0,-1,middle,1,2,1,2
1075,0,-1,middle,0,3,1,1
1076,0,1,middle,0,3,1,2
1077,0,1,middle,0,3,1,0
1078,0,-1,outer,0,3,1,2
1079,0,0,,0,1,0,2
1080,0,-1,middle,1,2,1,1
1081,0,1,middle,1,2,-1,2
1082,0,1,outer,0,3,1,0
1083,0,1,middle,1,2,-1,1
1084,0,1,middle,1,2,1,2
1085,0,-1,middle,1,2,-1,1
1086,0,-1,outer,0,3,1,0
1087,0,-1,middle,0,3,1,2
1088,0,0,,0,1,0,2
1089,0,1,middle,1,2,-1,0
1090,0,1,middle,0,3,1,1
1091,0,1,outer,1,2,1,2
1092,0,1,middle,1,2,1,0
1093,0,1,middle,1,2,1,1
1094,0,0,,0,1,0,1
1095,0,-1,middle,1,2,1,0
1096,0,0,,0,1,0,0
1097,0,1,middle,0,3,1,1
1098,0,1,middle,0,3,1,2
1099,0,-1,middle,0,3,1,1
1100,0,-1,outer,0,3,1,0
1101,0,0,,0,1,0,0
1102,0,1,middle,0,3,1,1
1103,0,0,,0,1,0,1
1104,0,0,,0,1,0,1
1105,0,0,,0,1,0,1
1106,0,0,,0,1,0,1
1107,0,1,middle,0,3,1,2
1108,0,1,outer,0,3,1,0
1109,0,1,middle,0,3,1,1
1110,0,-1,middle,1,2,1,0
1111,0,0,,0,1,0,0
1112,0,-1,middle,1,2,1,2
1113,0,1,outer,1,2,1,0
1114,0,1,middle,1,2,1,1
1115,0,1,middle,0,3,1,2
1116,0,1,middle,1,2,-1,0
1117,0,1,middle,1,2,-1,1
1118,0,1,middle,0,3,1,2
1119,0,-1,middle,1,2,-1,1
1120,0,-1,outer,0,3,1,0
1121,0,0,,0,1,0,0
1122,0,1,outer,1,2,1,1
1123,0,1,middle,0,3,1,2
1124,0,0,,0,1,0,2
1125,0,1,middle,1,2,1,0
1126,0,1,middle,0,3,1,1
1127,0,0,,0,1,0,1
1128,0,-1,outer,0,3,1,0
1129,0,1,middle,1,2,-1,1
1130,0,1,middle,0,3,1,2
1131,0,0,,0,1,0,2
1132,0,-1,middle,0,3,1,1
1133,0,0,,0,1,0,1
1134,0,0,,0,1,0,1
1135,0,1,middle,0,3,1,2
1136,0,0,,0,1,0,2
1137,0,0,,0,1,0,2
1138,0,1,middle,1,2,1,0
1139,0,-1,middle,1,2,1,2
1140,0,-1,middle,0,3,1,1
1141,0,-1,middle,1,2,1,0
1142,0,1,outer,0,3,1,1
1143,0,-1,outer,0,3,1,0
1144,0,-1,middle,1,2,-1,2
1145,0,-1,outer,1,2,1,1
1146,0,-1,middle,1,2,-1,0
1147,0,1,middle,1,2,-1,1
1148,0,-1,outer,0,3,1,0
1149,0,1,middle,1,2,-1,1
1150,0,-1,outer,0,3,1,0
1151,0,1,middle,0,3,1,1
1152,0,0,,0,1,0,1
1153,0,-1,middle,1,2,1,0
1154,0,-1,middle,1,2,1,2
1155,0,1,outer,0,3,1,0
1156,0,0,,0,1,0,0
1157,0,1,middle,0,3,1,1
1158,0,0,,0,1,0,1
1159,0,-1,outer,0,3,1,0
1160,0,0,,0,1,0,0
1161,0,0,,0,1,0,0
1162,0,-1,middle,0,3,1,2
1163,0,-1,middle,0,3,1,1
1164,0,-1,outer,0,3,1,0
1165,0,-1,middle,1,2,-1,2
1166,0,1,outer,0,3,1,0
1167,0,1,middle,0,3,1,1
1168,0,-1,middle,0,3,1,0
1169,0,1,middle,0,3,1,1
1170,0,-1,outer,1,2,1,0
1171,0,-1,middle,0,3,1,2
1172,0,0,,0,1,0,2
1173,0,1,middle,0,3,1,0
1174,0,-1,middle,0,3,1,2
1175,0,-1,middle,1,2,1,1
1176,0,1,middle,1,2,-1,2
1177,0,0,,0,1,0,2
1178,0,1,outer,0,3,1,0
1179,0,-1,outer,0,3,1,2
1180,0,1,outer,0,3,1,0
1181,0,-1,middle,1,2,-1,2
1182,0,1,outer,1,2,1,0
1183,0,1,middle,0,3,1,1
1184,0,-1,middle,0,3,1,0
1185,0,0,,0,1,0,0
1186,0,1,middle,1,2,-1,1
1187,0,1,outer,1,2,1,2
1188,0,-1,outer,1,2,1,1
1189,0,-1,middle,1,2,-1,0
1190,0,-1,middle,0,3,1,2
1191,0,-1,middle,1,2,1,1
1192,0,-1,outer,0,3,1,0
1193,0,-1,middle,1,2,-1,2
1194,0,-1,middle,0,3,1,1
1195,0,1,middle,0,3,1,2
1196,0,-1,middle,0,3,1,1
1197,0,-1,middle,0,3,1,0
1198,0,1,middle,1,2,1,1
1199,0,-1,outer,1,2,1,0
1200,0,1,middle,0,3,1,1
1201,0,-1,middle,0,3,1,0
1202,0,0,,0,1,0,0
1203,0,0,,0,1,0,0
1204,0,-1,middle,1,2,-1,2
1205,0,-1,middle,1,2,-1,1
1206,0,-1,middle,0,3,1,0
1207,0,-1,middle,0,3,1,2
1208,0,1,middle,1,2,1,0
1209,0,-1,middle,1,2,1,2
1210,0,1,outer,0,3,1,0
1211,0,-1,middle,1,2,-1,2
1212,0,-1,middle,1,2,-1,1
1213,0,1,middle,0,3,1,2
1214,0,-1,middle,0,3,1,1
1215,0,0,,0,1,0,1
1216,0,0,,0,1,0,1
1217,0,-1,middle,0,3,1,0
1218,0,1,middle,1,2,-1,1
1219,0,0,,0,1,0,1
1220,0,0,,0,1,0,1
1221,0,-1,middle,0,3,1,0
1222,0,0,,0,1,0,0
1223,0,-1,middle,1,2,1,2
1224,0,-1,middle,0,3,1,1
1225,0,-1,outer,1,2,1,0
1226,0,-1,middle,1,2,1,2
1227,0,-1,outer,0,3,1,1
1228,0,1,middle,1,2,1,2
1229,0,0,,0,1,0,2
1230,0,1,outer,1,2,1,0
1231,0,0,,0,1,0,0
1232,0,-1,middle,0,3,1,2
1233,0,-1,middle,1,2,-1,1
1234,0,0,,0,1,0,1
1235,0,1,middle,0,3,1,2
1236,0,-1,middle,1,2,1,1
1237,0,-1,outer,0,3,1,0
1238,0,1,outer,0,3,1,1
1239,0,1,outer,0,3,1,2
1240,0,1,outer,0,3,1,0
1241,0,-1,outer,1,2,1,2
1242,0,-1,outer,1,2,1,1
1243,0,-1,middle,0,3,1,0
1244,0,1,outer,0,3,1,1
1245,0,0,,0,1,0,1
1246,0,0,,0,1,0,1
1247,0,0,,0,1,0,1
1248,0,-1,outer,0,3,1,0
1249,0,-1,outer,0,3,1,2
1250,0,1,middle,0,3,1,0
1251,0,0,,0,1,0,0
1252,0,1,outer,0,3,1,1
1253,0,-1,middle,0,3,1,0
1254,0,-1,middle,1,2,1,2
1255,0,1,middle,1,2,1,0
1256,0,-1,middle,1,2,-1,2
1257,0,0,,0,1,0,2
1258,0,-1,outer,0,3,1,1
1259,0,-1,outer,0,3,1,0
1260,0,0,,0,1,0,0
1261,0,1,middle,1,2,1,1
1262,0,1,middle,1,2,-1,2
1263,0,0,,0,1,0,2
1264,0,1,middle,0,3,1,0
1265,0,0,,0,1,0,0
1266,0,-1,middle,1,2,-1,2
1267,0,-1,middle,1,2,1,1
1268,0,-1,outer,0,3,1,0
1269,0,1,middle,1,2,1,1
1270,0,-1,middle,0,3,1,0
1271,0,1,middle,0,3,1,1
1272,0,-1,outer,0,3,1,0
1273,0,-1,middle,0,3,1,2
1274,0,1,outer,1,2,1,0
1275,0,1,middle,0,3,1,1
1276,0,1,middle,0,3,1,2
1277,0,1,middle,1,2,-1,0
1278,0,0,,0,1,0,0
1279,0,-1,middle,0,3,1,2
1280,0,-1,middle,0,3,1,1
1281,0,-1,middle,1,2,-1,0
1282,0,0,,0,1,0,0
1283,0,0,,0,1,0,0
1284,0,1,outer,0,3,1,1
1285,0,0,,0,1,0,1
1286,0,1,outer,0,3,1,2
1287,0,0,,0,1,0,2
1288,0,-1,middle,1,2,1,1
1289,0,-1,outer,0,3,1,0
1290,0,1,middle,1,2,1,1
1291,0,1,middle,0,3,1,2
1292,0,0,,0,1,0,2
1293,0,-1,middle,1,2,1,1
1294,0,1,middle,0,3,1,2
1295,0,0,,0,1,0,2
1296,0,1,middle,1,2,1,0
1297,0,0,,0,1,0,0
1298,0,0,,0,1,0,0
1299,0,-1,middle,0,3,1,2
1300,0,-1,middle,1,2,1,1
1301,0,-1,middle,1,2,-1,0
1302,0,1,middle,1,2,-1,1
1303,0,0,,0,1,0,1
1304,0,0,,0,1,0,1
1305,0,1,middle,1,2,1,2
1306,0,1,middle,0,3,1,0
1307,0,1,outer,0,3,1,1
1308,0,0,,0,1,0,1
1309,0,1,middle,1,2,-1,2
1310,0,-1,middle,1,2,-1,1
1311,0,1,middle,1,2,-1,2
1312,0,1,middle,1,2,-1,0
1313,0,-1,middle,0,3,1,2
1314,0,1,middle,1,2,-1,0
1315,0,0,,0,1,0,0
1316,0,1,middle,1,2,-1,1
1317,0,-1,outer,1,2,1,0
1318,0,-1,outer,0,3,1,2
1319,0,1,outer,0,3,1,0
1320,0,-1,middle,0,3,1,2
1321,0,-1,outer,0,3,1,1
1322,0,-1,outer,1,2,1,0
1323,0,0,,0,1,0,0
1324,0,0,,0,1,0,0
1325,0,0,,0,1,0,0
1326,0,-1,middle,1,2,1,2
1327,0,1,outer,0,3,1,0
1328,0,-1,outer,0,3,1,2
1329,0,-1,middle,0,3,1,1
1330,0,0,,0,1,0,1
1331,0,1,middle,0,3,1,2
1332,0,-1,outer,1,2,1,1
1333,0,1,outer,0,3,1,2
1334,0,0,,0,1,0,2
1335,0,-1,middle,0,3,1,1
1336,0,1,middle,1,2,1,2
1337,0,1,middle,1,2,1,0
1338,0,1,middle,0,3,1,1
1339,0,0,,0,1,0,1
1340,0,0,,0,1,0,1
1341,0,1,middle,0,3,1,2
1342,0,1,middle,0,3,1,0
1343,0,-1,middle,1,2,-1,2
1344,0,-1,middle,0,3,1,1
1345,0,-1,outer,0,3,1,0
1346,0,1,middle,1,2,1,1
1347,0,0,,0,1,0,1
1348,0,0,,0,1,0,1
1349,0,-1,middle,1,2,1,0
1350,0,-1,middle,1,2,1,2
1351,0,1,middle,0,3,1,0
1352,0,1,middle,0,3,1,1
1353,0,0,,0,1,0,1
1354,0,0,,0,1,0,1
1355,0,-1,outer,0,3,1,0
1356,0,-1,middle,1,2,-1,2
1357,0,0,,0,1,0,2
1358,0,1,middle,0,3,1,0
1359,0,-1,middle,0,3,1,2
1360,0,1,middle,0,3,1,0
1361,0,-1,middle,0,3,1,2
1362,0,-1,middle,0,3,1,1
1363,0,1,middle,1,2,1,2
1364,0,0,,0,1,0,2
1365,0,0,,0,1,0,2
1366,0,1,middle,1,2,1,0
1367,0,-1,outer,0,3,1,2
1368,0,-1,middle,0,3,1,1
1369,0,0,,0,1,0,1
1370,0,1,middle,1,2,1,2
1371,0,1,outer,0,3,1,0
1372,0,-1,middle,0,3,1,2
1373,0,-1,middle,1,2,-1,1
1374,0,1,middle,1,2,-1,2
1375,0,-1,middle,1,2,-1,1
1376,0,1,middle,1,2,1,2
1377,0,-1,middle,0,3,1,1
1378,0,0,,0,1,0,1
1379,0,0,,0,1,0,1
1380,0,-1,outer,1,2,1,0
1381,0,1,middle,1,2,1,1
1382,0,1,outer,1,2,1,2
1383,0,0,,0,1,0,2
1384,0,-1,middle,0,3,1,1
1385,0,0,,0,1,0,1
1386,0,-1,middle,1,2,1,0
1387,0,0,,0,1,0,0
1388,0,1,middle,1,2,-1,1
1389,0,1,outer,0,3,1,2
1390,0,1,middle,1,2,-1,0
1391,0,1,middle,1,2,1,1
1392,0,1,middle,0,3,1,2
1393,0,1,middle,1,2,-1,0
1394,0,-1,middle,0,3,1,2
1395,0,1,middle,0,3,1,0
1396,0,1,outer,0,3,1,1
1397,0,1,middle,1,2,-1,2
1398,0,-1,outer,0,3,1,1
1399,0,1,outer,0,3,1,2
1400,0,-1,middle,1,2,1,1
1401,0,1,middle,0,3,1,2
1402,0,1,middle,1,2,-1,0
1403,0,1,outer,0,3,1,1
1404,0,1,outer,0,3,1,2
1405,0,1,middle,1,2,-1,0
1406,0,1,middle,1,2,1,1
1407,0,-1,outer,1,2,1,0
1408,0,1,middle,0,3,1,1
1409,0,1,middle,1,2,1,2
1410,0,0,,0,1,0,2
1411,0,0,,0,1,0,2
1412,0,-1,middle,1,2,1,1
1413,0,-1,middle,1,2,-1,0
1414,0,0,,0,1,0,0
1415,0,1,middle,0,3,1,1
1416,0,1,middle,0,3,1,2
1417,0,-1,middle,0,3,1,1
1418,0,-1,outer,0,3,1,0
1419,0,0,,0,1,0,0
1420,0,1,middle,1,2,1,1
1421,0,1,middle,0,3,1,2
1422,0,1,middle,0,3,1,0
1423,0,-1,middle,1,2,1,2
1424,0,-1,middle,1,2,1,1
1425,0,-1,middle,1,2,1,0
1426,0,1,middle,0,3,1,1
1427,0,0,,0,1,0,1
1428,0,1,middle,1,2,1,2
1429,0,-1,middle,0,3,1,1
1430,0,1,outer,0,3,1,2
1431,0,0,,0,1,0,2
1432,0,0,,0,1,0,2
1433,0,0,,0,1,0,2
1434,0,0,,0,1,0,2
1435,0,-1,middle,0,3,1,1
1436,0,-1,outer,1,2,1,0
1437,0,-1,middle,0,3,1,2
1438,0,-1,middle,0,3,1,1
1439,0,-1,middle,1,2,1,0
1440,0,1,outer,0,3,1,1
1441,0,-1,middle,0,3,1,0
1442,0,1,middle,0,3,1,1
1443,0,1,middle,0,3,1,2
1444,0,1,middle,1,2,1,0
1445,0,0,,0,1,0,0
1446,0,-1,outer,0,3,1,2
1447,0,-1,outer,1,2,1,1
1448,0,0,,0,1,0,1
1449,0,-1,outer,0,3,1,0
1450,0,1,middle,1,2,1,1
1451,0,1,middle,1,2,1,2
1452,0,0,,0,1,0,2
1453,0,1,middle,0,3,1,0
1454,0,1,middle,0,3,1,1
1455,0,-1,outer,0,3,1,0
1456,0,-1,middle,1,2,-1,2
1457,0,0,,0,1,0,2
1458,0,-1,middle,1,2,1,1
1459,0,-1,middle,1,2,-1,0
1460,0,-1,middle,0,3,1,2
1461,0,-1,outer,0,3,1,1
1462,0,0,,0,1,0,1
1463,0,0,,0,1,0,1
1464,0,1,outer,0,3,1,2
1465,0,1,middle,0,3,1,0
1466,0,-1,middle,1,2,1,2
1467,0,1,middle,0,3,1,0
1468,0,-1,middle,1,2,1,2
1469,0,-1,middle,1,2,-1,1
1470,0,1,middle,1,2,1,2
1471,0,1,middle,1,2,1,0
1472,0,1,outer,1,2,1,1
1473,0,1,outer,1,2,1,2
1474,0,0,,0,1,0,2
1475,0,1,middle,0,3,1,0
1476,0,-1,middle,0,3,1,2
1477,0,1,middle,0,3,1,0
1478,0,1,middle,0,3,1,1
1479,0,0,,0,1,0,1
1480,0,-1,outer,0,3,1,0
1481,0,1,middle,0,3,1,1
1482,0,1,middle,0,3,1,2
1483,0,-1,outer,1,2,1,1
1484,0,-1,middle,0,3,1,0
1485,0,1,middle,0,3,1,1
1486,0,-1,middle,0,3,1,0
1487,0,1,outer,1,2,1,1
1488,0,0,,0,1,0,1
1489,0,-1,middle,1,2,1,0
1490,0,-1,outer,0,3,1,2
1491,0,-1,outer,0,3,1,1
1492,0,-1,outer,0,3,1,0
1493,0,0,,0,1,0,0
1494,0,0,,0,1,0,0
1495,0,1,middle,0,3,1,1
1496,0,-1,middle,0,3,1,0
1497,0,-1,middle,1,2,1,2
1498,0,-1,middle,1,2,-1,1
1499,0,0,,0,1,0,1
1500,0,1,middle,1,2,-1,2
1501,0,0,,0,1,0,2
1502,0,1,outer,0,3,1,0
1503,0,1,middle,0,3,1,1
1504,0,-1,outer,1,2,1,0
1505,0,-1,outer,1,2,1,2
1506,0,1,middle,1,2,1,0
1507,0,1,middle,0,3,1,1
1508,0,0,,0,1,0,1
1509,0,1,outer,0,3,1,2
1510,0,1,outer,0,3,1,0
1511,0,1,middle,0,3,1,1
1512,0,-1,middle,0,3,1,0
1513,0,1,middle,0,3,1,1
1514,0,1,outer,0,3,1,2
1515,0,1,middle,1,2,1,0
1516,0,1,middle,0,3,1,1
1517,0,0,,0,1,0,1
1518,0,1,outer,0,3,1,2
1519,0,-1,middle,1,2,1,1
1520,0,-1,middle,0,3,1,0
1521,0,0,,0,1,0,0
1522,0,0,,0,1,0,0
1523,0,1,outer,0,3,1,1
1524,0,-1,middle,1,2,1,0
1525,0,1,outer,0,3,1,1
1526,0,1,outer,0,3,1,2
1527,0,0,,0,1,0,2
1528,0,-1,middle,1,2,-1,1
1529,0,-1,outer,0,3,1,0
1530,0,-1,middle,1,2,1,2
1531,0,-1,middle,0,3,1,1
1532,0,1,middle,0,3,1,2
1533,0,1,middle,0,3,1,0
1534,0,0,,0,1,0,0
1535,0,1,outer,0,3,1,1
1536,0,0,,0,1,0,1
1537,0,-1,middle,0,3,1,0
1538,0,1,outer,1,2,1,1
1539,0,1,middle,1,2,-1,2
1540,0,1,middle,0,3,1,0
1541,0,0,,0,1,0,0
1542,0,1,middle,1,2,1,1
1543,0,1,middle,1,2,-1,2
1544,0,0,,0,1,0,2
1545,0,0,,0,1,0,2
1546,0,0,,0,1,0,2
1547,0,1,outer,1,2,1,0
1548,0,0,,0,1,0,0
1549,0,-1,middle,1,2,1,2
1550,0,-1,middle,1,2,1,1
1551,0,-1,outer,0,3,1,0
1552,0,1,outer,0,3,1,1
1553,0,-1,middle,1,2,1,0
1554,0,-1,middle,0,3,1,2
1555,0,-1,outer,0,3,1,1
1556,0,-1,middle,1,2,1,0
1557,0,1,middle,1,2,1,1
1558,0,1,middle,0,3,1,2
1559,0,0,,0,1,0,2
1560,0,-1,middle,1,2,-1,1
1561,0,-1,outer,0,3,1,0
1562,0,1,middle,1,2,1,1
1563,0,1,middle,1,2,1,2
1564,0,0,,0,1,0,2
1565,0,1,middle,1,2,1,0
1566,0,1,middle,0,3,1,1
1567,0,-1,middle,1,2,1,0
1568,0,-1,outer,1,2,1,2
1569,0,1,outer,0,3,1,0
1570,0,-1,middle,0,3,1,2
1571,0,-1,middle,1,2,1,1
1572,0,0,,0,1,0,1
1573,0,0,,0,1,0,1
1574,0,-1,middle,1,2,1,0
1575,0,1,middle,1,2,-1,1
1576,0,1,middle,0,3,1,2
1577,0,-1,middle,1,2,1,1
1578,0,1,middle,1,2,1,2
1579,0,1,outer,0,3,1,0
1580,0,0,,0,1,0,0
1581,0,0,,0,1,0,0
1582,0,1,middle,0,3,1,1
1583,0,1,middle,1,2,-1,2
1584,0,0,,0,1,0,2
1585,0,1,middle,0,3,1,0
1586,0,1,middle,1,2,1,1
1587,0,1,outer,0,3,1,2
1588,0,-1,middle,1,2,1,1
1589,0,1,outer,1,2,1,2
1590,0,1,middle,1,2,1,0
1591,0,0,,0,1,0,0
1592,0,0,,0,1,0,0
1593,0,1,middle,1,2,1,1
1594,0,1,outer,1,2,1,2
1595,0,1,middle,0,3,1,0
1596,0,-1,middle,0,3,1,2
1597,0,1,middle,1,2,-1,0
1598,0,-1,middle,0,3,1,2
1599,0,-1,middle,0,3,1,1
1600,0,0,,0,1,0,1
1601,0,1,middle,0,3,1,2
1602,0,1,outer,0,3,1,0
1603,0,-1,middle,0,3,1,2
1604,0,1,outer,0,3,1,0
1605,0,1,middle,0,3,1,1
1606,0,1,middle,0,3,1,2
1607,0,1,middle,1,2,1,0
1608,0,0,,0,1,0,0
1609,0,1,middle,1,2,1,1
1610,0,1,middle,1,2,-1,2
1611,0,1,middle,0,3,1,0
1612,0,0,,0,1,0,0
1613,0,0,,0,1,0,0
1614,0,0,,0,1,0,0
1615,0,0,,0,1,0,0
1616,0,1,outer,0,3,1,1
1617,0,-1,middle,1,2,-1,0
1618,0,-1,middle,1,2,1,2
1619,0,0,,0,1,0,2
1620,0,1,middle,1,2,1,0
1621,0,1,middle,0,3,1,1
1622,0,1,outer,0,3,1,2
1623,0,1,middle,0,3,1,0
1624,0,-1,outer,0,3,1,2
1625,0,1,middle,0,3,1,0
1626,0,1,middle,0,3,1,1
1627,0,0,,0,1,0,1
1628,0,0,,0,1,0,1
1629,0,0,,0,1,0,1
1630,0,0,,0,1,0,1
1631,0,1,middle,1,2,1,2
1632,0,1,middle,1,2,-1,0
1633,0,0,,0,1,0,0
1634,0,1,middle,1,2,-1,1
1635,0,-1,middle,1,2,-1,0
1636,0,0,,0,1,0,0
1637,0,-1,middle,1,2,1,2
1638,0,-1,middle,0,3,1,1
1639,0,-1,middle,1,2,-1,0
1640,0,0,,0,1,0,0
1641,0,0,,0,1,0,0
1642,0,1,middle,0,3,1,1
1643,0,1,middle,1,2,-1,2
1644,0,1,middle,0,3,1,0
1645,0,-1,middle,0,3,1,2
1646,0,-1,outer,0,3,1,1
1647,0,0,,0,1,0,1
1648,0,1,middle,0,3,1,2
1649,0,1,middle,0,3,1,0
1650,0,-1,middle,1,2,-1,2
1651,0,1,outer,0,3,1,0
1652,0,-1,middle,0,3,1,2
1653,0,0,,0,1,0,2
1654,0,1,middle,0,3,1,0
1655,0,-1,middle,0,3,1,2
1656,0,0,,0,1,0,2
1657,0,-1,middle,0,3,1,1
1658,0,1,middle,1,2,1,2
1659,0,1,middle,0,3,1,0
1660,0,0,,0,1,0,0
1661,0,1,outer,0,3,1,1
1662,0,1,middle,0,3,1,2
1663,0,-1,outer,0,3,1,1
1664,0,-1,middle,0,3,1,0
1665,0,1,middle,1,2,1,1
1666,0,0,,0,1,0,1
1667,0,0,,0,1,0,1
1668,0,1,outer,0,3,1,2
1669,0,-1,middle,1,2,-1,1
1670,0,-1,middle,1,2,1,0
1671,0,-1,middle,0,3,1,2
1672,0,-1,outer,0,3,1,1
1673,0,-1,middle,1,2,-1,0
1674,0,0,,0,1,0,0
1675,0,1,middle,1,2,1,1
1676,0,-1,outer,0,3,1,0
1677,0,-1,middle,1,2,-1,2
1678,0,0,,0,1,0,2
1679,0,1,middle,1,2,1,0
1680,0,-1,outer,0,3,1,2
1681,0,0,,0,1,0,2
1682,0,-1,middle,1,2,1,1
1683,0,-1,middle,0,3,1,0
1684,0,1,middle,0,3,1,1
1685,0,1,middle,0,3,1,2
1686,0,-1,middle,0,3,1,1
1687,0,-1,middle,0,3,1,0
1688,0,-1,middle,1,2,-1,2
1689,0,-1,outer,1,2,1,1
1690,0,1,outer,1,2,1,2
1691,0,-1,middle,1,2,-1,1
1692,0,-1,outer,0,3,1,0
1693,0,0,,0,1,0,0
1694,0,-1,outer,0,3,1,2
1695,0,-1,outer,0,3,1,1
1696,0,-1,outer,0,3,1,0
1697,0,-1,outer,0,3,1,2
1698,0,1,middle,1,2,1,0
1699,0,-1,middle,0,3,1,2
1700,0,-1,middle,1,2,-1,1
1701,0,-1,middle,1,2,-1,0
1702,0,1,middle,0,3,1,1
1703,0,0,,0,1,0,1
1704,0,1,middle,1,2,1,2
1705,0,-1,middle,1,2,-1,1
1706,0,1,middle,1,2,-1,2
1707,0,0,,0,1,0,2
1708,0,0,,0,1,0,2
1709,0,-1,middle,1,2,-1,1
1710,0,0,,0,1,0,1
1711,0,1,outer,1,2,1,2
1712,0,0,,0,1,0,2
1713,0,-1,middle,0,3,1,1
1714,0,0,,0,1,0,1
1715,0,1,middle,0,3,1,2
1716,0,-1,outer,0,3,1,1
1717,0,-1,middle,1,2,1,0
1718,0,1,outer,0,3,1,1
1719,0,-1,middle,0,3,1,0
1720,0,1,middle,1,2,1,1
1721,0,0,,0,1,0,1
1722,0,1,middle,1,2,-1,2
1723,0,1,middle,0,3,1,0
1724,0,0,,0,1,0,0
1725,0,-1,middle,1,2,1,2
1726,0,1,outer,1,2,1,0
1727,0,-1,middle,0,3,1,2
1728,0,1,middle,0,3,1,0
1729,0,1,outer,0,3,1,1
1730,0,0,,0,1,0,1
1731,0,0,,0,1,0,1
1732,0,0,,0,1,0,1
1733,0,-1,outer,0,3,1,0
1734,0,-1,middle,1,2,1,2
1735,0,1,outer,1,2,1,0
1736,0,-1,middle,0,3,1,2
1737,0,-1,outer,0,3,1,1
1738,0,1,outer,0,3,1,2
1739,0,-1,middle,0,3,1,1
1740,0,0,,0,1,0,1
1741,0,0,,0,1,0,1
1742,0,-1,outer,0,3,1,0
1743,0,-1,middle,0,3,1,2
1744,0,-1,middle,0,3,1,1
1745,0,1,middle,0,3,1,2
1746,0,1,outer,1,2,1,0
1747,0,0,,0,1,0,0
1748,0,0,,0,1,0,0
1749,0,1,middle,1,2,1,1
1750,0,1,middle,1,2,1,2
1751,0,-1,outer,0,3,1,1
1752,0,0,,0,1,0,1
1753,0,-1,middle,1,2,1,0
1754,0,0,,0,1,0,0
1755,0,1,middle,0,3,1,1
1756,0,-1,outer,0,3,1,0
1757,0,0,,0,1,0,0
1758,0,0,,0,1,0,0
1759,0,1,outer,0,3,1,1
1760,0,0,,0,1,0,1
1761,0,1,middle,0,3,1,2
1762,0,-1,middle,1,2,-1,1
1763,0,0,,0,1,0,1
1764,0,1,middle,0,3,1,2
1765,0,1,middle,0,3,1,0
1766,0,-1,outer,1,2,1,2
1767,0,0,,0,1,0,2
1768,0,-1,outer,0,3,1,1
1769,0,1,outer,0,3,1,2
1770,0,0,,0,1,0,2
1771,0,-1,middle,1,2,1,1
1772,0,1,outer,1,2,1,2
1773,0,0,,0,1,0,2
1774,0,1,middle,1,2,1,0
1775,0,1,middle,0,3,1,1
1776,0,1,middle,1,2,-1,2
1777,0,-1,middle,1,2,-1,1
1778,0,-1,middle,0,3,1,0
1779,0,1,outer,0,3,1,1
1780,0,-1,outer,1,2,1,0
1781,0,1,middle,0,3,1,1
1782,0,1,middle,0,3,1,2
1783,0,-1,outer,0,3,1,1
1784,0,1,middle,1,2,-1,2
1785,0,1,outer,0,3,1,0
1786,0,0,,0,1,0,0
1787,0,-1,middle,1,2,1,2
1788,0,-1,middle,0,3,1,1
1789,0,0,,0,1,0,1
1790,0,1,outer,0,3,1,2
1791,0,-1,middle,0,3,1,1
1792,0,1,middle,1,2,1,2
1793,0,-1,middle,0,3,1,1
1794,0,0,,0,1,0,1
1795,0,-1,middle,1,2,-1,0
1796,0,0,,0,1,0,0
1797,0,1,middle,0,3,1,1
1798,0,-1,middle,1,2,1,0
1799,0,-1,middle,0,3,1,2
1800,0,1,middle,0,3,1,0
1801,0,-1,middle,0,3,1,2
1802,0,-1,middle,1,2,1,1
1803,0,1,middle,1,2,1,2
1804,0,-1,middle,0,3,1,1
1805,0,0,,0,1,0,1
1806,0,0,,0,1,0,1
1807,0,0,,0,1,0,1
1808,0,0,,0,1,0,1
1809,0,0,,0,1,0,1
1810,0,-1,outer,0,3,1,0
1811,0,-1,middle,0,3,1,2
1812,0,0,,0,1,0,2
1813,0,-1,middle,1,2,1,1
1814,0,1,outer,1,2,1,2
1815,0,-1,middle,0,3,1,1
1816,0,-1,middle,0,3,1,0
1817,0,0,,0,1,0,0
1818,0,1,middle,1,2,1,1
1819,0,1,middle,1,2,-1,2
1820,0,-1,outer,0,3,1,1
1821,0,0,,0,1,0,1
1822,0,1,outer,0,3,1,2
1823,0,-1,middle,1,2,1,1
1824,0,-1,outer,0,3,1,0
1825,0,-1,outer,1,2,1,2
1826,0,1,middle,1,2,1,0
1827,0,0,,0,1,0,0
1828,0,-1,outer,1,2,1,2
1829,0,1,middle,0,3,1,0
1830,0,-1,outer,0,3,1,2
1831,0,1,middle,0,3,1,0
1832,0,1,middle,0,3,1,1
1833,0,1,middle,0,3,1,2
1834,0,0,,0,1,0,2
1835,0,-1,middle,1,2,-1,1
1836,0,1,middle,0,3,1,2
1837,0,1,outer,1,2,1,0
1838,0,-1,middle,0,3,1,2
1839,0,1,middle,1,2,-1,0
1840,0,1,middle,0,3,1,1
1841,0,1,middle,0,3,1,2
1842,0,0,,0,1,0,2
1843,0,1,outer,0,3,1,0
1844,0,-1,middle,1,2,1,2
1845,0,-1,middle,0,3,1,1
1846,0,1,outer,0,3,1,2
1847,0,1,middle,0,3,1,0
1848,0,1,middle,0,3,1,1
1849,0,1,middle,1,2,-1,2
1850,0,-1,middle,1,2,1,1
1851,0,-1,middle,0,3,1,0
1852,0,0,,0,1,0,0
1853,0,-1,middle,0,3,1,2
1854,0,-1,middle,0,3,1,1
1855,0,-1,middle,1,2,-1,0
1856,0,0,,0,1,0,0
1857,0,-1,middle,1,2,1,2
1858,0,-1,middle,0,3,1,1
1859,0,1,middle,1,2,-1,2
1860,0,1,outer,1,2,1,0
1861,0,1,middle,1,2,-1,1
1862,0,-1,middle,0,3,1,0
1863,0,1,outer,0,3,1,1
1864,0,-1,outer,0,3,1,0
1865,0,-1,middle,0,3,1,2
1866,0,-1,outer,1,2,1,1
1867,0,0,,0,1,0,1
1868,0,1,middle,0,3,1,2
1869,0,-1,middle,1,2,-1,1
1870,0,1,outer,0,3,1,2
1871,0,0,,0,1,0,2
1872,0,0,,0,1,0,2
1873,0,0,,0,1,0,2
1874,0,1,middle,1,2,-1,0
1875,0,-1,middle,0,3,1,2
1876,0,-1,middle,0,3,1,1
1877,0,0,,0,1,0,1
1878,0,-1,outer,0,3,1,0
1879,0,1,outer,0,3,1,1
1880,0,1,middle,1,2,1,2
1881,0,-1,middle,1,2,-1,1
1882,0,-1,middle,1,2,-1,0
1883,0,-1,middle,0,3,1,2
1884,0,0,,0,1,0,2
1885,0,-1,middle,0,3,1,1
1886,0,1,middle,0,3,1,2
1887,0,1,middle,0,3,1,0
1888,0,0,,0,1,0,0
1889,0,1,middle,1,2,1,1
1890,0,0,,0,1,0,1
1891,0,-1,middle,1,2,-1,0
1892,0,1,middle,1,2,-1,1
1893,0,-1,outer,1,2,1,0
1894,0,1,middle,1,2,1,1
1895,0,-1,middle,1,2,1,0
1896,0,1,outer,1,2,1,1
1897,0,-1,outer,0,3,1,0
1898,0,0,,0,1,0,0
1899,0,-1,middle,1,2,-1,2
1900,0,-1,middle,0,3,1,1
1901,0,0,,0,1,0,1
1902,0,1,middle,0,3,1,2
1903,0,0,,0,1,0,2
1904,0,-1,middle,1,2,-1,1
1905,0,1,middle,1,2,1,2
1906,0,0,,0,1,0,2
1907,0,1,outer,0,3,1,0
1908,0,1,outer,1,2,1,1
1909,0,-1,middle,0,3,1,0
1910,0,1,middle,1,2,1,1
1911,0,0,,0,1,0,1
1912,0,-1,outer,0,3,1,0
1913,0,1,outer,0,3,1,1
1914,0,0,,0,1,0,1
1915,0,1,outer,0,3,1,2
1916,0,-1,middle,0,3,1,1
1917,0,-1,middle,0,3,1,0
1918,0,0,,0,1,0,0
1919,0,1,middle,1,2,1,1
1920,0,-1,outer,0,3,1,0
1921,0,-1,middle,0,3,1,2
1922,0,1,outer,0,3,1,0
1923,0,1,middle,1,2,1,1
1924,0,1,middle,0,3,1,2
1925,0,0,,0,1,0,2
1926,0,1,middle,1,2,1,0
1927,0,1,middle,0,3,1,1
1928,0,0,,0,1,0,1
1929,0,1,middle,1,2,1,2
1930,0,1,outer,0,3,1,0
1931,0,1,middle,0,3,1,1
1932,0,0,,0,1,0,1
1933,0,1,middle,1,2,-1,2
1934,0,1,middle,0,3,1,0
1935,0,0,,0,1,0,0
1936,0,-1,middle,0,3,1,2
1937,0,1,outer,0,3,1,0
1938,0,0,,0,1,0,0
1939,0,0,,0,1,0,0
1940,0,1,middle,1,2,1,1
1941,0,0,,0,1,0,1
1942,0,1,outer,0,3,1,2
1943,0,-1,middle,1,2,-1,1
1944,0,1,middle,0,3,1,2
1945,0,0,,0,1,0,2
1946,0,-1,middle,1,2,-1,1
1947,0,1,outer,0,3,1,2
1948,0,0,,0,1,0,2
1949,0,-1,middle,0,3,1,1
1950,0,-1,outer,0,3,1,0
1951,0,1,middle,0,3,1,1
1952,0,0,,0,1,0,1
1953,0,-1,outer,1,2,1,0
1954,0,1,middle,0,3,1,1
1955,0,-1,middle,0,3,1,0
1956,0,0,,0,1,0,0
1957,0,1,outer,0,3,1,1
1958,0,-1,middle,1,2,1,0
1959,0,0,,0,1,0,0
1960,0,0,,0,1,0,0
1961,0,1,middle,0,3,1,1
1962,0,-1,middle,0,3,1,0
1963,0,1,middle,1,2,1,1
1964,0,1,middle,1,2,1,2
1965,0,1,outer,0,3,1,0
1966,0,0,,0,1,0,0
1967,0,-1,middle,1,2,1,2
1968,0,1,middle,0,3,1,0
1969,0,0,,0,1,0,0
1970,0,0,,0,1,0,0
1971,0,1,middle,0,3,1,1
1972,0,1,outer,0,3,1,2
1973,0,-1,outer,0,3,1,1
1974,0,1,outer,0,3,1,2
1975,0,0,,0,1,0,2
1976,0,1,middle,1,2,1,0
1977,0,0,,0,1,0,0
1978,0,0,,0,1,0,0
1979,0,1,middle,1,2,-1,1
1980,0,1,middle,1,2,1,2
1981,0,-1,middle,1,2,1,1
1982,0,1,middle,0,3,1,2
1983,0,-1,middle,1,2,1,1
1984,0,0,,0,1,0,1
1985,0,1,middle,0,3,1,2
1986,0,-1,middle,1,2,-1,1
1987,0,1,outer,1,2,1,2
1988,0,1,middle,1,2,-1,0
1989,0,-1,outer,0,3,1,2
1990,0,0,,0,1,0,2
1991,0,-1,middle,1,2,1,1
1992,0,0,,0,1,0,1
1993,0,1,middle,0,3,1,2
1994,0,-1,middle,1,2,1,1
1995,0,1,middle,1,2,1,2
1996,0,-1,middle,1,2,1,1
1997,0,1,middle,0,3,1,2
1998,0,1,outer,0,3,1,0
1999,0,1,middle,0,3,1,1
2000,0,0,,0,1,0,1
2001,0,0,,0,1,0,1
2002,0,-1,middle,0,3,1,0
2003,0,0,,0,1,0,0
2004,0,-1,middle,0,3,1,2
2005,0,1,middle,1,2,-1,0
2006,0,1,middle,0,3,1,1
2007,0,-1,outer,0,3,1,0
2008,0,0,,0,1,0,0
2009,0,-1,middle,0,3,1,2
2010,0,-1,outer,0,3,1,1
2011,0,0,,0,1,0,1
2012,0,1,middle,1,2,1,2
2013,0,-1,middle,1,2,-1,1
2014,0,1,outer,0,3,1,2
2015,0,-1,middle,0,3,1,1
2016,0,-1,outer,0,3,1,0
2017,0,-1,outer,1,2,1,2
2018,0,1,middle,1,2,-1,0
2019,0,1,middle,1,2,1,1
2020,0,1,middle,1,2,-1,2
2021,0,0,,0,1,0,2
2022,0,-1,outer,0,3,1,1
2023,0,-1,outer,0,3,1,0
2024,0,0,,0,1,0,0
2025,0,-1,outer,0,3,1,2
2026,0,0,,0,1,0,2
2027,0,1,outer,0,3,1,0
2028,0,1,outer,0,3,1,1
2029,0,1,middle,1,2,1,2
2030,0,0,,0,1,0,2
2031,0,0,,0,1,0,2
2032,0,-1,middle,0,3,1,1
2033,0,1,middle,1,2,-1,2
2034,0,-1,middle,0,3,1,1
2035,0,1,middle,1,2,-1,2
2036,0,0,,0,1,0,2
2037,0,-1,outer,0,3,1,1
2038,0,0,,0,1,0,1
2039,0,-1,outer,1,2,1,0
2040,0,1,outer,0,3,1,1
2041,0,1,middle,1,2,1,2
2042,0,0,,0,1,0,2
2043,0,-1,outer,0,3,1,1
2044,0,-1,middle,1,2,1,0
2045,0,-1,middle,0,3,1,2
2046,0,1,middle,1,2,1,0
2047,0,-1,outer,0,3,1,2
0,1/2,1,middle,1,2,1,1
1,1/2,1,middle,0,3,1,2
2,1/2,-1,middle,1,2,-1,1
3,1/2,1,middle,0,3,1,2
4,1/2,0,,0,1,0,2
5,1/2,-1,outer,1,2,1,1
6,1/2,1,outer,1,2,1,2
7,1/2,1,middle,0,3,1,0
8,1/2,0,,0,1,0,0
9,1/2,-1,outer,1,2,1,2
10,1/2,-1,outer,1,2,1,1
11,1/2,1,outer,0,3,1,2
12,1/2,1,middle,0,3,1,0
13,1/2,-1,outer,0,3,1,2
14,1/2,-1,middle,1,2,-1,1
15,1/2,0,,0,1,0,1
16,1/2,1,middle,0,3,1,2
17,1/2,1,outer,0,3,1,0
18,1/2,0,,0,1,0,0
19,1/2,-1,middle,1,2,1,2
20,1/2,1,outer,1,2,1,0
21,1/2,0,,0,1,0,0
22,1/2,1,middle,0,3,1,1
23,1/2,0,,0,1,0,1
24,1/2,1,middle,0,3,1,2
25,1/2,1,outer,1,2,1,0
26,1/2,1,outer,0,3,1,1
27,1/2,1,outer,1,2,1,2
28,1/2,-1,middle,0,3,1,1
29,1/2,1,outer,1,2,1,2
30,1/2,0,,0,1,0,2
31,1/2,1,outer,1,2,1,0
32,1/2,1,outer,1,2,1,1
33,1/2,1,outer,1,2,1,2
34,1/2,1,outer,0,3,1,0
35,1/2,1,middle,1,2,1,1
36,1/2,1,outer,0,3,1,2
37,1/2,1,outer,1,2,1,0
38,1/2,1,outer,1,2,1,1
39,1/2,1,middle,1,2,1,2
40,1/2,-1,middle,1,2,-1,1
41,1/2,0,,0,1,0,1
42,1/2,0,,0,1,0,1
43,1/2,1,outer,1,2,1,2
44,1/2,1,middle,1,2,-1,0
45,1/2,1,outer,1,2,1,1
46,1/2,-1,outer,1,2,1,0
47,1/2,1,middle,0,3,1,1
48,1/2,0,,0,1,0,1
49,1/2,-1,middle,1,2,1,0
50,1/2,-1,outer,0,3,1,2
51,1/2,1,outer,1,2,1,0
52,1/2,-1,middle,0,3,1,2
53,1/2,-1,middle,1,2,1,1
54,1/2,-1,middle,0,3,1,0
55,1/2,1,middle,1,2,1,1
56,1/2,0,,0,1,0,1
57,1/2,1,middle,0,3,1,2
58,1/2,1,middle,1,2,1,0
59,1/2,1,outer,0,3,1,1
60,1/2,-1,middle,0,3,1,0
61,1/2,1,middle,1,2,1,1
62,1/2,1,middle,0,3,1,2
63,1/2,1,outer,0,3,1,0
64,1/2,1,middle,0,3,1,1
65,1/2,-1,outer,0,3,1,0
66,1/2,-1,outer,0,3,1,2
67,1/2,1,outer,1,2,1,0
68,1/2,1,outer,0,3,1,1
69,1/2,0,,0,1,0,1
70,1/2,1,outer,1,2,1,2
71,1/2,1,outer,0,3,1,0
72,1/2,1,middle,1,2,1,1
73,1/2,-1,outer,0,3,1,0
74,1/2,-1,outer,1,2,1,2
75,1/2,1,outer,1,2,1,0
76,1/2,1,outer,1,2,1,1
77,1/2,1,outer,1,2,1,2
78,1/2,1,outer,0,3,1,0
79,1/2,1,outer,0,3,1,1
80,1/2,1,outer,0,3,1,2
81,1/2,0,,0,1,0,2
82,1/2,1,outer,0,3,1,0
83,1/2,-1,middle,1,2,1,2
84,1/2,0,,0,1,0,2
85,1/2,1,middle,1,2,-1,0
86,1/2,1,outer,1,2,1,1
87,1/2,1,outer,0,3,1,2
88,1/2,1,outer,0,3,1,0
89,1/2,1,middle,0,3,1,1
90,1/2,0,,0,1,0,1
91,1/2,1,middle,1,2,1,2
92,1/2,0,,0,1,0,2
93,1/2,0,,0,1,0,2
94,1/2,1,outer,0,3,1,0
95,1/2,0,,0,1,0,0
96,1/2,0,,0,1,0,0
97,1/2,-1,outer,1,2,1,2
98,1/2,1,middle,0,3,1,0
99,1/2,0,,0,1,0,0
100,1/2,-1,middle,0,3,1,2
101,1/2,1,outer,0,3,1,0
102,1/2,1,outer,1,2,1,1
103,1/2,1,middle,0,3,1,2
104,1/2,1,middle,0,3,1,0
105,1/2,1,middle,0,3,1,1
106,1/2,1,middle,0,3,1,2
107,1/2,0,,0,1,0,2
108,1/2,1,middle,1,2,1,0
109,1/2,1,middle,1,2,1,1
110,1/2,1,outer,0,3,1,2
111,1/2,1,middle,1,2,1,0
112,1/2,0,,0,1,0,0
113,1/2,1,outer,1,2,1,1
114,1/2,1,middle,0,3,1,2
115,1/2,1,outer,1,2,1,0
116,1/2,0,,0,1,0,0
117,1/2,0,,0,1,0,0
118,1/2,1,outer,0,3,1,1
119,1/2,0,,0,1,0,1
120,1/2,0,,0,1,0,1
121,1/2,1,middle,0,3,1,2
122,1/2,-1,outer,0,3,1,1
123,1/2,-1,middle,0,3,1,0
124,1/2,1,outer,0,3,1,1
125,1/2,1,outer,0,3,1,2
126,1/2,0,,0,1,0,2
127,1/2,-1,outer,1,2,1,1
128,1/2,1,outer,0,3,1,2
129,1/2,1,middle,0,3,1,0
130,1/2,1,middle,1,2,1,1
131,1/2,-1,outer,0,3,1,0
132,1/2,1,outer,0,3,1,1
133,1/2,1,middle,0,3,1,2
134,1/2,1,middle,0,3,1,0
135,1/2,0,,0,1,0,0
136,1/2,1,outer,0,3,1,1
137,1/2,-1,outer,0,3,1,0
138,1/2,-1,middle,0,3,1,2
139,1/2,1,outer,1,2,1,0
140,1/2,0,,0,1,0,0
141,1/2,1,outer,0,3,1,1
142,1/2,1,outer,0,3,1,2
143,1/2,1,middle,1,2,1,0
144,1/2,0,,0,1,0,0
145,1/2,1,outer,0,3,1,1
146,1/2,1,outer,0,3,1,2
147,1/2,1,middle,1,2,1,0
148,1/2,1,middle,1,2,1,1
149,1/2,1,outer,0,3,1,2
150,1/2,1,outer,1,2,1,0
151,1/2,1,outer,0,3,1,1
152,1/2,-1,middle,0,3,1,0
153,1/2,-1,outer,0,3,1,2
154,1/2,1,middle,1,2,1,0
155,1/2,1,middle,1,2,1,1
156,1/2,1,middle,1,2,1,2
157,1/2,-1,middle,0,3,1,1
158,1/2,1,middle,1,2,-1,2
159,1/2,1,outer,1,2,1,0
160,1/2,0,,0,1,0,0
161,1/2,-1,outer,0,3,1,2
162,1/2,0,,0,1,0,2
163,1/2,1,outer,1,2,1,0
164,1/2,-1,outer,1,2,1,2
165,1/2,1,outer,0,3,1,0
166,1/2,1,outer,1,2,1,1
167,1/2,-1,middle,0,3,1,0
168,1/2,-1,middle,1,2,1,2
169,1/2,1,middle,0,3,1,0
170,1/2,0,,0,1,0,0
171,1/2,1,middle,1,2,1,1
172,1/2,1,outer,1,2,1,2
173,1/2,0,,0,1,0,2
174,1/2,1,middle,0,3,1,0
175,1/2,1,outer,0,3,1,1
176,1/2,-1,middle,0,3,1,0
177,1/2,1,middle,1,2,1,1
178,1/2,1,outer,1,2,1,2
179,1/2,1,middle,1,2,1,0
180,1/2,1,outer,1,2,1,1
181,1/2,1,outer,0,3,1,2
182,1/2,1,outer,0,3,1,0
183,1/2,-1,outer,0,3,1,2
184,1/2,1,outer,0,3,1,0
185,1/2,1,middle,1,2,1,1
186,1/2,1,outer,0,3,1,2
187,1/2,0,,0,1,0,2
188,1/2,1,outer,0,3,1,0
189,1/2,1,outer,1,2,1,1
190,1/2,-1,middle,1,2,1,0
191,1/2,1,middle,1,2,1,1
192,1/2,-1,outer,0,3,1,0
193,1/2,0,,0,1,0,0
194,1/2,1,outer,1,2,1,1
195,1/2,0,,0,1,0,1
196,1/2,0,,0,1,0,1
197,1/2,0,,0,1,0,1
198,1/2,-1,outer,0,3,1,0
199,1/2,1,outer,1,2,1,1
200,1/2,1,outer,0,3,1,2
201,1/2,-1,middle,1,2,-1,1
202,1/2,1,outer,0,3,1,2
203,1/2,0,,0,1,0,2
204,1/2,-1,middle,0,3,1,1
205,1/2,0,,0,1,0,1
206,1/2,0,,0,1,0,1
207,1/2,-1,outer,1,2,1,0
208,1/2,1,middle,1,2,1,1
209,1/2,1,outer,1,2,1,2
210,1/2,0,,0,1,0,2
211,1/2,-1,middle,1,2,1,1
212,1/2,1,outer,1,2,1,2
213,1/2,1,middle,1,2,1,0
214,1/2,0,,0,1,0,0
215,1/2,1,outer,0,3,1,1
216,1/2,1,outer,0,3,1,2
217,1/2,1,middle,0,3,1,0
218,1/2,1,outer,0,3,1,1
219,1/2,1,outer,1,2,1,2
220,1/2,1,outer,1,2,1,0
221,1/2,1,outer,1,2,1,1
222,1/2,0,,0,1,0,1
223,1/2,1,middle,0,3,1,2
224,1/2,1,outer,1,2,1,0
225,1/2,0,,0,1,0,0
226,1/2,0,,0,1,0,0
227,1/2,1,outer,0,3,1,1
228,1/2,-1,middle,1,2,1,0
229,1/2,1,outer,1,2,1,1
230,1/2,0,,0,1,0,1
231,1/2,1,outer,0,3,1,2
232,1/2,1,middle,0,3,1,0
233,1/2,1,outer,0,3,1,1
234,1/2,1,middle,0,3,1,2
235,1/2,-1,outer,0,3,1,1
236,1/2,1,middle,1,2,-1,2
237,1/2,1,outer,0,3,1,0
238,1/2,-1,outer,0,3,1,2
239,1/2,1,middle,1,2,1,0
240,1/2,1,outer,0,3,1,1
241,1/2,0,,0,1,0,1
242,1/2,1,middle,1,2,-1,2
243,1/2,-1,middle,1,2,1,1
244,1/2,1,middle,1,2,1,2
245,1/2,1,outer,1,2,1,0
246,1/2,1,middle,1,2,-1,1
247,1/2,0,,0,1,0,1
248,1/2,1,middle,1,2,-1,2
249,1/2,1,outer,1,2,1,0
250,1/2,1,middle,1,2,1,1
251,1/2,0,,0,1,0,1
252,1/2,1,middle,0,3,1,2
253,1/2,0,,0,1,0,2
254,1/2,-1,outer,1,2,1,1
255,1/2,1,middle,1,2,-1,2
256,1/2,1,middle,0,3,1,0
257,1/2,1,middle,0,3,1,1
258,1/2,1,middle,0,3,1,2
259,1/2,1,outer,1,2,1,0
260,1/2,1,outer,1,2,1,1
261,1/2,-1,outer,1,2,1,0
262,1/2,0,,0,1,0,0
263,1/2,1,middle,1,2,1,1
264,1/2,1,middle,1,2,-1,2
265,1/2,0,,0,1,0,2
266,1/2,1,outer,0,3,1,0
267,1/2,-1,middle,1,2,1,2
268,1/2,0,,0,1,0,2
269,1/2,0,,0,1,0,2
270,1/2,0,,0,1,0,2
271,1/2,0,,0,1,0,2
272,1/2,-1,outer,0,3,1,1
273,1/2,-1,middle,1,2,1,0
274,1/2,1,middle,0,3,1,1
275,1/2,1,outer,1,2,1,2
276,1/2,1,outer,1,2,1,0
277,1/2,-1,middle,1,2,1,2
278,1/2,-1,middle,1,2,1,1
279,1/2,-1,outer,1,2,1,0
280,1/2,1,outer,0,3,1,1
281,1/2,0,,0,1,0,1
282,1/2,1,middle,1,2,1,2
283,1/2,1,outer,0,3,1,0
284,1/2,0,,0,1,0,0
285,1/2,1,middle,1,2,-1,1
286,1/2,1,outer,0,3,1,2
287,1/2,0,,0,1,0,2
288,1/2,1,outer,0,3,1,0
289,1/2,1,middle,0,3,1,1
290,1/2,-1,outer,1,2,1,0
291,1/2,0,,0,1,0,0
292,1/2,0,,0,1,0,0
293,1/2,-1,outer,1,2,1,2
294,1/2,0,,0,1,0,2
295,1/2,0,,0,1,0,2
296,1/2,1,middle,1,2,1,0
297,1/2,-1,middle,0,3,1,2
298,1/2,0,,0,1,0,2
299,1/2,1,middle,1,2,-1,0
300,1/2,-1,outer,0,3,1,2
301,1/2,1,outer,1,2,1,0
302,1/2,1,middle,1,2,1,1
303,1/2,0,,0,1,0,1
304,1/2,1,middle,1,2,1,2
305,1/2,1,middle,1,2,-1,0
306,1/2,-1,outer,0,3,1,2
307,1/2,1,middle,1,2,1,0
308,1/2,0,,0,1,0,0
309,1/2,1,middle,0,3,1,1
310,1/2,-1,outer,0,3,1,0
311,1/2,1,middle,1,2,1,1
312,1/2,1,middle,0,3,1,2
313,1/2,1,outer,0,3,1,0
314,1/2,1,outer,0,3,1,1
315,1/2,1,middle,1,2,1,2
316,1/2,1,outer,1,2,1,0
317,1/2,0,,0,1,0,0
318,1/2,0,,0,1,0,0
319,1/2,1,middle,0,3,1,1
320,1/2,1,middle,0,3,1,2
321,1/2,0,,0,1,0,2
322,1/2,-1,outer,0,3,1,1
323,1/2,1,outer,0,3,1,2
324,1/2,-1,outer,0,3,1,1
325,1/2,1,middle,1,2,1,2
326,1/2,1,middle,1,2,1,0
327,1/2,1,outer,1,2,1,1
328,1/2,1,middle,0,3,1,2
329,1/2,-1,outer,1,2,1,1
330,1/2,1,middle,0,3,1,2
331,1/2,0,,0,1,0,2
332,1/2,-1,middle,1,2,1,1
333,1/2,1,outer,0,3,1,2
334,1/2,1,middle,1,2,1,0
335,1/2,1,middle,0,3,1,1
336,1/2,1,middle,1,2,1,2
337,1/2,1,outer,1,2,1,0
338,1/2,1,outer,0,3,1,1
339,1/2,1,middle,0,3,1,2
340,1/2,0,,0,1,0,2
341,1/2,1,outer,0,3,1,0
342,1/2,0,,0,1,0,0
343,1/2,1,outer,1,2,1,1
344,1/2,-1,outer,0,3,1,0
345,1/2,1,outer,1,2,1,1
346,1/2,1,middle,1,2,-1,2
347,1/2,1,middle,1,2,1,0
348,1/2,1,outer,1,2,1,1
349,1/2,-1,outer,0,3,1,0
350,1/2,-1,middle,0,3,1,2
351,1/2,-1,outer,0,3,1,1
352,1/2,1,middle,1,2,1,2
353,1/2,-1,middle,1,2,-1,1
354,1/2,1,middle,0,3,1,2
355,1/2,1,middle,0,3,1,0
356,1/2,1,outer,1,2,1,1
357,1/2,1,outer,0,3,1,2
358,1/2,-1,middle,0,3,1,1
359,1/2,1,middle,1,2,1,2
360,1/2,1,outer,0,3,1,0
361,1/2,1,outer,0,3,1,1
362,1/2,-1,outer,1,2,1,0
363,1/2,-1,middle,1,2,1,2
364,1/2,-1,outer,1,2,1,1
365,1/2,0,,0,1,0,1
366,1/2,0,,0,1,0,1
367,1/2,1,outer,1,2,1,2
368,1/2,0,,0,1,0,2
369,1/2,1,middle,1,2,-1,0
370,1/2,1,outer,1,2,1,1
371,1/2,1,middle,1,2,-1,2
372,1/2,-1,middle,0,3,1,1
373,1/2,0,,0,1,0,1
374,1/2,1,middle,0,3,1,2
375,1/2,0,,0,1,0,2
376,1/2,0,,0,1,0,2
377,1/2,1,middle,1,2,-1,0
378,1/2,1,middle,1,2,1,1
379,1/2,1,middle,0,3,1,2
380,1/2,1,outer,1,2,1,0
381,1/2,0,,0,1,0,0
382,1/2,0,,0,1,0,0
383,1/2,0,,0,1,0,0
384,1/2,1,outer,1,2,1,1
385,1/2,-1,outer,0,3,1,0
386,1/2,0,,0,1,0,0
387,1/2,1,outer,0,3,1,1
388,1/2,1,outer,0,3,1,2
389,1/2,-1,middle,0,3,1,1
390,1/2,1,middle,0,3,1,2
391,1/2,1,outer,0,3,1,0
392,1/2,0,,0,1,0,0
393,1/2,1,middle,1,2,1,1
394,1/2,1,middle,1,2,1,2
395,1/2,-1,middle,1,2,1,1
396,1/2,1,middle,1,2,1,2
397,1/2,1,middle,1,2,-1,0
398,1/2,1,middle,1,2,1,1
399,1/2,1,middle,1,2,1,2
400,1/2,1,outer,0,3,1,0
401,1/2,0,,0,1,0,0
402,1/2,1,outer,1,2,1,1
403,1/2,-1,outer,0,3,1,0
404,1/2,-1,outer,0,3,1,2
405,1/2,1,middle,0,3,1,0
406,1/2,1,outer,1,2,1,1
407,1/2,0,,0,1,0,1
408,1/2,1,outer,0,3,1,2
409,1/2,1,outer,0,3,1,0
410,1/2,1,middle,1,2,1,1
411,1/2,-1,outer,1,2,1,0
412,1/2,1,middle,0,3,1,1
413,1/2,-1,middle,0,3,1,0
414,1/2,0,,0,1,0,0
415,1/2,1,outer,1,2,1,1
416,1/2,-1,middle,1,2,-1,0
417,1/2,0,,0,1,0,0
418,1/2,1,middle,0,3,1,1
419,1/2,1,middle,0,3,1,2
420,1/2,-1,middle,1,2,-1,1
421,1/2,1,outer,1,2,1,2
422,1/2,0,,0,1,0,2
423,1/2,-1,outer,1,2,1,1
424,1/2,1,outer,0,3,1,2
425,1/2,-1,middle,0,3,1,1
426,1/2,1,middle,0,3,1,2
427,1/2,1,middle,0,3,1,0
428,1/2,1,middle,1,2,-1,1
429,1/2,0,,0,1,0,1
430,1/2,1,outer,1,2,1,2
431,1/2,0,,0,1,0,2
432,1/2,1,outer,0,3,1,0
433,1/2,1,outer,0,3,1,1
434,1/2,-1,outer,1,2,1,0
435,1/2,1,outer,0,3,1,1
436,1/2,0,,0,1,0,1
437,1/2,-1,outer,1,2,1,0
438,1/2,1,middle,1,2,1,1
439,1/2,1,middle,1,2,-1,2
440,1/2,0,,0,1,0,2
441,1/2,1,outer,1,2,1,0
442,1/2,0,,0,1,0,0
443,1/2,1,outer,1,2,1,1
444,1/2,1,outer,1,2,1,2
445,1/2,1,middle,1,2,1,0
446,1/2,0,,0,1,0,0
447,1/2,-1,middle,1,2,1,2
448,1/2,-1,outer,0,3,1,1
449,1/2,1,outer,1,2,1,2
450,1/2,1,outer,1,2,1,0
451,1/2,-1,outer,1,2,1,2
452,1/2,0,,0,1,0,2
453,1/2,1,middle,0,3,1,0
454,1/2,1,outer,0,3,1,1
455,1/2,1,outer,0,3,1,2
456,1/2,0,,0,1,0,2
457,1/2,1,outer,1,2,1,0
458,1/2,1,middle,1,2,1,1
459,1/2,1,outer,0,3,1,2
460,1/2,-1,outer,1,2,1,1
461,1/2,0,,0,1,0,1
462,1/2,1,outer,1,2,1,2
463,1/2,1,outer,1,2,1,0
464,1/2,1,outer,1,2,1,1
465,1/2,1,outer,1,2,1,2
466,1/2,-1,middle,1,2,-1,1
467,1/2,1,middle,1,2,1,2
468,1/2,1,outer,0,3,1,0
469,1/2,1,outer,1,2,1,1
470,1/2,1,middle,1,2,1,2
471,1/2,-1,outer,1,2,1,1
472,1/2,1,middle,1,2,-1,2
473,1/2,-1,outer,0,3,1,1
474,1/2,-1,middle,1,2,1,0
475,1/2,1,outer,1,2,1,1
476,1/2,0,,0,1,0,1
477,1/2,1,middle,1,2,1,2
478,1/2,0,,0,1,0,2
479,1/2,0,,0,1,0,2
480,1/2,1,outer,1,2,1,0
481,1/2,1,middle,1,2,1,1
482,1/2,1,middle,1,2,1,2
483,1/2,1,outer,1,2,1,0
484,1/2,1,middle,0,3,1,1
485,1/2,1,middle,1,2,1,2
486,1/2,-1,middle,0,3,1,1
487,1/2,0,,0,1,0,1
488,1/2,-1,outer,0,3,1,0
489,1/2,1,middle,1,2,1,1
490,1/2,-1,outer,0,3,1,0
491,1/2,1,outer,1,2,1,1
492,1/2,1,middle,0,3,1,2
493,1/2,-1,middle,1,2,1,1
494,1/2,0,,0,1,0,1
495,1/2,-1,middle,0,3,1,0
496,1/2,0,,0,1,0,0
497,1/2,-1,outer,0,3,1,2
498,1/2,1,middle,1,2,1,0
499,1/2,1,outer,0,3,1,1
500,1/2,1,outer,1,2,1,2
501,1/2,-1,middle,1,2,-1,1
502,1/2,1,outer,1,2,1,2
503,1/2,1,outer,0,3,1,0
504,1/2,1,middle,1,2,1,1
505,1/2,1,middle,1,2,1,2
506,1/2,1,outer,1,2,1,0
507,1/2,1,outer,1,2,1,1
508,1/2,1,middle,0,3,1,2
509,1/2,-1,middle,1,2,1,1
510,1/2,0,,0,1,0,1
511,1/2,-1,middle,0,3,1,0
512,1/2,1,middle,0,3,1,1
513,1/2,1,outer,0,3,1,2
514,1/2,1,middle,0,3,1,0
515,1/2,1,middle,1,2,1,1
516,1/2,1,outer,1,2,1,2
517,1/2,1,middle,1,2,1,0
518,1/2,1,middle,0,3,1,1
519,1/2,1,outer,1,2,1,2
520,1/2,-1,middle,1,2,-1,1
521,1/2,0,,0,1,0,1
522,1/2,1,middle,1,2,1,2
523,1/2,1,outer,0,3,1,0
524,1/2,1,middle,1,2,1,1
525,1/2,1,outer,0,3,1,2
526,1/2,0,,0,1,0,2
527,1/2,1,outer,1,2,1,0
528,1/2,1,outer,0,3,1,1
529,1/2,1,middle,1,2,1,2
530,1/2,-1,outer,1,2,1,1
531,1/2,1,outer,0,3,1,2
532,1/2,-1,outer,1,2,1,1
533,1/2,0,,0,1,0,1
534,1/2,0,,0,1,0,1
535,1/2,-1,outer,0,3,1,0
536,1/2,1,middle,1,2,-1,1
537,1/2,-1,outer,0,3,1,0
538,1/2,1,outer,1,2,1,1
539,1/2,1,outer,1,2,1,2
540,1/2,1,outer,0,3,1,0
541,1/2,1,middle,1,2,-1,1
542,1/2,0,,0,1,0,1
543,1/2,1,outer,1,2,1,2
544,1/2,0,,0,1,0,2
545,1/2,1,outer,0,3,1,0
546,1/2,-1,outer,0,3,1,2
547,1/2,1,middle,1,2,1,0
548,1/2,1,middle,1,2,-1,1
549,1/2,1,middle,1,2,1,2
550,1/2,1,middle,0,3,1,0
551,1/2,1,middle,1,2,1,1
552,1/2,1,middle,1,2,1,2
553,1/2,1,outer,0,3,1,0
554,1/2,0,,0,1,0,0
555,1/2,0,,0,1,0,0
556,1/2,-1,outer,1,2,1,2
557,1/2,1,outer,0,3,1,0
558,1/2,1,outer,1,2,1,1
559,1/2,-1,outer,1,2,1,0
560,1/2,1,middle,0,3,1,1
561,1/2,1,outer,1,2,1,2
562,1/2,-1,middle,0,3,1,1
563,1/2,1,outer,0,3,1,2
564,1/2,1,outer,1,2,1,0
565,1/2,1,middle,1,2,1,1
566,1/2,1,outer,0,3,1,2
567,1/2,1,middle,0,3,1,0
568,1/2,-1,outer,1,2,1,2
569,1/2,1,outer,1,2,1,0
570,1/2,1,outer,1,2,1,1
571,1/2,0,,0,1,0,1
572,1/2,1,middle,1,2,1,2
573,1/2,1,outer,0,3,1,0
574,1/2,1,middle,0,3,1,1
575,1/2,0,,0,1,0,1
576,1/2,-1,outer,0,3,1,0
577,1/2,-1,middle,0,3,1,2
578,1/2,1,outer,1,2,1,0
579,1/2,1,outer,0,3,1,1
580,1/2,1,middle,0,3,1,2
581,1/2,-1,middle,1,2,1,1
582,1/2,1,outer,1,2,1,2
583,1/2,0,,0,1,0,2
584,1/2,-1,outer,1,2,1,1
585,1/2,-1,middle,1,2,1,0
586,1/2,0,,0,1,0,0
587,1/2,-1,middle,1,2,-1,2
588,1/2,1,middle,1,2,1,0
589,1/2,-1,middle,1,2,1,2
590,1/2,1,outer,1,2,1,0
591,1/2,1,middle,0,3,1,1
592,1/2,-1,outer,0,3,1,0
593,1/2,-1,outer,0,3,1,2
594,1/2,1,outer,0,3,1,0
595,1/2,0,,0,1,0,0
596,1/2,1,outer,0,3,1,1
597,1/2,1,middle,1,2,1,2
598,1/2,1,outer,0,3,1,0
599,1/2,1,outer,1,2,1,1
600,1/2,-1,outer,1,2,1,0
601,1/2,1,outer,0,3,1,1
602,1/2,-1,middle,0,3,1,0
603,1/2,1,outer,1,2,1,1
604,1/2,1,middle,1,2,1,2
605,1/2,0,,0,1,0,2
606,1/2,1,outer,0,3,1,0
607,1/2,1,outer,0,3,1,1
608,1/2,1,middle,1,2,1,2
609,1/2,0,,0,1,0,2
610,1/2,-1,outer,0,3,1,1
611,1/2,1,outer,1,2,1,2
612,1/2,0,,0,1,0,2
613,1/2,1,outer,1,2,1,0
614,1/2,-1,outer,0,3,1,2
615,1/2,0,,0,1,0,2
616,1/2,0,,0,1,0,2
617,1/2,-1,middle,1,2,1,1
618,1/2,-1,middle,1,2,1,0
619,1/2,0,,0,1,0,0
620,1/2,0,,0,1,0,0
621,1/2,1,outer,0,3,1,1
622,1/2,1,middle,1,2,-1,2
623,1/2,1,outer,0,3,1,0
624,1/2,1,outer,0,3,1,1
625,1/2,-1,middle,1,2,1,0
626,1/2,-1,outer,0,3,1,2
627,1/2,1,outer,1,2,1,0
628,1/2,1,middle,1,2,1,1
629,1/2,-1,outer,1,2,1,0
630,1/2,0,,0,1,0,0
631,1/2,-1,outer,1,2,1,2
632,1/2,1,outer,0,3,1,0
633,1/2,-1,outer,0,3,1,2
634,1/2,1,middle,0,3,1,0
635,1/2,1,outer,0,3,1,1
636,1/2,1,outer,1,2,1,2
637,1/2,1,outer,0,3,1,0
638,1/2,0,,0,1,0,0
639,1/2,-1,middle,0,3,1,2
640,1/2,1,outer,1,2,1,0
641,1/2,1,middle,1,2,1,1
642,1/2,0,,0,1,0,1
643,1/2,1,outer,1,2,1,2
644,1/2,1,outer,1,2,1,0
645,1/2,1,outer,1,2,1,1
646,1/2,-1,outer,1,2,1,0
647,1/2,0,,0,1,0,0
648,1/2,0,,0,1,0,0
649,1/2,1,middle,1,2,1,1
650,1/2,1,outer,0,3,1,2
651,1/2,1,middle,0,3,1,0
652,1/2,1,outer,0,3,1,1
653,1/2,1,middle,1,2,1,2
654,1/2,-1,middle,1,2,1,1
655,1/2,1,middle,1,2,1,2
656,1/2,1,outer,1,2,1,0
657,1/2,1,outer,0,3,1,1
658,1/2,-1,outer,1,2,1,0
659,1/2,1,outer,1,2,1,1
660,1/2,0,,0,1,0,1
661,1/2,1,middle,0,3,1,2
662,1/2,1,middle,0,3,1,0
663,1/2,-1,middle,1,2,1,2
664,1/2,-1,middle,0,3,1,1
665,1/2,1,middle,1,2,1,2
666,1/2,1,middle,1,2,1,0
667,1/2,1,outer,1,2,1,1
668,1/2,-1,outer,1,2,1,0
669,1/2,0,,0,1,0,0
670,1/2,1,outer,1,2,1,1
671,1/2,0,,0,1,0,1
672,1/2,1,outer,1,2,1,2
673,1/2,1,outer,1,2,1,0
674,1/2,1,middle,0,3,1,1
675,1/2,-1,middle,1,2,1,0
676,1/2,1,outer,1,2,1,1
677,1/2,1,middle,1,2,1,2
678,1/2,1,outer,0,3,1,0
679,1/2,0,,0,1,0,0
680,1/2,0,,0,1,0,0
681,1/2,-1,middle,1,2,1,2
682,1/2,1,outer,1,2,1,0
683,1/2,-1,outer,0,3,1,2
684,1/2,1,outer,1,2,1,0
685,1/2,1,outer,0,3,1,1
686,1/2,-1,outer,1,2,1,0
687,1/2,1,middle,0,3,1,1
688,1/2,1,middle,0,3,1,2
689,1/2,-1,outer,1,2,1,1
690,1/2,-1,middle,1,2,-1,0
691,1/2,1,middle,0,3,1,1
692,1/2,1,middle,1,2,-1,2
693,1/2,1,middle,1,2,1,0
694,1/2,1,outer,0,3,1,1
695,1/2,1,outer,0,3,1,2
696,1/2,-1,middle,0,3,1,1
697,1/2,1,middle,0,3,1,2
698,1/2,0,,0,1,0,2
699,1/2,1,outer,1,2,1,0
700,1/2,1,middle,0,3,1,1
701,1/2,0,,0,1,0,1
702,1/2,-1,middle,1,2,1,0
703,1/2,-1,middle,0,3,1,2
704,1/2,1,middle,1,2,1,0
705,1/2,-1,outer,1,2,1,2
706,1/2,1,middle,0,3,1,0
707,1/2,1,middle,1,2,-1,1
708,1/2,1,middle,1,2,-1,2
709,1/2,0,,0,1,0,2
710,1/2,1,middle,1,2,1,0
711,1/2,1,outer,0,3,1,1
712,1/2,-1,outer,0,3,1,0
713,1/2,1,middle,1,2,1,1
714,1/2,1,outer,0,3,1,2
715,1/2,-1,outer,1,2,1,1
716,1/2,0,,0,1,0,1
717,1/2,1,middle,1,2,-1,2
718,1/2,1,middle,0,3,1,0
719,1/2,0,,0,1,0,0
720,1/2,0,,0,1,0,0
721,1/2,1,outer,0,3,1,1
722,1/2,1,middle,0,3,1,2
723,1/2,1,outer,0,3,1,0
724,1/2,1,middle,1,2,1,1
725,1/2,1,middle,1,2,1,2
726,1/2,1,outer,1,2,1,0
727,1/2,0,,0,1,0,0
728,1/2,1,outer,0,3,1,1
729,1/2,1,outer,1,2,1,2
730,1/2,1,outer,0,3,1,0
731,1/2,1,middle,1,2,1,1
732,1/2,0,,0,1,0,1
733,1/2,1,outer,0,3,1,2
734,1/2,1,outer,0,3,1,0
735,1/2,-1,outer,1,2,1,2
736,1/2,1,middle,1,2,1,0
737,1/2,1,outer,0,3,1,1
738,1/2,-1,outer,1,2,1,0
739,1/2,0,,0,1,0,0
740,1/2,-1,outer,0,3,1,2
741,1/2,-1,outer,0,3,1,1
742,1/2,0,,0,1,0,1
743,1/2,1,middle,1,2,1,2
744,1/2,0,,0,1,0,2
745,1/2,1,outer,0,3,1,0
746,1/2,-1,middle,0,3,1,2
747,1/2,0,,0,1,0,2
748,1/2,0,,0,1,0,2
749,1/2,1,outer,0,3,1,0
750,1/2,1,outer,1,2,1,1
751,1/2,1,outer,1,2,1,2
752,1/2,1,outer,0,3,1,0
753,1/2,0,,0,1,0,0
754,1/2,-1,middle,1,2,1,2
755,1/2,-1,outer,1,2,1,1
756,1/2,1,outer,1,2,1,2
757,1/2,0,,0,1,0,2
758,1/2,1,middle,1,2,1,0
759,1/2,0,,0,1,0,0
760,1/2,0,,0,1,0,0
761,1/2,0,,0,1,0,0
762,1/2,1,outer,0,3,1,1
763,1/2,1,outer,1,2,1,2
764,1/2,1,outer,1,2,1,0
765,1/2,-1,middle,1,2,-1,2
766,1/2,1,outer,1,2,1,0
767,1/2,0,,0,1,0,0
768,1/2,1,middle,1,2,1,1
769,1/2,1,middle,0,3,1,2
770,1/2,1,outer,0,3,1,0
771,1/2,1,outer,1,2,1,1
772,1/2,1,middle,1,2,1,2
773,1/2,1,outer,0,3,1,0
774,1/2,1,outer,0,3,1,1
775,1/2,1,middle,1,2,1,2
776,1/2,0,,0,1,0,2
777,1/2,1,middle,1,2,-1,0
778,1/2,1,outer,0,3,1,1
779,1/2,1,middle,1,2,1,2
780,1/2,1,outer,0,3,1,0
781,1/2,1,outer,0,3,1,1
782,1/2,1,outer,0,3,1,2
783,1/2,-1,middle,1,2,1,1
784,1/2,-1,outer,1,2,1,0
785,1/2,1,middle,1,2,-1,1
786,1/2,-1,outer,1,2,1,0
787,1/2,1,outer,0,3,1,1
788,1/2,1,middle,1,2,1,2
789,1/2,0,,0,1,0,2
790,1/2,1,outer,1,2,1,0
791,1/2,1,outer,0,3,1,1
792,1/2,1,middle,0,3,1,2
793,1/2,1,outer,0,3,1,0
794,1/2,-1,outer,1,2,1,2
795,1/2,0,,0,1,0,2
796,1/2,1,middle,1,2,1,0
797,1/2,0,,0,1,0,0
798,1/2,-1,outer,0,3,1,2
799,1/2,1,outer,1,2,1,0
800,1/2,-1,outer,1,2,1,2
801,1/2,0,,0,1,0,2
802,1/2,1,outer,1,2,1,0
803,1/2,1,middle,1,2,1,1
804,1/2,1,middle,1,2,1,2
805,1/2,1,middle,1,2,1,0
806,1/2,1,outer,0,3,1,1
807,1/2,1,outer,1,2,1,2
808,1/2,-1,outer,0,3,1,1
809,1/2,-1,outer,1,2,1,0
810,1/2,1,middle,1,2,1,1
811,1/2,1,middle,1,2,1,2
812,1/2,1,outer,0,3,1,0
813,1/2,-1,middle,1,2,1,2
814,1/2,-1,middle,0,3,1,1
815,1/2,-1,outer,1,2,1,0
816,1/2,1,middle,1,2,-1,1
817,1/2,1,middle,1,2,-1,2
818,1/2,1,middle,0,3,1,0
819,1/2,0,,0,1,0,0
820,1/2,1,middle,0,3,1,1
821,1/2,-1,outer,1,2,1,0
822,1/2,1,outer,0,3,1,1
823,1/2,1,outer,1,2,1,2
824,1/2,-1,outer,1,2,1,1
825,1/2,1,outer,1,2,1,2
826,1/2,0,,0,1,0,2
827,1/2,1,middle,0,3,1,0
828,1/2,1,outer,0,3,1,1
829,1/2,1,middle,1,2,1,2
830,1/2,-1,outer,0,3,1,1
831,1/2,-1,outer,1,2,1,0
832,1/2,1,outer,1,2,1,1
833,1/2,1,middle,0,3,1,2
834,1/2,0,,0,1,0,2
835,1/2,1,outer,1,2,1,0
836,1/2,0,,0,1,0,0
837,1/2,1,middle,1,2,1,1
838,1/2,1,outer,0,3,1,2
839,1/2,1,outer,1,2,1,0
840,1/2,0,,0,1,0,0
841,1/2,-1,outer,0,3,1,2
842,1/2,1,outer,0,3,1,0
843,1/2,0,,0,1,0,0
844,1/2,1,outer,1,2,1,1
845,1/2,0,,0,1,0,1
846,1/2,0,,0,1,0,1
847,1/2,-1,middle,0,3,1,0
848,1/2,0,,0,1,0,0
849,1/2,0,,0,1,0,0
850,1/2,1,middle,1,2,1,1
851,1/2,1,middle,1,2,-1,2
852,1/2,-1,outer,0,3,1,1
853,1/2,0,,0,1,0,1
854,1/2,1,middle,1,2,1,2
855,1/2,1,outer,0,3,1,0
856,1/2,1,middle,1,2,1,1
857,1/2,0,,0,1,0,1
858,1/2,1,middle,1,2,1,2
859,1/2,1,middle,1,2,-1,0
860,1/2,1,middle,1,2,-1,1
861,1/2,1,outer,1,2,1,2
862,1/2,1,outer,0,3,1,0
863,1/2,0,,0,1,0,0
864,1/2,1,middle,0,3,1,1
865,1/2,1,outer,0,3,1,2
866,1/2,-1,middle,1,2,-1,1
867,1/2,1,middle,1,2,1,2
868,1/2,0,,0,1,0,2
869,1/2,-1,middle,1,2,1,1
870,1/2,-1,middle,1,2,1,0
871,1/2,0,,0,1,0,0
872,1/2,0,,0,1,0,0
873,1/2,1,outer,0,3,1,1
874,1/2,1,outer,0,3,1,2
875,1/2,1,outer,1,2,1,0
876,1/2,1,middle,0,3,1,1
877,1/2,-1,middle,0,3,1,0
878,1/2,-1,middle,0,3,1,2
879,1/2,1,outer,1,2,1,0
880,1/2,1,outer,0,3,1,1
881,1/2,-1,outer,1,2,1,0
882,1/2,1,outer,0,3,1,1
883,1/2,1,outer,0,3,1,2
884,1/2,1,outer,1,2,1,0
885,1/2,1,middle,0,3,1,1
886,1/2,1,outer,1,2,1,2
887,1/2,1,outer,0,3,1,0
888,1/2,1,middle,1,2,1,1
889,1/2,-1,middle,1,2,1,0
890,1/2,-1,outer,0,3,1,2
891,1/2,1,outer,1,2,1,0
892,1/2,1,middle,1,2,1,1
893,1/2,1,outer,0,3,1,2
894,1/2,-1,middle,1,2,-1,1
895,1/2,1,middle,0,3,1,2
896,1/2,1,outer,0,3,1,0
897,1/2,0,,0,1,0,0
898,1/2,1,outer,0,3,1,1
899,1/2,1,outer,1,2,1,2
900,1/2,1,outer,1,2,1,0
901,1/2,0,,0,1,0,0
902,1/2,-1,middle,1,2,1,2
903,1/2,-1,outer,1,2,1,1
904,1/2,1,middle,1,2,1,2
905,1/2,0,,0,1,0,2
906,1/2,1,outer,1,2,1,0
907,1/2,-1,outer,1,2,1,2
908,1/2,1,outer,1,2,1,0
909,1/2,1,outer,1,2,1,1
910,1/2,1,middle,1,2,1,2
911,1/2,1,outer,1,2,1,0
912,1/2,0,,0,1,0,0
913,1/2,0,,0,1,0,0
914,1/2,1,outer,1,2,1,1
915,1/2,-1,outer,0,3,1,0
916,1/2,0,,0,1,0,0
917,1/2,1,outer,0,3,1,1
918,1/2,1,middle,1,2,1,2
919,1/2,1,outer,0,3,1,0
920,1/2,-1,middle,1,2,1,2
921,1/2,1,outer,0,3,1,0
922,1/2,-1,outer,0,3,1,2
923,1/2,0,,0,1,0,2
924,1/2,1,middle,1,2,1,0
925,1/2,1,outer,0,3,1,1
926,1/2,1,middle,1,2,1,2
927,1/2,1,outer,0,3,1,0
928,1/2,-1,middle,1,2,1,2
929,1/2,-1,middle,0,3,1,1
930,1/2,-1,outer,0,3,1,0
931,1/2,0,,0,1,0,0
932,1/2,0,,0,1,0,0
933,1/2,1,middle,0,3,1,1
934,1/2,1,outer,0,3,1,2
935,1/2,1,outer,0,3,1,0
936,1/2,0,,0,1,0,0
937,1/2,1,outer,1,2,1,1
938,1/2,1,outer,0,3,1,2
939,1/2,0,,0,1,0,2
940,1/2,-1,middle,0,3,1,1
941,1/2,0,,0,1,0,1
942,1/2,-1,outer,0,3,1,0
943,1/2,1,middle,1,2,1,1
944,1/2,1,middle,1,2,1,2
945,1/2,1,outer,0,3,1,0
946,1/2,0,,0,1,0,0
947,1/2,1,outer,0,3,1,1
948,1/2,1,outer,1,2,1,2
949,1/2,1,outer,1,2,1,0
950,1/2,1,outer,1,2,1,1
951,1/2,1,middle,0,3,1,2
952,1/2,1,middle,1,2,-1,0
953,1/2,1,outer,1,2,1,1
954,1/2,0,,0,1,0,1
955,1/2,0,,0,1,0,1
956,1/2,1,outer,0,3,1,2
957,1/2,1,middle,0,3,1,0
958,1/2,-1,middle,0,3,1,2
959,1/2,0,,0,1,0,2
960,1/2,-1,outer,1,2,1,1
961,1/2,1,outer,1,2,1,2
962,1/2,1,middle,1,2,1,0
963,1/2,1,middle,1,2,1,1
964,1/2,1,outer,1,2,1,2
965,1/2,1,middle,1,2,1,0
966,1/2,-1,outer,0,3,1,2
967,1/2,-1,middle,1,2,1,1
968,1/2,1,middle,0,3,1,2
969,1/2,1,outer,1,2,1,0
970,1/2,1,outer,0,3,1,1
971,1/2,1,middle,1,2,1,2
972,1/2,0,,0,1,0,2
973,1/2,0,,0,1,0,2
974,1/2,-1,outer,1,2,1,1
975,1/2,-1,outer,0,3,1,0
976,1/2,1,middle,1,2,-1,1
977,1/2,1,middle,1,2,-1,2
978,1/2,1,middle,1,2,-1,0
979,1/2,1,outer,0,3,1,1
980,1/2,1,outer,0,3,1,2
981,1/2,1,outer,0,3,1,0
982,1/2,-1,outer,0,3,1,2
983,1/2,-1,middle,1,2,1,1
984,1/2,1,middle,1,2,-1,2
985,1/2,-1,middle,1,2,1,1
986,1/2,1,outer,1,2,1,2
987,1/2,-1,outer,1,2,1,1
988,1/2,1,outer,1,2,1,2
989,1/2,1,outer,0,3,1,0
990,1/2,0,,0,1,0,0
991,1/2,1,outer,0,3,1,1
992,1/2,0,,0,1,0,1
993,1/2,0,,0,1,0,1
994,1/2,1,outer,1,2,1,2
995,1/2,1,middle,0,3,1,0
996,1/2,-1,middle,0,3,1,2
997,1/2,-1,middle,0,3,1,1
998,1/2,1,middle,1,2,1,2
999,1/2,1,outer,1,2,1,0
1000,1/2,1,outer,1,2,1,1
1001,1/2,-1,outer,1,2,1,0
1002,1/2,1,middle,1,2,1,1
1003,1/2,1,middle,1,2,1,2
1004,1/2,0,,0,1,0,2
1005,1/2,1,outer,0,3,1,0
1006,1/2,1,middle,1,2,-1,1
1007,1/2,0,,0,1,0,1
1008,1/2,-1,outer,1,2,1,0
1009,1/2,1,outer,1,2,1,1
1010,1/2,1,outer,1,2,1,2
1011,1/2,-1,outer,1,2,1,1
1012,1/2,0,,0,1,0,1
1013,1/2,1,outer,1,2,1,2
1014,1/2,1,outer,1,2,1,0
1015,1/2,1,outer,0,3,1,1
1016,1/2,1,middle,1,2,1,2
1017,1/2,1,middle,1,2,1,0
1018,1/2,1,outer,0,3,1,1
1019,1/2,0,,0,1,0,1
1020,1/2,-1,outer,0,3,1,0
1021,1/2,1,outer,0,3,1,1
1022,1/2,1,outer,1,2,1,2
1023,1/2,1,outer,1,2,1,0
1024,1/2,0,,0,1,0,0
1025,1/2,-1,outer,0,3,1,2
1026,1/2,1,outer,1,2,1,0
1027,1/2,1,outer,1,2,1,1
1028,1/2,1,outer,0,3,1,2
1029,1/2,1,outer,1,2,1,0
1030,1/2,-1,middle,1,2,1,2
1031,1/2,0,,0,1,0,2
1032,1/2,-1,middle,1,2,1,1
1033,1/2,-1,outer,1,2,1,0
1034,1/2,1,middle,1,2,1,1
1035,1/2,1,outer,1,2,1,2
1036,1/2,1,outer,0,3,1,0
1037,1/2,1,outer,1,2,1,1
1038,1/2,1,middle,1,2,1,2
1039,1/2,1,middle,1,2,1,0
1040,1/2,1,outer,1,2,1,1
1041,1/2,1,outer,1,2,1,2
1042,1/2,1,middle,1,2,1,0
1043,1/2,1,middle,0,3,1,1
1044,1/2,1,outer,0,3,1,2
1045,1/2,1,outer,0,3,1,0
1046,1/2,1,outer,1,2,1,1
1047,1/2,1,outer,1,2,1,2
1048,1/2,0,,0,1,0,2
1049,1/2,1,middle,1,2,1,0
1050,1/2,1,outer,1,2,1,1
1051,1/2,1,middle,1,2,-1,2
1052,1/2,-1,middle,1,2,1,1
1053,1/2,1,outer,1,2,1,2
1054,1/2,1,middle,1,2,1,0
1055,1/2,1,middle,1,2,1,1
1056,1/2,1,middle,1,2,-1,2
1057,1/2,0,,0,1,0,2
1058,1/2,1,middle,1,2,1,0
1059,1/2,1,middle,0,3,1,1
1060,1/2,0,,0,1,0,1
1061,1/2,1,middle,0,3,1,2
1062,1/2,1,middle,1,2,1,0
1063,1/2,1,outer,1,2,1,1
1064,1/2,-1,middle,0,3,1,0
1065,1/2,0,,0,1,0,0
1066,1/2,1,middle,1,2,1,1
1067,1/2,0,,0,1,0,1
1068,1/2,-1,middle,0,3,1,0
1069,1/2,1,outer,0,3,1,1
1070,1/2,1,middle,1,2,1,2
1071,1/2,1,outer,0,3,1,0
1072,1/2,1,outer,1,2,1,1
1073,1/2,0,,0,1,0,1
1074,1/2,1,outer,1,2,1,2
1075,1/2,1,middle,0,3,1,0
1076,1/2,1,middle,1,2,1,1
1077,1/2,1,outer,1,2,1,2
1078,1/2,1,middle,0,3,1,0
1079,1/2,0,,0,1,0,0
1080,1/2,1,outer,1,2,1,1
1081,1/2,1,outer,0,3,1,2
1082,1/2,-1,outer,1,2,1,1
1083,1/2,-1,outer,1,2,1,0
1084,1/2,1,middle,0,3,1,1
1085,1/2,1,outer,1,2,1,2
1086,1/2,-1,middle,1,2,1,1
1087,1/2,0,,0,1,0,1
1088,1/2,0,,0,1,0,1
1089,1/2,-1,middle,1,2,1,0
1090,1/2,1,outer,1,2,1,1
1091,1/2,0,,0,1,0,1
1092,1/2,1,middle,1,2,1,2
1093,1/2,1,middle,1,2,1,0
1094,1/2,1,outer,0,3,1,1
1095,1/2,-1,outer,1,2,1,0
1096,1/2,-1,outer,0,3,1,2
1097,1/2,1,outer,1,2,1,0
1098,1/2,0,,0,1,0,0
1099,1/2,1,outer,1,2,1,1
1100,1/2,1,outer,1,2,1,2
1101,1/2,0,,0,1,0,2
1102,1/2,1,outer,1,2,1,0
1103,1/2,1,middle,0,3,1,1
1104,1/2,1,outer,0,3,1,2
1105,1/2,0,,0,1,0,2
1106,1/2,1,middle,1,2,1,0
1107,1/2,1,middle,1,2,-1,1
1108,1/2,0,,0,1,0,1
1109,1/2,1,outer,1,2,1,2
1110,1/2,1,outer,1,2,1,0
1111,1/2,0,,0,1,0,0
1112,1/2,-1,outer,1,2,1,2
1113,1/2,1,outer,1,2,1,0
1114,1/2,1,outer,0,3,1,1
1115,1/2,1,middle,1,2,1,2
1116,1/2,-1,middle,0,3,1,1
1117,1/2,1,middle,1,2,1,2
1118,1/2,0,,0,1,0,2
1119,1/2,0,,0,1,0,2
1120,1/2,1,outer,0,3,1,0
1121,1/2,1,middle,1,2,1,1
1122,1/2,-1,outer,1,2,1,0
1123,1/2,1,middle,1,2,1,1
1124,1/2,1,middle,0,3,1,2
1125,1/2,0,,0,1,0,2
1126,1/2,1,outer,1,2,1,0
1127,1/2,0,,0,1,0,0
1128,1/2,1,middle,1,2,-1,1
1129,1/2,-1,outer,1,2,1,0
1130,1/2,-1,middle,1,2,-1,2
1131,1/2,0,,0,1,0,2
1132,1/2,1,outer,1,2,1,0
1133,1/2,1,middle,1,2,1,1
1134,1/2,1,middle,1,2,1,2
1135,1/2,1,middle,1,2,-1,0
1136,1/2,1,outer,0,3,1,1
1137,1/2,1,outer,0,3,1,2
1138,1/2,-1,middle,0,3,1,1
1139,1/2,-1,middle,1,2,1,0
1140,1/2,-1,outer,0,3,1,2
1141,1/2,0,,0,1,0,2
1142,1/2,1,outer,1,2,1,0
1143,1/2,1,outer,1,2,1,1
1144,1/2,0,,0,1,0,1
1145,1/2,1,middle,1,2,1,2
1146,1/2,1,outer,1,2,1,0
1147,1/2,1,middle,0,3,1,1
1148,1/2,0,,0,1,0,1
1149,1/2,1,outer,1,2,1,2
1150,1/2,1,outer,0,3,1,0
1151,1/2,1,middle,0,3,1,1
1152,1/2,1,outer,0,3,1,2
1153,1/2,1,middle,0,3,1,0
1154,1/2,-1,middle,1,2,1,2
1155,1/2,-1,outer,0,3,1,1
1156,1/2,0,,0,1,0,1
1157,1/2,1,middle,1,2,1,2
1158,1/2,-1,middle,1,2,1,1
1159,1/2,1,outer,1,2,1,2
1160,1/2,1,outer,0,3,1,0
1161,1/2,1,outer,0,3,1,1
1162,1/2,0,,0,1,0,1
1163,1/2,1,outer,1,2,1,2
1164,1/2,1,outer,0,3,1,0
1165,1/2,1,middle,1,2,1,1
1166,1/2,1,middle,1,2,1,2
1167,1/2,1,middle,1,2,1,0
1168,1/2,1,middle,1,2,1,1
1169,1/2,1,middle,1,2,1,2
1170,1/2,1,outer,1,2,1,0
1171,1/2,1,middle,0,3,1,1
1172,1/2,1,outer,1,2,1,2
1173,1/2,1,outer,1,2,1,0
1174,1/2,1,outer,1,2,1,1
1175,1/2,1,middle,1,2,-1,2
1176,1/2,-1,middle,0,3,1,1
1177,1/2,-1,outer,0,3,1,0
1178,1/2,-1,outer,0,3,1,2
1179,1/2,1,middle,0,3,1,0
1180,1/2,1,middle,1,2,-1,1
1181,1/2,1,middle,1,2,1,2
1182,1/2,-1,middle,1,2,-1,1
1183,1/2,0,,0,1,0,1
1184,1/2,1,middle,0,3,1,2
1185,1/2,-1,middle,0,3,1,1
1186,1/2,1,middle,0,3,1,2
1187,1/2,1,outer,1,2,1,0
1188,1/2,-1,middle,0,3,1,2
1189,1/2,1,outer,1,2,1,0
1190,1/2,-1,middle,1,2,1,2
1191,1/2,1,middle,1,2,-1,0
1192,1/2,0,,0,1,0,0
1193,1/2,-1,middle,1,2,1,2
1194,1/2,1,middle,1,2,1,0
1195,1/2,1,outer,1,2,1,1
1196,1/2,1,outer,1,2,1,2
1197,1/2,1,middle,1,2,1,0
1198,1/2,1,middle,1,2,1,1
1199,1/2,1,middle,1,2,1,2
1200,1/2,-1,outer,0,3,1,1
1201,1/2,1,middle,0,3,1,2
1202,1/2,1,middle,0,3,1,0
1203,1/2,0,,0,1,0,0
1204,1/2,1,middle,0,3,1,1
1205,1/2,1,outer,1,2,1,2
1206,1/2,1,outer,1,2,1,0
1207,1/2,0,,0,1,0,0
1208,1/2,1,outer,1,2,1,1
1209,1/2,1,outer,0,3,1,2
1210,1/2,0,,0,1,0,2
1211,1/2,1,outer,1,2,1,0
1212,1/2,0,,0,1,0,0
1213,1/2,1,middle,0,3,1,1
1214,1/2,0,,0,1,0,1
1215,1/2,1,middle,1,2,1,2
1216,1/2,-1,outer,1,2,1,1
1217,1/2,-1,outer,0,3,1,0
1218,1/2,0,,0,1,0,0
1219,1/2,0,,0,1,0,0
1220,1/2,1,outer,0,3,1,1
1221,1/2,1,middle,1,2,1,2
1222,1/2,1,outer,0,3,1,0
1223,1/2,1,middle,0,3,1,1
1224,1/2,1,middle,1,2,1,2
1225,1/2,0,,0,1,0,2
1226,1/2,0,,0,1,0,2
1227,1/2,1,middle,0,3,1,0
1228,1/2,1,middle,1,2,1,1
1229,1/2,0,,0,1,0,1
1230,1/2,1,outer,0,3,1,2
1231,1/2,1,outer,1,2,1,0
1232,1/2,0,,0,1,0,0
1233,1/2,1,outer,1,2,1,1
1234,1/2,1,middle,1,2,1,2
1235,1/2,1,middle,0,3,1,0
1236,1/2,-1,middle,1,2,1,2
1237,1/2,1,outer,1,2,1,0
1238,1/2,-1,outer,0,3,1,2
1239,1/2,1,outer,1,2,1,0
1240,1/2,0,,0,1,0,0
1241,1/2,1,outer,0,3,1,1
1242,1/2,-1,outer,0,3,1,0
1243,1/2,0,,0,1,0,0
1244,1/2,1,outer,1,2,1,1
1245,1/2,1,outer,1,2,1,2
1246,1/2,1,outer,1,2,1,0
1247,1/2,-1,middle,1,2,1,2
1248,1/2,-1,middle,1,2,1,1
1249,1/2,-1,outer,0,3,1,0
1250,1/2,1,outer,0,3,1,1
1251,1/2,-1,outer,1,2,1,0
1252,1/2,0,,0,1,0,0
1253,1/2,0,,0,1,0,0
1254,1/2,0,,0,1,0,0
1255,1/2,1,outer,0,3,1,1
1256,1/2,1,outer,1,2,1,2
1257,1/2,1,middle,1,2,1,0
1258,1/2,1,middle,1,2,-1,1
1259,1/2,1,outer,0,3,1,2
1260,1/2,-1,middle,0,3,1,1
1261,1/2,-1,outer,0,3,1,0
1262,1/2,1,outer,0,3,1,1
1263,1/2,-1,outer,1,2,1,0
1264,1/2,1,middle,0,3,1,1
1265,1/2,0,,0,1,0,1
1266,1/2,1,middle,0,3,1,2
1267,1/2,0,,0,1,0,2
1268,1/2,1,outer,0,3,1,0
1269,1/2,-1,middle,1,2,1,2
1270,1/2,1,middle,1,2,1,0
1271,1/2,-1,middle,1,2,1,2
1272,1/2,1,outer,0,3,1,0
1273,1/2,0,,0,1,0,0
1274,1/2,1,outer,1,2,1,1
1275,1/2,0,,0,1,0,1
1276,1/2,0,,0,1,0,1
1277,1/2,1,middle,1,2,1,2
1278,1/2,1,outer,1,2,1,0
1279,1/2,-1,outer,1,2,1,2
1280,1/2,0,,0,1,0,2
1281,1/2,1,outer,0,3,1,0
1282,1/2,1,outer,0,3,1,1
1283,1/2,1,outer,1,2,1,2
1284,1/2,1,outer,0,3,1,0
1285,1/2,1,middle,1,2,1,1
1286,1/2,0,,0,1,0,1
1287,1/2,0,,0,1,0,1
1288,1/2,1,middle,0,3,1,2
1289,1/2,1,outer,0,3,1,0
1290,1/2,1,middle,1,2,1,1
1291,1/2,1,middle,0,3,1,2
1292,1/2,1,outer,0,3,1,0
1293,1/2,0,,0,1,0,0
1294,1/2,1,outer,0,3,1,1
1295,1/2,0,,0,1,0,1
1296,1/2,-1,outer,1,2,1,0
1297,1/2,0,,0,1,0,0
1298,1/2,1,outer,0,3,1,1
1299,1/2,1,outer,1,2,1,2
1300,1/2,1,middle,0,3,1,0
1301,1/2,1,middle,0,3,1,1
1302,1/2,1,middle,1,2,1,2
1303,1/2,1,outer,0,3,1,0
1304,1/2,0,,0,1,0,0
1305,1/2,1,outer,1,2,1,1
1306,1/2,1,outer,0,3,1,2
1307,1/2,0,,0,1,0,2
1308,1/2,1,outer,1,2,1,0
1309,1/2,-1,middle,0,3,1,2
1310,1/2,1,middle,0,3,1,0
1311,1/2,0,,0,1,0,0
1312,1/2,1,middle,1,2,1,1
1313,1/2,1,outer,1,2,1,2
1314,1/2,1,outer,0,3,1,0
1315,1/2,1,outer,1,2,1,1
1316,1/2,1,middle,1,2,-1,2
1317,1/2,1,outer,1,2,1,0
1318,1/2,0,,0,1,0,0
1319,1/2,1,middle,1,2,1,1
1320,1/2,-1,middle,1,2,-1,0
1321,1/2,1,middle,0,3,1,1
1322,1/2,1,outer,0,3,1,2
1323,1/2,1,outer,0,3,1,0
1324,1/2,-1,middle,0,3,1,2
1325,1/2,1,outer,0,3,1,0
1326,1/2,0,,0,1,0,0
1327,1/2,-1,middle,1,2,1,2
1328,1/2,-1,middle,0,3,1,1
1329,1/2,1,outer,0,3,1,2
1330,1/2,1,outer,1,2,1,0
1331,1/2,1,outer,0,3,1,1
1332,1/2,1,outer,0,3,1,2
1333,1/2,1,outer,1,2,1,0
1334,1/2,0,,0,1,0,0
1335,1/2,-1,outer,1,2,1,2
1336,1/2,1,middle,0,3,1,0
1337,1/2,0,,0,1,0,0
1338,1/2,-1,outer,1,2,1,2
1339,1/2,1,outer,1,2,1,0
1340,1/2,1,middle,0,3,1,1
1341,1/2,0,,0,1,0,1
1342,1/2,1,middle,0,3,1,2
1343,1/2,-1,outer,1,2,1,1
1344,1/2,0,,0,1,0,1
1345,1/2,1,middle,0,3,1,2
1346,1/2,1,middle,1,2,1,0
1347,1/2,-1,middle,1,2,1,2
1348,1/2,1,outer,1,2,1,0
1349,1/2,-1,middle,1,2,-1,2
1350,1/2,1,middle,1,2,1,0
1351,1/2,1,outer,1,2,1,1
1352,1/2,0,,0,1,0,1
1353,1/2,-1,outer,0,3,1,0
1354,1/2,1,outer,1,2,1,1
1355,1/2,1,middle,1,2,1,2
1356,1/2,1,outer,1,2,1,0
1357,1/2,1,outer,1,2,1,1
1358,1/2,1,outer,0,3,1,2
1359,1/2,1,middle,1,2,-1,0
1360,1/2,1,middle,1,2,1,1
1361,1/2,0,,0,1,0,1
1362,1/2,0,,0,1,0,1
1363,1/2,1,middle,1,2,-1,2
1364,1/2,1,middle,0,3,1,0
1365,1/2,1,outer,0,3,1,1
1366,1/2,1,outer,1,2,1,2
1367,1/2,1,outer,1,2,1,0
1368,1/2,1,middle,1,2,1,1
1369,1/2,1,outer,0,3,1,2
1370,1/2,1,outer,1,2,1,0
1371,1/2,0,,0,1,0,0
1372,1/2,-1,outer,0,3,1,2
1373,1/2,0,,0,1,0,2
1374,1/2,1,outer,0,3,1,0
1375,1/2,1,middle,1,2,1,1
1376,1/2,1,middle,0,3,1,2
1377,1/2,0,,0,1,0,2
1378,1/2,1,outer,1,2,1,0
1379,1/2,1,outer,0,3,1,1
1380,1/2,1,middle,1,2,1,2
1381,1/2,0,,0,1,0,2
1382,1/2,-1,middle,1,2,1,1
1383,1/2,1,middle,1,2,1,2
1384,1/2,1,outer,1,2,1,0
1385,1/2,1,outer,0,3,1,1
1386,1/2,1,outer,1,2,1,2
1387,1/2,1,middle,0,3,1,0
1388,1/2,1,outer,0,3,1,1
1389,1/2,1,middle,0,3,1,2
1390,1/2,-1,middle,1,2,1,1
1391,1/2,0,,0,1,0,1
1392,1/2,1,middle,1,2,1,2
1393,1/2,1,outer,1,2,1,0
1394,1/2,0,,0,1,0,0
1395,1/2,1,middle,1,2,-1,1
1396,1/2,0,,0,1,0,1
1397,1/2,1,outer,1,2,1,2
1398,1/2,1,outer,1,2,1,0
1399,1/2,1,outer,0,3,1,1
1400,1/2,1,outer,0,3,1,2
1401,1/2,1,outer,1,2,1,0
1402,1/2,1,outer,1,2,1,1
1403,1/2,1,middle,0,3,1,2
1404,1/2,1,outer,0,3,1,0
1405,1/2,-1,outer,1,2,1,2
1406,1/2,0,,0,1,0,2
1407,1/2,0,,0,1,0,2
1408,1/2,1,middle,1,2,1,0
1409,1/2,1,outer,1,2,1,1
1410,1/2,-1,outer,1,2,1,0
1411,1/2,1,outer,0,3,1,1
1412,1/2,1,middle,1,2,1,2
1413,1/2,1,middle,0,3,1,0
1414,1/2,1,middle,1,2,1,1
1415,1/2,0,,0,1,0,1
1416,1/2,0,,0,1,0,1
1417,1/2,1,middle,0,3,1,2
1418,1/2,1,outer,1,2,1,0
1419,1/2,0,,0,1,0,0
1420,1/2,1,outer,0,3,1,1
1421,1/2,1,outer,1,2,1,2
1422,1/2,-1,middle,1,2,1,1
1423,1/2,-1,outer,1,2,1,0
1424,1/2,-1,middle,0,3,1,2
1425,1/2,1,outer,1,2,1,0
1426,1/2,1,middle,1,2,-1,1
1427,1/2,1,outer,0,3,1,2
1428,1/2,1,outer,1,2,1,0
1429,1/2,1,outer,1,2,1,1
1430,1/2,0,,0,1,0,1
1431,1/2,-1,outer,1,2,1,0
1432,1/2,1,outer,1,2,1,1
1433,1/2,1,middle,1,2,1,2
1434,1/2,0,,0,1,0,2
1435,1/2,1,outer,1,2,1,0
1436,1/2,0,,0,1,0,0
1437,1/2,1,middle,1,2,1,1
1438,1/2,1,middle,0,3,1,2
1439,1/2,0,,0,1,0,2
1440,1/2,0,,0,1,0,2
1441,1/2,0,,0,1,0,2
1442,1/2,-1,middle,1,2,1,1
1443,1/2,0,,0,1,0,1
1444,1/2,-1,outer,0,3,1,0
1445,1/2,1,middle,1,2,-1,1
1446,1/2,1,middle,1,2,1,2
1447,1/2,1,middle,1,2,-1,0
1448,1/2,1,outer,1,2,1,1
1449,1/2,-1,outer,0,3,1,0
1450,1/2,0,,0,1,0,0
1451,1/2,1,middle,1,2,1,1
1452,1/2,0,,0,1,0,1
1453,1/2,1,middle,0,3,1,2
1454,1/2,1,middle,1,2,1,0
1455,1/2,-1,middle,0,3,1,2
1456,1/2,-1,outer,0,3,1,1
1457,1/2,-1,outer,1,2,1,0
1458,1/2,1,outer,1,2,1,1
1459,1/2,1,middle,1,2,-1,2
1460,1/2,1,outer,0,3,1,0
1461,1/2,1,middle,1,2,-1,1
1462,1/2,1,outer,0,3,1,2
1463,1/2,0,,0,1,0,2
1464,1/2,0,,0,1,0,2
1465,1/2,0,,0,1,0,2
1466,1/2,0,,0,1,0,2
1467,1/2,1,middle,0,3,1,0
1468,1/2,1,outer,0,3,1,1
1469,1/2,0,,0,1,0,1
1470,1/2,0,,0,1,0,1
1471,1/2,1,middle,1,2,1,2
1472,1/2,-1,middle,0,3,1,1
1473,1/2,1,outer,1,2,1,2
1474,1/2,-1,middle,1,2,1,1
1475,1/2,1,middle,1,2,1,2
1476,1/2,-1,middle,0,3,1,1
1477,1/2,0,,0,1,0,1
1478,1/2,1,outer,1,2,1,2
1479,1/2,1,outer,0,3,1,0
1480,1/2,0,,0,1,0,0
1481,1/2,-1,middle,0,3,1,2
1482,1/2,1,outer,1,2,1,0
1483,1/2,0,,0,1,0,0
1484,1/2,-1,middle,0,3,1,2
1485,1/2,1,outer,1,2,1,0
1486,1/2,1,outer,0,3,1,1
1487,1/2,1,middle,1,2,1,2
1488,1/2,1,outer,0,3,1,0
1489,1/2,0,,0,1,0,0
1490,1/2,0,,0,1,0,0
1491,1/2,1,middle,1,2,1,1
1492,1/2,1,outer,1,2,1,2
1493,1/2,-1,middle,0,3,1,1
1494,1/2,-1,outer,1,2,1,0
1495,1/2,1,middle,1,2,1,1
1496,1/2,1,middle,0,3,1,2
1497,1/2,1,outer,0,3,1,0
1498,1/2,0,,0,1,0,0
1499,1/2,1,middle,1,2,1,1
1500,1/2,1,outer,0,3,1,2
1501,1/2,0,,0,1,0,2
1502,1/2,1,middle,1,2,1,0
1503,1/2,1,outer,1,2,1,1
1504,1/2,1,outer,0,3,1,2
1505,1/2,1,middle,0,3,1,0
1506,1/2,1,middle,0,3,1,1
1507,1/2,-1,middle,0,3,1,0
1508,1/2,1,middle,1,2,-1,1
1509,1/2,1,middle,0,3,1,2
1510,1/2,1,middle,0,3,1,0
1511,1/2,1,outer,0,3,1,1
1512,1/2,0,,0,1,0,1
1513,1/2,1,middle,1,2,1,2
1514,1/2,1,outer,0,3,1,0
1515,1/2,0,,0,1,0,0
1516,1/2,1,outer,1,2,1,1
1517,1/2,-1,outer,1,2,1,0
1518,1/2,1,outer,0,3,1,1
1519,1/2,1,outer,0,3,1,2
1520,1/2,0,,0,1,0,2
1521,1/2,1,outer,0,3,1,0
1522,1/2,1,middle,0,3,1,1
1523,1/2,-1,outer,0,3,1,0
1524,1/2,1,outer,1,2,1,1
1525,1/2,0,,0,1,0,1
1526,1/2,1,outer,0,3,1,2
1527,1/2,0,,0,1,0,2
1528,1/2,1,middle,1,2,1,0
1529,1/2,1,middle,0,3,1,1
1530,1/2,1,middle,1,2,1,2
1531,1/2,1,middle,1,2,1,0
1532,1/2,0,,0,1,0,0
1533,1/2,0,,0,1,0,0
1534,1/2,1,outer,0,3,1,1
1535,1/2,1,middle,1,2,1,2
1536,1/2,1,outer,1,2,1,0
1537,1/2,1,middle,0,3,1,1
1538,1/2,1,outer,1,2,1,2
1539,1/2,1,outer,0,3,1,0
1540,1/2,1,middle,0,3,1,1
1541,1/2,1,outer,0,3,1,2
1542,1/2,1,middle,1,2,1,0
1543,1/2,1,outer,0,3,1,1
1544,1/2,1,outer,0,3,1,2
1545,1/2,1,outer,0,3,1,0
1546,1/2,1,outer,1,2,1,1
1547,1/2,1,outer,1,2,1,2
1548,1/2,1,outer,1,2,1,0
1549,1/2,1,outer,0,3,1,1
1550,1/2,1,middle,1,2,1,2
1551,1/2,1,outer,1,2,1,0
1552,1/2,1,outer,1,2,1,1
1553,1/2,0,,0,1,0,1
1554,1/2,0,,0,1,0,1
1555,1/2,1,outer,1,2,1,2
1556,1/2,0,,0,1,0,2
1557,1/2,-1,outer,0,3,1,1
1558,1/2,-1,outer,1,2,1,0
1559,1/2,0,,0,1,0,0
1560,1/2,1,middle,1,2,1,1
1561,1/2,1,middle,0,3,1,2
1562,1/2,1,outer,1,2,1,0
1563,1/2,-1,outer,0,3,1,2
1564,1/2,1,outer,1,2,1,0
1565,1/2,1,middle,1,2,1,1
1566,1/2,0,,0,1,0,1
1567,1/2,-1,outer,1,2,1,0
1568,1/2,1,middle,1,2,1,1
1569,1/2,1,middle,1,2,1,2
1570,1/2,-1,middle,0,3,1,1
1571,1/2,1,outer,1,2,1,2
1572,1/2,0,,0,1,0,2
1573,1/2,1,middle,0,3,1,0
1574,1/2,0,,0,1,0,0
1575,1/2,1,outer,1,2,1,1
1576,1/2,0,,0,1,0,1
1577,1/2,1,outer,1,2,1,2
1578,1/2,1,outer,0,3,1,0
1579,1/2,0,,0,1,0,0
1580,1/2,1,outer,0,3,1,1
1581,1/2,1,outer,0,3,1,2
1582,1/2,1,outer,0,3,1,0
1583,1/2,1,outer,0,3,1,1
1584,1/2,-1,outer,0,3,1,0
1585,1/2,1,middle,1,2,1,1
1586,1/2,1,outer,1,2,1,2
1587,1/2,-1,outer,0,3,1,1
1588,1/2,1,outer,1,2,1,2
1589,1/2,-1,outer,0,3,1,1
1590,1/2,1,outer,1,2,1,2
1591,1/2,0,,0,1,0,2
1592,1/2,-1,outer,1,2,1,1
1593,1/2,-1,outer,1,2,1,0
1594,1/2,1,outer,1,2,1,1
1595,1/2,-1,outer,0,3,1,0
1596,1/2,1,outer,1,2,1,1
1597,1/2,1,outer,0,3,1,2
1598,1/2,-1,outer,1,2,1,1
1599,1/2,-1,outer,1,2,1,0
1600,1/2,0,,0,1,0,0
1601,1/2,1,middle,0,3,1,1
1602,1/2,1,outer,1,2,1,2
1603,1/2,-1,outer,1,2,1,1
1604,1/2,1,outer,0,3,1,2
1605,1/2,1,middle,1,2,1,0
1606,1/2,-1,outer,0,3,1,2
1607,1/2,1,outer,1,2,1,0
1608,1/2,-1,outer,0,3,1,2
1609,1/2,1,middle,1,2,1,0
1610,1/2,-1,middle,0,3,1,2
1611,1/2,1,outer,0,3,1,0
1612,1/2,0,,0,1,0,0
1613,1/2,-1,middle,0,3,1,2
1614,1/2,1,outer,0,3,1,0
1615,1/2,1,outer,1,2,1,1
1616,1/2,0,,0,1,0,1
1617,1/2,1,middle,0,3,1,2
1618,1/2,1,middle,0,3,1,0
1619,1/2,1,outer,0,3,1,1
1620,1/2,1,outer,0,3,1,2
1621,1/2,1,outer,1,2,1,0
1622,1/2,1,outer,1,2,1,1
1623,1/2,-1,outer,0,3,1,0
1624,1/2,0,,0,1,0,0
1625,1/2,-1,outer,0,3,1,2
1626,1/2,-1,outer,0,3,1,1
1627,1/2,0,,0,1,0,1
1628,1/2,1,middle,1,2,1,2
1629,1/2,1,outer,0,3,1,0
1630,1/2,1,middle,1,2,1,1
1631,1/2,-1,outer,1,2,1,0
1632,1/2,-1,outer,0,3,1,2
1633,1/2,1,outer,1,2,1,0
1634,1/2,1,outer,0,3,1,1
1635,1/2,0,,0,1,0,1
1636,1/2,1,outer,1,2,1,2
1637,1/2,0,,0,1,0,2
1638,1/2,1,outer,0,3,1,0
1639,1/2,1,outer,1,2,1,1
1640,1/2,1,outer,1,2,1,2
1641,1/2,1,outer,1,2,1,0
1642,1/2,1,middle,1,2,1,1
1643,1/2,1,middle,1,2,1,2
1644,1/2,1,middle,0,3,1,0
1645,1/2,1,middle,0,3,1,1
1646,1/2,1,outer,0,3,1,2
1647,1/2,1,outer,0,3,1,0
1648,1/2,-1,middle,1,2,-1,2
1649,1/2,0,,0,1,0,2
1650,1/2,1,middle,1,2,1,0
1651,1/2,0,,0,1,0,0
1652,1/2,1,outer,1,2,1,1
1653,1/2,-1,outer,1,2,1,0
1654,1/2,1,outer,1,2,1,1
1655,1/2,0,,0,1,0,1
1656,1/2,1,middle,1,2,1,2
1657,1/2,1,outer,0,3,1,0
1658,1/2,0,,0,1,0,0
1659,1/2,0,,0,1,0,0
1660,1/2,1,outer,0,3,1,1
1661,1/2,1,outer,1,2,1,2
1662,1/2,-1,middle,1,2,1,1
1663,1/2,1,outer,0,3,1,2
1664,1/2,1,outer,0,3,1,0
1665,1/2,1,middle,1,2,1,1
1666,1/2,1,middle,1,2,1,2
1667,1/2,1,middle,1,2,1,0
1668,1/2,-1,middle,1,2,1,2
1669,1/2,-1,middle,1,2,1,1
1670,1/2,1,middle,0,3,1,2
1671,1/2,-1,middle,0,3,1,1
1672,1/2,1,outer,0,3,1,2
1673,1/2,0,,0,1,0,2
1674,1/2,1,middle,1,2,1,0
1675,1/2,1,outer,1,2,1,1
1676,1/2,1,outer,0,3,1,2
1677,1/2,0,,0,1,0,2
1678,1/2,1,middle,0,3,1,0
1679,1/2,1,middle,1,2,1,1
1680,1/2,1,middle,1,2,1,2
1681,1/2,1,outer,0,3,1,0
1682,1/2,1,outer,0,3,1,1
1683,1/2,-1,middle,0,3,1,0
1684,1/2,1,outer,1,2,1,1
1685,1/2,1,middle,1,2,1,2
1686,1/2,1,middle,0,3,1,0
1687,1/2,0,,0,1,0,0
1688,1/2,1,outer,1,2,1,1
1689,1/2,1,middle,1,2,1,2
1690,1/2,1,outer,0,3,1,0
1691,1/2,0,,0,1,0,0
1692,1/2,0,,0,1,0,0
1693,1/2,0,,0,1,0,0
1694,1/2,0,,0,1,0,0
1695,1/2,0,,0,1,0,0
1696,1/2,-1,middle,0,3,1,2
1697,1/2,1,outer,1,2,1,0
1698,1/2,0,,0,1,0,0
1699,1/2,-1,middle,0,3,1,2
1700,1/2,1,middle,1,2,-1,0
1701,1/2,1,outer,1,2,1,1
1702,1/2,1,middle,1,2,-1,2
1703,1/2,1,middle,0,3,1,0
1704,1/2,1,middle,1,2,1,1
1705,1/2,1,middle,1,2,1,2
1706,1/2,0,,0,1,0,2
1707,1/2,1,outer,1,2,1,0
1708,1/2,0,,0,1,0,0
1709,1/2,1,outer,1,2,1,1
1710,1/2,1,middle,0,3,1,2
1711,1/2,0,,0,1,0,2
1712,1/2,1,outer,1,2,1,0
1713,1/2,1,outer,0,3,1,1
1714,1/2,0,,0,1,0,1
1715,1/2,0,,0,1,0,1
1716,1/2,1,outer,0,3,1,2
1717,1/2,1,middle,1,2,1,0
1718,1/2,0,,0,1,0,0
1719,1/2,1,middle,0,3,1,1
1720,1/2,1,outer,0,3,1,2
1721,1/2,1,outer,1,2,1,0
1722,1/2,1,outer,0,3,1,1
1723,1/2,-1,outer,0,3,1,0
1724,1/2,1,middle,1,2,1,1
1725,1/2,0,,0,1,0,1
1726,1/2,-1,outer,1,2,1,0
1727,1/2,0,,0,1,0,0
1728,1/2,1,middle,0,3,1,1
1729,1/2,0,,0,1,0,1
1730,1/2,1,middle,1,2,1,2
1731,1/2,1,middle,1,2,1,0
1732,1/2,1,outer,0,3,1,1
1733,1/2,1,outer,0,3,1,2
1734,1/2,-1,outer,1,2,1,1
1735,1/2,1,outer,1,2,1,2
1736,1/2,1,middle,1,2,1,0
1737,1/2,1,outer,0,3,1,1
1738,1/2,1,outer,0,3,1,2
1739,1/2,-1,outer,1,2,1,1
1740,1/2,0,,0,1,0,1
1741,1/2,1,outer,0,3,1,2
1742,1/2,1,middle,0,3,1,0
1743,1/2,1,outer,1,2,1,1
1744,1/2,0,,0,1,0,1
1745,1/2,1,outer,0,3,1,2
1746,1/2,1,middle,1,2,1,0
1747,1/2,-1,outer,1,2,1,2
1748,1/2,0,,0,1,0,2
1749,1/2,1,middle,0,3,1,0
1750,1/2,1,middle,1,2,1,1
1751,1/2,1,middle,1,2,1,2
1752,1/2,1,middle,1,2,-1,0
1753,1/2,1,middle,0,3,1,1
1754,1/2,1,middle,1,2,-1,2
1755,1/2,-1,middle,1,2,-1,1
1756,1/2,1,outer,1,2,1,2
1757,1/2,1,outer,0,3,1,0
1758,1/2,0,,0,1,0,0
1759,1/2,1,outer,0,3,1,1
1760,1/2,-1,outer,0,3,1,0
1761,1/2,1,outer,0,3,1,1
1762,1/2,1,outer,1,2,1,2
1763,1/2,1,middle,1,2,1,0
1764,1/2,-1,outer,0,3,1,2
1765,1/2,0,,0,1,0,2
1766,1/2,1,middle,1,2,1,0
1767,1/2,1,middle,0,3,1,1
1768,1/2,1,middle,1,2,-1,2
1769,1/2,1,outer,1,2,1,0
1770,1/2,1,middle,1,2,1,1
1771,1/2,0,,0,1,0,1
1772,1/2,1,outer,1,2,1,2
1773,1/2,1,outer,1,2,1,0
1774,1/2,0,,0,1,0,0
1775,1/2,-1,outer,0,3,1,2
1776,1/2,1,middle,0,3,1,0
1777,1/2,0,,0,1,0,0
1778,1/2,1,outer,1,2,1,1
1779,1/2,1,outer,1,2,1,2
1780,1/2,-1,middle,1,2,1,1
1781,1/2,-1,outer,1,2,1,0
1782,1/2,1,middle,0,3,1,1
1783,1/2,1,middle,0,3,1,2
1784,1/2,0,,0,1,0,2
1785,1/2,1,outer,0,3,1,0
1786,1/2,1,outer,1,2,1,1
1787,1/2,1,middle,1,2,1,2
1788,1/2,-1,middle,0,3,1,1
1789,1/2,-1,outer,1,2,1,0
1790,1/2,0,,0,1,0,0
1791,1/2,0,,0,1,0,0
1792,1/2,-1,middle,1,2,1,2
1793,1/2,1,middle,0,3,1,0
1794,1/2,1,outer,1,2,1,1
1795,1/2,1,middle,1,2,-1,2
1796,1/2,1,outer,1,2,1,0
1797,1/2,1,middle,1,2,-1,1
1798,1/2,1,outer,0,3,1,2
1799,1/2,0,,0,1,0,2
1800,1/2,0,,0,1,0,2
1801,1/2,-1,middle,1,2,1,1
1802,1/2,0,,0,1,0,1
1803,1/2,1,middle,0,3,1,2
1804,1/2,1,middle,1,2,-1,0
1805,1/2,-1,middle,1,2,-1,2
1806,1/2,-1,middle,1,2,1,1
1807,1/2,1,middle,1,2,1,2
1808,1/2,-1,middle,1,2,-1,1
1809,1/2,-1,middle,1,2,1,0
1810,1/2,1,outer,0,3,1,1
1811,1/2,1,outer,1,2,1,2
1812,1/2,1,middle,0,3,1,0
1813,1/2,1,middle,1,2,1,1
1814,1/2,1,outer,0,3,1,2
1815,1/2,0,,0,1,0,2
1816,1/2,1,outer,0,3,1,0
1817,1/2,-1,outer,1,2,1,2
1818,1/2,0,,0,1,0,2
1819,1/2,-1,outer,1,2,1,1
1820,1/2,0,,0,1,0,1
1821,1/2,0,,0,1,0,1
1822,1/2,1,middle,0,3,1,2
1823,1/2,1,middle,1,2,-1,0
1824,1/2,1,middle,0,3,1,1
1825,1/2,-1,outer,1,2,1,0
1826,1/2,1,outer,1,2,1,1
1827,1/2,1,middle,1,2,-1,2
1828,1/2,0,,0,1,0,2
1829,1/2,0,,0,1,0,2
1830,1/2,-1,middle,1,2,-1,1
1831,1/2,-1,middle,0,3,1,0
1832,1/2,1,middle,1,2,1,1
1833,1/2,-1,outer,1,2,1,0
1834,1/2,1,middle,0,3,1,1
1835,1/2,1,outer,1,2,1,2
1836,1/2,1,outer,0,3,1,0
1837,1/2,1,middle,0,3,1,1
1838,1/2,1,middle,0,3,1,2
1839,1/2,1,outer,0,3,1,0
1840,1/2,1,middle,0,3,1,1
1841,1/2,1,outer,0,3,1,2
1842,1/2,1,middle,1,2,1,0
1843,1/2,-1,outer,1,2,1,2
1844,1/2,-1,outer,1,2,1,1
1845,1/2,-1,outer,0,3,1,0
1846,1/2,-1,outer,0,3,1,2
1847,1/2,1,outer,1,2,1,0
1848,1/2,-1,outer,0,3,1,2
1849,1/2,-1,outer,0,3,1,1
1850,1/2,0,,0,1,0,1
1851,1/2,-1,middle,1,2,-1,0
1852,1/2,1,outer,1,2,1,1
1853,1/2,0,,0,1,0,1
1854,1/2,1,middle,1,2,1,2
1855,1/2,0,,0,1,0,2
1856,1/2,1,outer,1,2,1,0
1857,1/2,1,outer,1,2,1,1
1858,1/2,1,outer,1,2,1,2
1859,1/2,1,outer,1,2,1,0
1860,1/2,1,outer,1,2,1,1
1861,1/2,-1,outer,0,3,1,0
1862,1/2,1,middle,0,3,1,1
1863,1/2,1,outer,1,2,1,2
1864,1/2,1,middle,0,3,1,0
1865,1/2,1,outer,1,2,1,1
1866,1/2,1,middle,0,3,1,2
1867,1/2,1,outer,1,2,1,0
1868,1/2,0,,0,1,0,0
1869,1/2,0,,0,1,0,0
1870,1/2,1,middle,0,3,1,1
1871,1/2,1,middle,1,2,-1,2
1872,1/2,1,middle,0,3,1,0
1873,1/2,1,middle,1,2,-1,1
1874,1/2,1,outer,0,3,1,2
1875,1/2,1,outer,1,2,1,0
1876,1/2,1,outer,1,2,1,1
1877,1/2,1,middle,1,2,1,2
1878,1/2,1,outer,1,2,1,0
1879,1/2,0,,0,1,0,0
1880,1/2,1,outer,0,3,1,1
1881,1/2,1,middle,1,2,-1,2
1882,1/2,1,middle,1,2,1,0
1883,1/2,-1,middle,1,2,1,2
1884,1/2,1,middle,0,3,1,0
1885,1/2,1,middle,1,2,1,1
1886,1/2,1,outer,1,2,1,2
1887,1/2,-1,outer,1,2,1,1
1888,1/2,0,,0,1,0,1
1889,1/2,1,outer,1,2,1,2
1890,1/2,1,middle,0,3,1,0
1891,1/2,1,middle,0,3,1,1
1892,1/2,1,outer,1,2,1,2
1893,1/2,1,outer,1,2,1,0
1894,1/2,1,middle,1,2,1,1
1895,1/2,1,middle,1,2,1,2
1896,1/2,0,,0,1,0,2
1897,1/2,1,middle,0,3,1,0
1898,1/2,1,outer,0,3,1,1
1899,1/2,-1,outer,1,2,1,0
1900,1/2,1,middle,1,2,1,1
1901,1/2,0,,0,1,0,1
1902,1/2,1,middle,1,2,1,2
1903,1/2,1,outer,1,2,1,0
1904,1/2,-1,outer,1,2,1,2
1905,1/2,1,outer,1,2,1,0
1906,1/2,1,outer,0,3,1,1
1907,1/2,1,middle,1,2,1,2
1908,1/2,1,outer,0,3,1,0
1909,1/2,-1,outer,1,2,1,2
1910,1/2,-1,middle,0,3,1,1
1911,1/2,-1,outer,1,2,1,0
1912,1/2,1,outer,1,2,1,1
1913,1/2,1,middle,1,2,1,2
1914,1/2,-1,outer,0,3,1,1
1915,1/2,1,middle,0,3,1,2
1916,1/2,1,middle,1,2,1,0
1917,1/2,1,middle,1,2,1,1
1918,1/2,1,middle,1,2,1,2
1919,1/2,1,outer,1,2,1,0
1920,1/2,1,middle,1,2,1,1
1921,1/2,-1,middle,1,2,-1,0
1922,1/2,1,middle,1,2,1,1
1923,1/2,1,outer,0,3,1,2
1924,1/2,1,middle,0,3,1,0
1925,1/2,0,,0,1,0,0
1926,1/2,1,outer,0,3,1,1
1927,1/2,1,middle,1,2,1,2
1928,1/2,1,outer,0,3,1,0
1929,1/2,1,outer,0,3,1,1
1930,1/2,0,,0,1,0,1
1931,1/2,-1,middle,0,3,1,0
1932,1/2,1,outer,0,3,1,1
1933,1/2,0,,0,1,0,1
1934,1/2,1,middle,0,3,1,2
1935,1/2,1,middle,1,2,1,0
1936,1/2,0,,0,1,0,0
1937,1/2,-1,middle,1,2,1,2
1938,1/2,-1,outer,1,2,1,1
1939,1/2,1,middle,0,3,1,2
1940,1/2,1,outer,1,2,1,0
1941,1/2,-1,middle,0,3,1,2
1942,1/2,1,middle,0,3,1,0
1943,1/2,0,,0,1,0,0
1944,1/2,1,outer,1,2,1,1
1945,1/2,1,outer,1,2,1,2
1946,1/2,-1,middle,0,3,1,1
1947,1/2,0,,0,1,0,1
1948,1/2,-1,outer,0,3,1,0
1949,1/2,0,,0,1,0,0
1950,1/2,1,middle,1,2,1,1
1951,1/2,1,outer,1,2,1,2
1952,1/2,0,,0,1,0,2
1953,1/2,1,outer,0,3,1,0
1954,1/2,0,,0,1,0,0
1955,1/2,1,outer,1,2,1,1
1956,1/2,1,middle,1,2,1,2
1957,1/2,0,,0,1,0,2
1958,1/2,1,outer,1,2,1,0
1959,1/2,1,middle,1,2,-1,1
1960,1/2,1,outer,0,3,1,2
1961,1/2,1,outer,1,2,1,0
1962,1/2,1,middle,0,3,1,1
1963,1/2,0,,0,1,0,1
1964,1/2,-1,outer,0,3,1,0
1965,1/2,-1,middle,1,2,1,2
1966,1/2,1,outer,1,2,1,0
1967,1/2,0,,0,1,0,0
1968,1/2,0,,0,1,0,0
1969,1/2,1,outer,0,3,1,1
1970,1/2,1,outer,1,2,1,2
1971,1/2,-1,outer,1,2,1,1
1972,1/2,-1,outer,0,3,1,0
1973,1/2,0,,0,1,0,0
1974,1/2,0,,0,1,0,0
1975,1/2,0,,0,1,0,0
1976,1/2,1,middle,1,2,1,1
1977,1/2,0,,0,1,0,1
1978,1/2,1,outer,0,3,1,2
1979,1/2,1,middle,1,2,1,0
1980,1/2,1,middle,0,3,1,1
1981,1/2,1,middle,0,3,1,2
1982,1/2,-1,middle,1,2,1,1
1983,1/2,1,middle,1,2,1,2
1984,1/2,1,middle,0,3,1,0
1985,1/2,1,outer,0,3,1,1
1986,1/2,1,middle,0,3,1,2
1987,1/2,0,,0,1,0,2
1988,1/2,1,middle,1,2,1,0
1989,1/2,0,,0,1,0,0
1990,1/2,1,outer,1,2,1,1
1991,1/2,0,,0,1,0,1
1992,1/2,1,middle,1,2,1,2
1993,1/2,1,outer,0,3,1,0
1994,1/2,1,outer,0,3,1,1
1995,1/2,1,middle,0,3,1,2
1996,1/2,1,outer,0,3,1,0
1997,1/2,-1,outer,1,2,1,2
1998,1/2,-1,outer,0,3,1,1
1999,1/2,1,middle,0,3,1,2
2000,1/2,0,,0,1,0,2
2001,1/2,-1,middle,1,2,-1,1
2002,1/2,1,outer,1,2,1,2
2003,1/2,1,outer,0,3,1,0
2004,1/2,0,,0,1,0,0
2005,1/2,-1,middle,0,3,1,2
2006,1/2,-1,outer,1,2,1,1
2007,1/2,1,middle,1,2,1,2
2008,1/2,1,middle,0,3,1,0
2009,1/2,0,,0,1,0,0
2010,1/2,1,outer,1,2,1,1
2011,1/2,-1,outer,1,2,1,0
2012,1/2,0,,0,1,0,0
2013,1/2,-1,outer,1,2,1,2
2014,1/2,-1,outer,0,3,1,1
2015,1/2,1,outer,1,2,1,2
2016,1/2,0,,0,1,0,2
2017,1/2,1,middle,0,3,1,0
2018,1/2,1,middle,1,2,-1,1
2019,1/2,1,middle,1,2,-1,2
2020,1/2,1,outer,0,3,1,0
2021,1/2,1,outer,1,2,1,1
2022,1/2,0,,0,1,0,1
2023,1/2,1,outer,0,3,1,2
2024,1/2,1,middle,0,3,1,0
2025,1/2,-1,middle,1,2,-1,2
2026,1/2,0,,0,1,0,2
2027,1/2,1,middle,0,3,1,0
2028,1/2,1,outer,1,2,1,1
2029,1/2,1,middle,0,3,1,2
2030,1/2,-1,middle,1,2,1,1
2031,1/2,1,middle,1,2,1,2
2032,1/2,1,outer,0,3,1,0
2033,1/2,0,,0,1,0,0
2034,1/2,1,middle,0,3,1,1
2035,1/2,1,outer,0,3,1,2
2036,1/2,1,middle,0,3,1,0
2037,1/2,1,outer,1,2,1,1
2038,1/2,0,,0,1,0,1
2039,1/2,-1,outer,0,3,1,0
2040,1/2,1,outer,0,3,1,1
2041,1/2,1,outer,0,3,1,2
2042,1/2,0,,0,1,0,2
2043,1/2,1,outer,1,2,1,0
2044,1/2,1,middle,0,3,1,1
2045,1/2,0,,0,1,0,1
2046,1/2,-1,outer,0,3,1,0
2047,1/2,1,middle,1,2,1,1
0,1,1,outer,0,3,1,1
1,1,1,middle,1,2,1,2
2,1,1,outer,1,2,1,0
3,1,1,outer,1,2,1,1
4,1,1,outer,1,2,1,2
5,1,1,outer,0,3,1,0
6,1,0,,0,1,0,0
7,1,1,outer,0,3,1,1
8,1,1,outer,1,2,1,2
9,1,1,outer,0,3,1,0
10,1,1,middle,1,2,-1,1
11,1,1,outer,1,2,1,2
12,1,1,outer,0,3,1,0
13,1,1,outer,1,2,1,1
14,1,1,outer,1,2,1,2
15,1,1,outer,1,2,1,0
16,1,1,outer,0,3,1,1
17,1,1,middle,1,2,-1,2
18,1,0,,0,1,0,2
19,1,0,,0,1,0,2
20,1,1,outer,1,2,1,0
21,1,1,middle,1,2,-1,1
22,1,1,middle,0,3,1,2
23,1,1,outer,1,2,1,0
24,1,1,middle,1,2,1,1
25,1,1,outer,1,2,1,2
26,1,1,outer,0,3,1,0
27,1,1,outer,1,2,1,1
28,1,1,outer,1,2,1,2
29,1,1,outer,0,3,1,0
30,1,1,outer,0,3,1,1
31,1,0,,0,1,0,1
32,1,1,outer,1,2,1,2
33,1,0,,0,1,0,2
34,1,1,outer,1,2,1,0
35,1,1,middle,1,2,1,1
36,1,1,outer,1,2,1,2
37,1,1,middle,1,2,1,0
38,1,0,,0,1,0,0
39,1,1,outer,0,3,1,1
40,1,0,,0,1,0,1
41,1,1,outer,1,2,1,2
42,1,1,outer,1,2,1,0
43,1,1,outer,1,2,1,1
44,1,1,outer,1,2,1,2
45,1,1,outer,0,3,1,0
46,1,1,outer,1,2,1,1
47,1,1,outer,0,3,1,2
48,1,1,outer,0,3,1,0
49,1,1,outer,1,2,1,1
50,1,1,middle,1,2,1,2
51,1,1,outer,1,2,1,0
52,1,1,outer,1,2,1,1
53,1,1,outer,0,3,1,2
54,1,1,outer,0,3,1,0
55,1,1,middle,0,3,1,1
56,1,1,outer,1,2,1,2
57,1,1,outer,1,2,1,0
58,1,1,outer,1,2,1,1
59,1,0,,0,1,0,1
60,1,1,outer,1,2,1,2
61,1,0,,0,1,0,2
62,1,1,outer,1,2,1,0
63,1,1,outer,1,2,1,1
64,1,1,outer,0,3,1,2
65,1,1,outer,1,2,1,0
66,1,0,,0,1,0,0
67,1,1,outer,0,3,1,1
68,1,1,outer,0,3,1,2
69,1,1,outer,1,2,1,0
70,1,1,outer,1,2,1,1
71,1,1,middle,1,2,1,2
72,1,1,outer,0,3,1,0
73,1,1,outer,0,3,1,1
74,1,1,outer,1,2,1,2
75,1,0,,0,1,0,2
76,1,1,outer,0,3,1,0
77,1,0,,0,1,0,0
78,1,1,outer,1,2,1,1
79,1,1,outer,1,2,1,2
80,1,1,outer,1,2,1,0
81,1,1,outer,1,2,1,1
82,1,1,middle,0,3,1,2
83,1,1,outer,1,2,1,0
84,1,1,outer,0,3,1,1
85,1,1,outer,0,3,1,2
86,1,1,outer,1,2,1,0
87,1,1,outer,0,3,1,1
88,1,1,outer,1,2,1,2
89,1,1,middle,1,2,1,0
90,1,1,outer,1,2,1,1
91,1,1,middle,1,2,1,2
92,1,1,outer,1,2,1,0
93,1,1,outer,1,2,1,1
94,1,1,outer,1,2,1,2
95,1,0,,0,1,0,2
96,1,1,outer,1,2,1,0
97,1,1,outer,1,2,1,1
98,1,1,middle,1,2,1,2
99,1,1,outer,1,2,1,0
100,1,1,outer,1,2,1,1
101,1,1,outer,0,3,1,2
102,1,1,outer,1,2,1,0
103,1,1,outer,1,2,1,1
104,1,1,middle,1,2,1,2
105,1,1,outer,1,2,1,0
106,1,1,middle,1,2,-1,1
107,1,1,outer,1,2,1,2
108,1,1,outer,1,2,1,0
109,1,1,middle,1,2,1,1
110,1,1,outer,1,2,1,2
111,1,1,outer,1,2,1,0
112,1,1,middle,1,2,1,1
113,1,1,outer,0,3,1,2
114,1,1,outer,1,2,1,0
115,1,1,middle,0,3,1,1
116,1,1,outer,1,2,1,2
117,1,1,outer,1,2,1,0
118,1,1,middle,1,2,1,1
119,1,0,,0,1,0,1
120,1,1,middle,1,2,1,2
121,1,1,outer,0,3,1,0
122,1,1,outer,1,2,1,1
123,1,1,outer,1,2,1,2
124,1,1,outer,1,2,1,0
125,1,1,middle,1,2,1,1
126,1,1,outer,1,2,1,2
127,1,0,,0,1,0,2
128,1,1,outer,1,2,1,0
129,1,1,middle,1,2,1,1
130,1,1,outer,1,2,1,2
131,1,1,outer,1,2,1,0
132,1,1,outer,1,2,1,1
133,1,1,outer,0,3,1,2
134,1,1,outer,1,2,1,0
135,1,1,middle,1,2,1,1
136,1,1,outer,1,2,1,2
137,1,1,outer,1,2,1,0
138,1,1,outer,1,2,1,1
139,1,1,outer,1,2,1,2
140,1,1,outer,0,3,1,0
141,1,1,middle,0,3,1,1
142,1,1,outer,0,3,1,2
143,1,1,outer,1,2,1,0
144,1,0,,0,1,0,0
145,1,1,outer,1,2,1,1
146,1,1,outer,1,2,1,2
147,1,0,,0,1,0,2
148,1,0,,0,1,0,2
149,1,1,outer,1,2,1,0
150,1,1,middle,1,2,1,1
151,1,1,middle,1,2,1,2
152,1,1,outer,1,2,1,0
153,1,1,outer,1,2,1,1
154,1,1,outer,1,2,1,2
155,1,1,outer,1,2,1,0
156,1,1,outer,1,2,1,1
157,1,1,outer,1,2,1,2
158,1,1,outer,1,2,1,0
159,1,1,outer,1,2,1,1
160,1,1,outer,1,2,1,2
161,1,0,,0,1,0,2
162,1,1,outer,1,2,1,0
163,1,1,outer,1,2,1,1
164,1,1,outer,1,2,1,2
165,1,1,outer,1,2,1,0
166,1,1,outer,1,2,1,1
167,1,1,outer,1,2,1,2
168,1,1,middle,0,3,1,0
169,1,1,outer,1,2,1,1
170,1,0,,0,1,0,1
171,1,1,outer,1,2,1,2
172,1,1,outer,0,3,1,0
173,1,1,outer,1,2,1,1
174,1,1,outer,1,2,1,2
175,1,0,,0,1,0,2
176,1,1,outer,0,3,1,0
177,1,1,outer,1,2,1,1
178,1,1,outer,1,2,1,2
179,1,1,outer,1,2,1,0
180,1,1,middle,1,2,1,1
181,1,1,middle,1,2,1,2
182,1,1,outer,0,3,1,0
183,1,1,middle,1,2,-1,1
184,1,0,,0,1,0,1
185,1,0,,0,1,0,1
186,1,1,middle,1,2,-1,2
187,1,1,outer,0,3,1,0
188,1,0,,0,1,0,0
189,1,1,middle,1,2,1,1
190,1,1,outer,1,2,1,2
191,1,1,middle,0,3,1,0
192,1,1,outer,1,2,1,1
193,1,1,outer,1,2,1,2
194,1,1,outer,1,2,1,0
195,1,1,outer,1,2,1,1
196,1,1,middle,1,2,-1,2
197,1,1,outer,0,3,1,0
198,1,1,middle,1,2,1,1
199,1,1,middle,1,2,1,2
200,1,1,outer,0,3,1,0
201,1,1,outer,0,3,1,1
202,1,1,outer,1,2,1,2
203,1,1,outer,1,2,1,0
204,1,1,outer,1,2,1,1
205,1,1,outer,1,2,1,2
206,1,1,outer,0,3,1,0
207,1,1,outer,1,2,1,1
208,1,1,outer,0,3,1,2
209,1,1,outer,1,2,1,0
210,1,1,outer,1,2,1,1
211,1,1,middle,0,3,1,2
212,1,1,outer,0,3,1,0
213,1,1,outer,1,2,1,1
214,1,1,outer,1,2,1,2
215,1,0,,0,1,0,2
216,1,1,outer,0,3,1,0
217,1,1,middle,0,3,1,1
218,1,1,middle,1,2,1,2
219,1,1,outer,1,2,1,0
220,1,1,middle,1,2,1,1
221,1,1,outer,0,3,1,2
222,1,1,outer,1,2,1,0
223,1,1,outer,1,2,1,1
224,1,1,outer,1,2,1,2
225,1,1,middle,1,2,1,0
226,1,1,outer,1,2,1,1
227,1,0,,0,1,0,1
228,1,1,middle,0,3,1,2
229,1,1,middle,1,2,1,0
230,1,1,outer,1,2,1,1
231,1,1,outer,1,2,1,2
232,1,1,middle,1,2,-1,0
233,1,1,middle,1,2,1,1
234,1,1,outer,1,2,1,2
235,1,0,,0,1,0,2
236,1,1,outer,0,3,1,0
237,1,1,middle,1,2,1,1
238,1,1,middle,1,2,1,2
239,1,1,outer,1,2,1,0
240,1,1,outer,1,2,1,1
241,1,1,outer,1,2,1,2
242,1,1,outer,0,3,1,0
243,1,1,middle,0,3,1,1
244,1,1,outer,1,2,1,2
245,1,1,outer,1,2,1,0
246,1,1,middle,1,2,1,1
247,1,1,outer,1,2,1,2
248,1,1,middle,0,3,1,0
249,1,1,middle,0,3,1,1
250,1,1,outer,1,2,1,2
251,1,1,outer,0,3,1,0
252,1,1,middle,1,2,1,1
253,1,1,outer,1,2,1,2
254,1,1,outer,0,3,1,0
255,1,1,middle,1,2,1,1
256,1,1,outer,1,2,1,2
257,1,1,outer,1,2,1,0
258,1,1,outer,1,2,1,1
259,1,1,outer,1,2,1,2
260,1,0,,0,1,0,2
261,1,1,outer,1,2,1,0
262,1,1,outer,1,2,1,1
263,1,0,,0,1,0,1
264,1,1,outer,0,3,1,2
265,1,1,middle,1,2,1,0
266,1,1,middle,1,2,1,1
267,1,1,middle,0,3,1,2
268,1,1,outer,1,2,1,0
269,1,0,,0,1,0,0
270,1,0,,0,1,0,0
271,1,1,outer,1,2,1,1
272,1,1,outer,1,2,1,2
273,1,0,,0,1,0,2
274,1,1,middle,1,2,1,0
275,1,1,outer,1,2,1,1
276,1,1,outer,1,2,1,2
277,1,1,outer,1,2,1,0
278,1,0,,0,1,0,0
279,1,1,outer,0,3,1,1
280,1,1,outer,1,2,1,2
281,1,1,outer,0,3,1,0
282,1,1,outer,0,3,1,1
283,1,1,outer,1,2,1,2
284,1,0,,0,1,0,2
285,1,1,outer,1,2,1,0
286,1,0,,0,1,0,0
287,1,1,outer,0,3,1,1
288,1,1,outer,0,3,1,2
289,1,1,outer,1,2,1,0
290,1,1,outer,0,3,1,1
291,1,1,middle,1,2,1,2
292,1,1,outer,1,2,1,0
293,1,1,middle,1,2,1,1
294,1,1,outer,1,2,1,2
295,1,1,outer,0,3,1,0
296,1,1,outer,1,2,1,1
297,1,1,outer,1,2,1,2
298,1,1,outer,1,2,1,0
299,1,1,outer,1,2,1,1
300,1,1,outer,1,2,1,2
301,1,1,outer,1,2,1,0
302,1,1,outer,1,2,1,1
303,1,1,outer,1,2,1,2
304,1,1,outer,1,2,1,0
305,1,1,outer,1,2,1,1
306,1,1,outer,1,2,1,2
307,1,1,outer,1,2,1,0
308,1,1,outer,1,2,1,1
309,1,1,outer,1,2,1,2
310,1,1,middle,1,2,-1,0
311,1,1,outer,1,2,1,1
312,1,1,outer,1,2,1,2
313,1,1,outer,1,2,1,0
314,1,1,outer,1,2,1,1
315,1,1,outer,1,2,1,2
316,1,1,outer,1,2,1,0
317,1,1,outer,1,2,1,1
318,1,0,,0,1,0,1
319,1,1,outer,1,2,1,2
320,1,1,outer,0,3,1,0
321,1,1,outer,1,2,1,1
322,1,1,outer,1,2,1,2
323,1,1,outer,1,2,1,0
324,1,0,,0,1,0,0
325,1,1,outer,0,3,1,1
326,1,1,outer,1,2,1,2
327,1,1,outer,0,3,1,0
328,1,1,outer,1,2,1,1
329,1,1,outer,1,2,1,2
330,1,1,outer,0,3,1,0
331,1,1,middle,1,2,1,1
332,1,0,,0,1,0,1
333,1,1,outer,1,2,1,2
334,1,1,outer,1,2,1,0
335,1,1,outer,1,2,1,1
336,1,1,middle,0,3,1,2
337,1,1,outer,1,2,1,0
338,1,1,middle,1,2,1,1
339,1,1,outer,1,2,1,2
340,1,1,outer,1,2,1,0
341,1,1,outer,1,2,1,1
342,1,1,outer,1,2,1,2
343,1,1,outer,1,2,1,0
344,1,1,outer,1,2,1,1
345,1,1,outer,0,3,1,2
346,1,1,outer,0,3,1,0
347,1,1,outer,1,2,1,1
348,1,0,,0,1,0,1
349,1,1,outer,0,3,1,2
350,1,0,,0,1,0,2
351,1,0,,0,1,0,2
352,1,1,outer,1,2,1,0
353,1,1,outer,1,2,1,1
354,1,1,outer,1,2,1,2
355,1,1,outer,1,2,1,0
356,1,0,,0,1,0,0
357,1,1,outer,1,2,1,1
358,1,1,outer,1,2,1,2
359,1,0,,0,1,0,2
360,1,1,outer,1,2,1,0
361,1,1,outer,1,2,1,1
362,1,0,,0,1,0,1
363,1,1,middle,1,2,1,2
364,1,1,outer,1,2,1,0
365,1,1,outer,1,2,1,1
366,1,1,outer,1,2,1,2
367,1,1,middle,1,2,1,0
368,1,1,outer,1,2,1,1
369,1,1,outer,1,2,1,2
370,1,1,outer,1,2,1,0
371,1,1,outer,1,2,1,1
372,1,1,middle,0,3,1,2
373,1,0,,0,1,0,2
374,1,1,outer,1,2,1,0
375,1,1,outer,0,3,1,1
376,1,0,,0,1,0,1
377,1,1,outer,1,2,1,2
378,1,1,outer,1,2,1,0
379,1,1,outer,1,2,1,1
380,1,1,outer,0,3,1,2
381,1,1,outer,1,2,1,0
382,1,1,middle,1,2,-1,1
383,1,1,outer,1,2,1,2
384,1,1,outer,1,2,1,0
385,1,1,middle,1,2,1,1
386,1,1,outer,1,2,1,2
387,1,1,outer,1,2,1,0
388,1,1,outer,1,2,1,1
389,1,1,outer,1,2,1,2
390,1,1,outer,0,3,1,0
391,1,1,outer,1,2,1,1
392,1,1,outer,1,2,1,2
393,1,1,outer,0,3,1,0
394,1,1,outer,0,3,1,1
395,1,1,outer,1,2,1,2
396,1,1,middle,0,3,1,0
397,1,1,middle,1,2,1,1
398,1,0,,0,1,0,1
399,1,1,outer,0,3,1,2
400,1,1,outer,1,2,1,0
401,1,1,outer,1,2,1,1
402,1,1,outer,0,3,1,2
403,1,1,outer,1,2,1,0
404,1,1,outer,1,2,1,1
405,1,1,outer,1,2,1,2
406,1,1,middle,0,3,1,0
407,1,1,outer,1,2,1,1
408,1,1,outer,1,2,1,2
409,1,1,outer,1,2,1,0
410,1,0,,0,1,0,0
411,1,1,outer,1,2,1,1
412,1,0,,0,1,0,1
413,1,1,outer,1,2,1,2
414,1,0,,0,1,0,2
415,1,1,middle,0,3,1,0
416,1,1,outer,1,2,1,1
417,1,1,outer,1,2,1,2
418,1,1,outer,0,3,1,0
419,1,1,outer,1,2,1,1
420,1,0,,0,1,0,1
421,1,0,,0,1,0,1
422,1,1,middle,1,2,1,2
423,1,1,outer,1,2,1,0
424,1,1,outer,1,2,1,1
425,1,1,outer,0,3,1,2
426,1,1,middle,1,2,1,0
427,1,1,outer,1,2,1,1
428,1,1,outer,1,2,1,2
429,1,1,outer,1,2,1,0
430,1,1,outer,1,2,1,1
431,1,1,outer,1,2,1,2
432,1,1,middle,1,2,1,0
433,1,1,outer,1,2,1,1
434,1,1,middle,1,2,-1,2
435,1,1,outer,0,3,1,0
436,1,0,,0,1,0,0
437,1,1,outer,1,2,1,1
438,1,1,outer,1,2,1,2
439,1,1,outer,1,2,1,0
440,1,1,middle,1,2,1,1
441,1,1,outer,1,2,1,2
442,1,1,outer,1,2,1,0
443,1,1,middle,1,2,1,1
444,1,1,outer,1,2,1,2
445,1,1,outer,1,2,1,0
446,1,1,middle,1,2,1,1
447,1,1,middle,1,2,-1,2
448,1,1,outer,1,2,1,0
449,1,1,outer,1,2,1,1
450,1,1,outer,0,3,1,2
451,1,1,outer,1,2,1,0
452,1,1,outer,1,2,1,1
453,1,1,outer,1,2,1,2
454,1,1,outer,1,2,1,0
455,1,1,outer,1,2,1,1
456,1,1,outer,1,2,1,2
457,1,1,outer,1,2,1,0
458,1,1,outer,0,3,1,1
459,1,1,outer,1,2,1,2
460,1,1,outer,0,3,1,0
461,1,1,outer,1,2,1,1
462,1,1,middle,0,3,1,2
463,1,1,outer,0,3,1,0
464,1,1,outer,1,2,1,1
465,1,1,outer,1,2,1,2
466,1,1,outer,1,2,1,0
467,1,1,middle,1,2,1,1
468,1,1,outer,0,3,1,2
469,1,1,middle,0,3,1,0
470,1,1,middle,1,2,1,1
471,1,1,middle,1,2,1,2
472,1,1,outer,1,2,1,0
473,1,1,middle,1,2,1,1
474,1,1,outer,1,2,1,2
475,1,1,outer,1,2,1,0
476,1,1,outer,0,3,1,1
477,1,1,outer,1,2,1,2
478,1,1,outer,1,2,1,0
479,1,1,outer,1,2,1,1
480,1,1,middle,1,2,1,2
481,1,1,outer,0,3,1,0
482,1,1,outer,0,3,1,1
483,1,1,outer,1,2,1,2
484,1,1,outer,1,2,1,0
485,1,1,outer,1,2,1,1
486,1,1,outer,1,2,1,2
487,1,1,outer,1,2,1,0
488,1,1,outer,1,2,1,1
489,1,1,outer,1,2,1,2
490,1,1,outer,1,2,1,0
491,1,1,outer,1,2,1,1
492,1,1,middle,0,3,1,2
493,1,1,outer,1,2,1,0
494,1,1,outer,1,2,1,1
495,1,1,outer,1,2,1,2
496,1,1,outer,0,3,1,0
497,1,1,outer,1,2,1,1
498,1,1,outer,1,2,1,2
499,1,0,,0,1,0,2
500,1,1,outer,1,2,1,0
501,1,0,,0,1,0,0
502,1,1,middle,1,2,1,1
503,1,1,middle,1,2,1,2
504,1,1,outer,1,2,1,0
505,1,1,outer,1,2,1,1
506,1,1,middle,1,2,1,2
507,1,1,outer,1,2,1,0
508,1,1,outer,0,3,1,1
509,1,1,middle,1,2,1,2
510,1,1,outer,1,2,1,0
511,1,1,outer,1,2,1,1
512,1,1,outer,1,2,1,2
513,1,1,outer,0,3,1,0
514,1,1,outer,1,2,1,1
515,1,0,,0,1,0,1
516,1,1,outer,0,3,1,2
517,1,1,middle,1,2,1,0
518,1,1,middle,1,2,1,1
519,1,1,outer,1,2,1,2
520,1,0,,0,1,0,2
521,1,1,middle,1,2,1,0
522,1,1,outer,0,3,1,1
523,1,1,outer,1,2,1,2
524,1,1,outer,0,3,1,0
525,1,1,outer,1,2,1,1
526,1,1,outer,0,3,1,2
527,1,1,outer,1,2,1,0
528,1,1,outer,0,3,1,1
529,1,1,outer,1,2,1,2
530,1,1,outer,0,3,1,0
531,1,1,outer,1,2,1,1
532,1,1,outer,1,2,1,2
533,1,0,,0,1,0,2
534,1,1,outer,0,3,1,0
535,1,1,outer,1,2,1,1
536,1,0,,0,1,0,1
537,1,1,middle,1,2,1,2
538,1,1,outer,1,2,1,0
539,1,1,outer,0,3,1,1
540,1,1,outer,1,2,1,2
541,1,1,outer,1,2,1,0
542,1,1,outer,1,2,1,1
543,1,1,outer,0,3,1,2
544,1,1,outer,0,3,1,0
545,1,1,middle,1,2,1,1
546,1,0,,0,1,0,1
547,1,1,middle,1,2,1,2
548,1,0,,0,1,0,2
549,1,1,outer,1,2,1,0
550,1,0,,0,1,0,0
551,1,1,outer,1,2,1,1
552,1,1,outer,1,2,1,2
553,1,1,outer,1,2,1,0
554,1,1,outer,0,3,1,1
555,1,1,outer,1,2,1,2
556,1,1,outer,0,3,1,0
557,1,1,middle,1,2,-1,1
558,1,1,middle,0,3,1,2
559,1,1,outer,1,2,1,0
560,1,1,outer,1,2,1,1
561,1,1,middle,1,2,1,2
562,1,1,outer,1,2,1,0
563,1,1,middle,0,3,1,1
564,1,0,,0,1,0,1
565,1,1,middle,1,2,1,2
566,1,1,outer,1,2,1,0
567,1,1,outer,0,3,1,1
568,1,1,outer,1,2,1,2
569,1,1,middle,1,2,1,0
570,1,1,outer,0,3,1,1
571,1,1,outer,0,3,1,2
572,1,1,outer,1,2,1,0
573,1,1,middle,1,2,1,1
574,1,1,outer,0,3,1,2
575,1,0,,0,1,0,2
576,1,1,outer,1,2,1,0
577,1,1,outer,0,3,1,1
578,1,1,outer,0,3,1,2
579,1,1,middle,1,2,1,0
580,1,1,outer,0,3,1,1
581,1,0,,0,1,0,1
582,1,0,,0,1,0,1
583,1,1,outer,1,2,1,2
584,1,1,outer,1,2,1,0
585,1,1,middle,0,3,1,1
586,1,1,outer,0,3,1,2
587,1,1,outer,1,2,1,0
588,1,1,outer,0,3,1,1
589,1,1,outer,0,3,1,2
590,1,1,outer,0,3,1,0
591,1,0,,0,1,0,0
592,1,0,,0,1,0,0
593,1,1,outer,1,2,1,1
594,1,1,middle,1,2,-1,2
595,1,1,outer,1,2,1,0
596,1,1,outer,0,3,1,1
597,1,1,middle,1,2,1,2
598,1,0,,0,1,0,2
599,1,1,middle,1,2,1,0
600,1,1,middle,1,2,1,1
601,1,0,,0,1,0,1
602,1,0,,0,1,0,1
603,1,0,,0,1,0,1
604,1,0,,0,1,0,1
605,1,0,,0,1,0,1
606,1,1,middle,1,2,1,2
607,1,1,outer,1,2,1,0
608,1,1,middle,1,2,-1,1
609,1,0,,0,1,0,1
610,1,1,middle,1,2,1,2
611,1,1,outer,1,2,1,0
612,1,1,outer,1,2,1,1
613,1,1,middle,0,3,1,2
614,1,1,outer,1,2,1,0
615,1,1,outer,1,2,1,1
616,1,1,outer,1,2,1,2
617,1,1,outer,1,2,1,0
618,1,0,,0,1,0,0
619,1,1,middle,1,2,1,1
620,1,0,,0,1,0,1
621,1,1,outer,1,2,1,2
622,1,1,outer,1,2,1,0
623,1,1,outer,1,2,1,1
624,1,1,outer,1,2,1,2
625,1,1,outer,0,3,1,0
626,1,1,outer,0,3,1,1
627,1,1,middle,1,2,-1,2
628,1,1,outer,1,2,1,0
629,1,1,outer,1,2,1,1
630,1,1,outer,0,3,1,2
631,1,1,outer,1,2,1,0
632,1,0,,0,1,0,0
633,1,1,outer,1,2,1,1
634,1,1,middle,1,2,1,2
635,1,1,outer,1,2,1,0
636,1,1,outer,1,2,1,1
637,1,1,outer,1,2,1,2
638,1,0,,0,1,0,2
639,1,0,,0,1,0,2
640,1,1,outer,0,3,1,0
641,1,1,outer,1,2,1,1
642,1,1,middle,0,3,1,2
643,1,1,outer,0,3,1,0
644,1,0,,0,1,0,0
645,1,0,,0,1,0,0
646,1,1,outer,1,2,1,1
647,1,1,outer,0,3,1,2
648,1,1,outer,1,2,1,0
649,1,1,middle,1,2,1,1
650,1,1,middle,1,2,1,2
651,1,1,outer,1,2,1,0
652,1,1,outer,1,2,1,1
653,1,1,outer,1,2,1,2
654,1,0,,0,1,0,2
655,1,0,,0,1,0,2
656,1,1,outer,1,2,1,0
657,1,1,outer,1,2,1,1
658,1,1,middle,0,3,1,2
659,1,1,middle,1,2,1,0
660,1,1,outer,0,3,1,1
661,1,1,middle,1,2,-1,2
662,1,1,outer,1,2,1,0
663,1,1,outer,0,3,1,1
664,1,1,middle,1,2,1,2
665,1,1,outer,0,3,1,0
666,1,1,outer,0,3,1,1
667,1,1,outer,1,2,1,2
668,1,0,,0,1,0,2
669,1,1,outer,0,3,1,0
670,1,1,outer,1,2,1,1
671,1,1,outer,1,2,1,2
672,1,1,outer,1,2,1,0
673,1,1,middle,1,2,1,1
674,1,0,,0,1,0,1
675,1,1,outer,0,3,1,2
676,1,1,outer,1,2,1,0
677,1,1,outer,1,2,1,1
678,1,1,outer,1,2,1,2
679,1,1,outer,1,2,1,0
680,1,1,outer,1,2,1,1
681,1,1,outer,0,3,1,2
682,1,1,outer,1,2,1,0
683,1,0,,0,1,0,0
684,1,1,middle,1,2,1,1
685,1,1,outer,1,2,1,2
686,1,1,outer,1,2,1,0
687,1,1,outer,1,2,1,1
688,1,1,outer,1,2,1,2
689,1,1,outer,1,2,1,0
690,1,1,outer,0,3,1,1
691,1,1,middle,1,2,-1,2
692,1,1,outer,1,2,1,0
693,1,1,outer,1,2,1,1
694,1,1,middle,1,2,1,2
695,1,1,outer,1,2,1,0
696,1,0,,0,1,0,0
697,1,1,outer,0,3,1,1
698,1,1,middle,1,2,1,2
699,1,1,outer,0,3,1,0
700,1,1,outer,1,2,1,1
701,1,1,outer,1,2,1,2
702,1,1,middle,1,2,1,0
703,1,1,middle,1,2,1,1
704,1,1,outer,0,3,1,2
705,1,1,outer,1,2,1,0
706,1,0,,0,1,0,0
707,1,1,outer,0,3,1,1
708,1,1,middle,1,2,-1,2
709,1,0,,0,1,0,2
710,1,0,,0,1,0,2
711,1,1,outer,1,2,1,0
712,1,1,outer,0,3,1,1
713,1,1,outer,1,2,1,2
714,1,0,,0,1,0,2
715,1,1,middle,1,2,1,0
716,1,1,outer,0,3,1,1
717,1,0,,0,1,0,1
718,1,1,outer,1,2,1,2
719,1,1,outer,1,2,1,0
720,1,1,middle,0,3,1,1
721,1,1,outer,1,2,1,2
722,1,1,outer,1,2,1,0
723,1,1,outer,1,2,1,1
724,1,1,middle,1,2,1,2
725,1,1,middle,1,2,1,0
726,1,0,,0,1,0,0
727,1,1,outer,1,2,1,1
728,1,1,outer,1,2,1,2
729,1,1,outer,1,2,1,0
730,1,1,outer,1,2,1,1
731,1,1,middle,1,2,1,2
732,1,1,outer,1,2,1,0
733,1,1,outer,1,2,1,1
734,1,1,outer,1,2,1,2
735,1,1,outer,1,2,1,0
736,1,1,middle,1,2,1,1
737,1,1,middle,1,2,1,2
738,1,1,outer,1,2,1,0
739,1,1,outer,1,2,1,1
740,1,1,outer,1,2,1,2
741,1,1,outer,1,2,1,0
742,1,1,outer,0,3,1,1
743,1,1,middle,1,2,1,2
744,1,1,outer,1,2,1,0
745,1,0,,0,1,0,0
746,1,1,middle,1,2,1,1
747,1,0,,0,1,0,1
748,1,1,middle,1,2,1,2
749,1,1,outer,1,2,1,0
750,1,1,middle,1,2,1,1
751,1,1,outer,1,2,1,2
752,1,1,outer,1,2,1,0
753,1,1,outer,0,3,1,1
754,1,1,outer,1,2,1,2
755,1,1,outer,1,2,1,0
756,1,0,,0,1,0,0
757,1,1,outer,1,2,1,1
758,1,1,outer,1,2,1,2
759,1,1,outer,0,3,1,0
760,1,1,outer,1,2,1,1
761,1,1,outer,1,2,1,2
762,1,1,outer,1,2,1,0
763,1,1,outer,1,2,1,1
764,1,0,,0,1,0,1
765,1,1,middle,1,2,1,2
766,1,1,outer,0,3,1,0
767,1,1,outer,0,3,1,1
768,1,1,outer,1,2,1,2
769,1,1,outer,0,3,1,0
770,1,1,outer,0,3,1,1
771,1,1,outer,1,2,1,2
772,1,1,outer,1,2,1,0
773,1,1,outer,1,2,1,1
774,1,1,outer,1,2,1,2
775,1,1,outer,1,2,1,0
776,1,1,outer,1,2,1,1
777,1,1,middle,1,2,1,2
778,1,0,,0,1,0,2
779,1,1,outer,1,2,1,0
780,1,1,outer,1,2,1,1
781,1,1,outer,1,2,1,2
782,1,1,outer,0,3,1,0
783,1,1,outer,1,2,1,1
784,1,1,outer,1,2,1,2
785,1,1,outer,1,2,1,0
786,1,1,outer,1,2,1,1
787,1,1,outer,0,3,1,2
788,1,1,middle,1,2,1,0
789,1,1,outer,1,2,1,1
790,1,1,outer,1,2,1,2
791,1,1,outer,1,2,1,0
792,1,1,outer,1,2,1,1
793,1,0,,0,1,0,1
794,1,1,middle,1,2,1,2
795,1,1,outer,1,2,1,0
796,1,1,outer,1,2,1,1
797,1,1,outer,1,2,1,2
798,1,1,outer,0,3,1,0
799,1,0,,0,1,0,0
800,1,1,outer,0,3,1,1
801,1,1,middle,1,2,1,2
802,1,1,middle,1,2,1,0
803,1,1,outer,1,2,1,1
804,1,1,middle,0,3,1,2
805,1,1,outer,0,3,1,0
806,1,1,outer,1,2,1,1
807,1,1,middle,1,2,1,2
808,1,1,outer,0,3,1,0
809,1,1,outer,1,2,1,1
810,1,1,middle,0,3,1,2
811,1,1,outer,1,2,1,0
812,1,1,outer,1,2,1,1
813,1,1,outer,1,2,1,2
814,1,1,outer,1,2,1,0
815,1,1,outer,1,2,1,1
816,1,1,outer,0,3,1,2
817,1,1,outer,1,2,1,0
818,1,1,outer,0,3,1,1
819,1,1,middle,1,2,1,2
820,1,0,,0,1,0,2
821,1,1,outer,1,2,1,0
822,1,1,outer,1,2,1,1
823,1,1,outer,1,2,1,2
824,1,1,outer,1,2,1,0
825,1,1,outer,1,2,1,1
826,1,1,outer,1,2,1,2
827,1,1,outer,1,2,1,0
828,1,1,outer,1,2,1,1
829,1,1,outer,0,3,1,2
830,1,1,outer,1,2,1,0
831,1,1,outer,1,2,1,1
832,1,1,middle,1,2,1,2
833,1,1,outer,1,2,1,0
834,1,1,outer,1,2,1,1
835,1,1,middle,1,2,1,2
836,1,1,outer,1,2,1,0
837,1,0,,0,1,0,0
838,1,1,outer,0,3,1,1
839,1,1,outer,1,2,1,2
840,1,0,,0,1,0,2
841,1,1,outer,1,2,1,0
842,1,0,,0,1,0,0
843,1,1,outer,1,2,1,1
844,1,0,,0,1,0,1
845,1,1,outer,1,2,1,2
846,1,0,,0,1,0,2
847,1,1,outer,0,3,1,0
848,1,1,middle,1,2,1,1
849,1,1,outer,1,2,1,2
850,1,1,outer,0,3,1,0
851,1,1,outer,1,2,1,1
852,1,1,outer,1,2,1,2
853,1,1,outer,1,2,1,0
854,1,1,outer,1,2,1,1
855,1,1,outer,1,2,1,2
856,1,1,outer,1,2,1,0
857,1,1,outer,1,2,1,1
858,1,1,outer,0,3,1,2
859,1,1,middle,1,2,1,0
860,1,1,outer,0,3,1,1
861,1,0,,0,1,0,1
862,1,1,outer,1,2,1,2
863,1,1,outer,1,2,1,0
864,1,1,outer,1,2,1,1
865,1,1,outer,1,2,1,2
866,1,1,outer,1,2,1,0
867,1,1,middle,0,3,1,1
868,1,0,,0,1,0,1
869,1,1,middle,1,2,1,2
870,1,1,outer,0,3,1,0
871,1,1,middle,1,2,1,1
872,1,0,,0,1,0,1
873,1,1,outer,0,3,1,2
874,1,1,outer,1,2,1,0
875,1,1,outer,1,2,1,1
876,1,1,outer,1,2,1,2
877,1,0,,0,1,0,2
878,1,0,,0,1,0,2
879,1,1,middle,1,2,1,0
880,1,0,,0,1,0,0
881,1,1,outer,0,3,1,1
882,1,1,outer,0,3,1,2
883,1,1,outer,1,2,1,0
884,1,1,middle,1,2,1,1
885,1,0,,0,1,0,1
886,1,1,outer,1,2,1,2
887,1,1,middle,0,3,1,0
888,1,1,outer,0,3,1,1
889,1,1,outer,1,2,1,2
890,1,0,,0,1,0,2
891,1,1,middle,1,2,1,0
892,1,1,middle,1,2,-1,1
893,1,1,middle,1,2,1,2
894,1,0,,0,1,0,2
895,1,0,,0,1,0,2
896,1,1,outer,1,2,1,0
897,1,0,,0,1,0,0
898,1,1,outer,1,2,1,1
899,1,0,,0,1,0,1
900,1,1,outer,1,2,1,2
901,1,1,middle,1,2,1,0
902,1,0,,0,1,0,0
903,1,1,middle,0,3,1,1
904,1,1,outer,0,3,1,2
905,1,0,,0,1,0,2
906,1,1,outer,1,2,1,0
907,1,1,outer,0,3,1,1
908,1,0,,0,1,0,1
909,1,1,outer,1,2,1,2
910,1,1,outer,1,2,1,0
911,1,1,outer,1,2,1,1
912,1,1,outer,1,2,1,2
913,1,1,outer,1,2,1,0
914,1,1,outer,1,2,1,1
915,1,1,outer,1,2,1,2
916,1,1,middle,1,2,-1,0
917,1,1,outer,1,2,1,1
918,1,1,outer,1,2,1,2
919,1,1,outer,1,2,1,0
920,1,1,outer,1,2,1,1
921,1,1,outer,0,3,1,2
922,1,1,outer,1,2,1,0
923,1,1,middle,1,2,1,1
924,1,1,middle,0,3,1,2
925,1,1,middle,1,2,-1,0
926,1,1,middle,1,2,1,1
927,1,1,outer,0,3,1,2
928,1,0,,0,1,0,2
929,1,1,outer,1,2,1,0
930,1,1,middle,0,3,1,1
931,1,1,outer,1,2,1,2
932,1,1,outer,0,3,1,0
933,1,1,outer,1,2,1,1
934,1,1,outer,1,2,1,2
935,1,1,outer,1,2,1,0
936,1,1,outer,1,2,1,1
937,1,1,middle,0,3,1,2
938,1,1,outer,0,3,1,0
939,1,1,outer,1,2,1,1
940,1,1,middle,1,2,1,2
941,1,1,middle,1,2,-1,0
942,1,1,outer,1,2,1,1
943,1,1,outer,1,2,1,2
944,1,1,outer,0,3,1,0
945,1,0,,0,1,0,0
946,1,1,outer,0,3,1,1
947,1,1,outer,1,2,1,2
948,1,1,outer,1,2,1,0
949,1,1,outer,1,2,1,1
950,1,1,outer,1,2,1,2
951,1,1,outer,1,2,1,0
952,1,0,,0,1,0,0
953,1,1,outer,1,2,1,1
954,1,1,outer,0,3,1,2
955,1,1,outer,0,3,1,0
956,1,1,middle,1,2,-1,1
957,1,1,outer,1,2,1,2
958,1,1,outer,0,3,1,0
959,1,1,outer,1,2,1,1
960,1,1,outer,0,3,1,2
961,1,1,outer,1,2,1,0
962,1,0,,0,1,0,0
963,1,1,outer,0,3,1,1
964,1,1,outer,1,2,1,2
965,1,1,outer,1,2,1,0
966,1,1,middle,0,3,1,1
967,1,1,outer,1,2,1,2
968,1,1,outer,1,2,1,0
969,1,1,middle,0,3,1,1
970,1,1,outer,0,3,1,2
971,1,1,middle,0,3,1,0
972,1,1,middle,0,3,1,1
973,1,1,outer,1,2,1,2
974,1,0,,0,1,0,2
975,1,0,,0,1,0,2
976,1,1,outer,1,2,1,0
977,1,1,outer,0,3,1,1
978,1,1,middle,1,2,1,2
979,1,0,,0,1,0,2
980,1,1,middle,1,2,1,0
981,1,1,middle,1,2,1,1
982,1,0,,0,1,0,1
983,1,1,outer,1,2,1,2
984,1,1,outer,0,3,1,0
985,1,1,middle,1,2,1,1
986,1,1,outer,1,2,1,2
987,1,1,outer,1,2,1,0
988,1,1,outer,0,3,1,1
989,1,1,outer,1,2,1,2
990,1,1,outer,1,2,1,0
991,1,1,outer,1,2,1,1
992,1,1,outer,0,3,1,2
993,1,1,outer,1,2,1,0
994,1,1,middle,1,2,1,1
995,1,1,outer,0,3,1,2
996,1,1,outer,1,2,1,0
997,1,1,middle,1,2,1,1
998,1,1,outer,1,2,1,2
999,1,1,outer,1,2,1,0
1000,1,1,middle,1,2,1,1
1001,1,1,outer,1,2,1,2
1002,1,1,middle,0,3,1,0
1003,1,1,outer,1,2,1,1
1004,1,1,outer,1,2,1,2
1005,1,1,outer,1,2,1,0
1006,1,0,,0,1,0,0
1007,1,1,outer,1,2,1,1
1008,1,1,outer,0,3,1,2
1009,1,1,outer,1,2,1,0
1010,1,1,outer,1,2,1,1
1011,1,1,outer,1,2,1,2
1012,1,1,outer,0,3,1,0
1013,1,1,outer,1,2,1,1
1014,1,1,outer,1,2,1,2
1015,1,1,outer,0,3,1,0
1016,1,1,outer,1,2,1,1
1017,1,1,outer,1,2,1,2
1018,1,0,,0,1,0,2
1019,1,1,outer,1,2,1,0
1020,1,1,middle,1,2,1,1
1021,1,1,middle,0,3,1,2
1022,1,1,outer,1,2,1,0
1023,1,1,outer,1,2,1,1
1024,1,1,outer,1,2,1,2
1025,1,1,outer,1,2,1,0
1026,1,1,middle,0,3,1,1
1027,1,1,outer,1,2,1,2
1028,1,1,outer,1,2,1,0
1029,1,1,middle,1,2,1,1
1030,1,1,outer,1,2,1,2
1031,1,0,,0,1,0,2
1032,1,1,outer,1,2,1,0
1033,1,1,middle,1,2,1,1
1034,1,1,middle,1,2,1,2
1035,1,0,,0,1,0,2
1036,1,1,middle,1,2,-1,0
1037,1,1,middle,1,2,1,1
1038,1,1,middle,1,2,1,2
1039,1,1,outer,1,2,1,0
1040,1,1,outer,0,3,1,1
1041,1,1,outer,0,3,1,2
1042,1,1,outer,0,3,1,0
1043,1,1,middle,1,2,-1,1
1044,1,1,outer,1,2,1,2
1045,1,1,outer,1,2,1,0
1046,1,0,,0,1,0,0
1047,1,1,outer,1,2,1,1
1048,1,1,outer,0,3,1,2
1049,1,1,outer,0,3,1,0
1050,1,1,outer,1,2,1,1
1051,1,1,outer,0,3,1,2
1052,1,1,outer,1,2,1,0
1053,1,1,outer,1,2,1,1
1054,1,1,middle,0,3,1,2
1055,1,1,outer,0,3,1,0
1056,1,1,outer,1,2,1,1
1057,1,1,outer,0,3,1,2
1058,1,1,outer,0,3,1,0
1059,1,0,,0,1,0,0
1060,1,1,outer,1,2,1,1
1061,1,1,outer,1,2,1,2
1062,1,1,outer,1,2,1,0
1063,1,1,outer,0,3,1,1
1064,1,1,outer,1,2,1,2
1065,1,1,outer,0,3,1,0
1066,1,1,outer,1,2,1,1
1067,1,1,outer,0,3,1,2
1068,1,1,outer,1,2,1,0
1069,1,1,outer,1,2,1,1
1070,1,1,outer,1,2,1,2
1071,1,1,outer,1,2,1,0
1072,1,1,middle,1,2,-1,1
1073,1,1,outer,1,2,1,2
1074,1,1,middle,1,2,1,0
1075,1,1,middle,0,3,1,1
1076,1,1,outer,1,2,1,2
1077,1,1,outer,1,2,1,0
1078,1,1,outer,1,2,1,1
1079,1,0,,0,1,0,1
1080,1,1,outer,1,2,1,2
1081,1,1,outer,0,3,1,0
1082,1,1,outer,1,2,1,1
1083,1,1,outer,1,2,1,2
1084,1,1,outer,1,2,1,0
1085,1,1,outer,1,2,1,1
1086,1,1,outer,1,2,1,2
1087,1,1,middle,1,2,1,0
1088,1,0,,0,1,0,0
1089,1,1,outer,1,2,1,1
1090,1,1,outer,1,2,1,2
1091,1,0,,0,1,0,2
1092,1,1,outer,1,2,1,0
1093,1,1,outer,1,2,1,1
1094,1,1,outer,1,2,1,2
1095,1,1,outer,1,2,1,0
1096,1,0,,0,1,0,0
1097,1,1,outer,1,2,1,1
1098,1,1,outer,0,3,1,2
1099,1,1,outer,1,2,1,0
1100,1,1,middle,0,3,1,1
1101,1,1,outer,0,3,1,2
1102,1,0,,0,1,0,2
1103,1,1,outer,1,2,1,0
1104,1,1,outer,1,2,1,1
1105,1,1,outer,1,2,1,2
1106,1,1,outer,0,3,1,0
1107,1,1,outer,1,2,1,1
1108,1,1,outer,1,2,1,2
1109,1,1,outer,0,3,1,0
1110,1,1,outer,0,3,1,1
1111,1,1,outer,1,2,1,2
1112,1,1,outer,1,2,1,0
1113,1,1,middle,1,2,1,1
1114,1,1,middle,0,3,1,2
1115,1,1,outer,1,2,1,0
1116,1,1,outer,1,2,1,1
1117,1,1,outer,0,3,1,2
1118,1,1,outer,1,2,1,0
1119,1,1,middle,1,2,-1,1
1120,1,1,middle,1,2,1,2
1121,1,1,outer,1,2,1,0
1122,1,1,outer,1,2,1,1
1123,1,1,outer,0,3,1,2
1124,1,1,outer,1,2,1,0
1125,1,0,,0,1,0,0
1126,1,1,outer,0,3,1,1
1127,1,0,,0,1,0,1
1128,1,1,outer,0,3,1,2
1129,1,1,middle,0,3,1,0
1130,1,0,,0,1,0,0
1131,1,1,outer,0,3,1,1
1132,1,1,outer,1,2,1,2
1133,1,1,outer,0,3,1,0
1134,1,1,middle,1,2,-1,1
1135,1,1,middle,1,2,-1,2
1136,1,1,outer,1,2,1,0
1137,1,1,middle,0,3,1,1
1138,1,1,outer,1,2,1,2
1139,1,1,outer,0,3,1,0
1140,1,1,outer,1,2,1,1
1141,1,1,outer,1,2,1,2
1142,1,0,,0,1,0,2
1143,1,1,outer,1,2,1,0
1144,1,1,outer,1,2,1,1
1145,1,1,outer,1,2,1,2
1146,1,1,middle,1,2,1,0
1147,1,1,outer,1,2,1,1
1148,1,1,outer,1,2,1,2
1149,1,1,outer,1,2,1,0
1150,1,1,middle,1,2,1,1
1151,1,1,middle,1,2,1,2
1152,1,1,outer,0,3,1,0
1153,1,0,,0,1,0,0
1154,1,0,,0,1,0,0
1155,1,0,,0,1,0,0
1156,1,1,outer,1,2,1,1
1157,1,1,outer,1,2,1,2
1158,1,1,outer,0,3,1,0
1159,1,1,outer,1,2,1,1
1160,1,1,outer,1,2,1,2
1161,1,1,middle,1,2,1,0
1162,1,1,outer,1,2,1,1
1163,1,1,outer,1,2,1,2
1164,1,1,outer,1,2,1,0
1165,1,1,outer,0,3,1,1
1166,1,1,middle,1,2,1,2
1167,1,1,middle,1,2,1,0
1168,1,1,outer,1,2,1,1
1169,1,1,outer,1,2,1,2
1170,1,1,outer,1,2,1,0
1171,1,1,outer,1,2,1,1
1172,1,1,outer,0,3,1,2
1173,1,1,middle,1,2,1,0
1174,1,1,middle,1,2,1,1
1175,1,1,outer,1,2,1,2
1176,1,1,outer,0,3,1,0
1177,1,0,,0,1,0,0
1178,1,1,middle,1,2,1,1
1179,1,1,outer,0,3,1,2
1180,1,1,middle,1,2,1,0
1181,1,1,outer,1,2,1,1
1182,1,1,outer,1,2,1,2
1183,1,1,outer,1,2,1,0
1184,1,1,outer,1,2,1,1
1185,1,1,middle,0,3,1,2
1186,1,1,outer,0,3,1,0
1187,1,1,middle,0,3,1,1
1188,1,0,,0,1,0,1
1189,1,1,middle,1,2,1,2
1190,1,1,outer,0,3,1,0
1191,1,1,outer,1,2,1,1
1192,1,1,middle,1,2,1,2
1193,1,1,outer,1,2,1,0
1194,1,1,middle,1,2,-1,1
1195,1,1,middle,0,3,1,2
1196,1,1,outer,1,2,1,0
1197,1,0,,0,1,0,0
1198,1,1,outer,0,3,1,1
1199,1,0,,0,1,0,1
1200,1,1,outer,1,2,1,2
1201,1,0,,0,1,0,2
1202,1,1,outer,1,2,1,0
1203,1,1,outer,1,2,1,1
1204,1,1,outer,1,2,1,2
1205,1,1,outer,1,2,1,0
1206,1,1,outer,1,2,1,1
1207,1,1,outer,0,3,1,2
1208,1,1,outer,0,3,1,0
1209,1,1,outer,0,3,1,1
1210,1,1,outer,0,3,1,2
1211,1,1,outer,1,2,1,0
1212,1,1,outer,1,2,1,1
1213,1,1,outer,1,2,1,2
1214,1,1,outer,1,2,1,0
1215,1,0,,0,1,0,0
1216,1,1,outer,1,2,1,1
1217,1,0,,0,1,0,1
1218,1,1,outer,1,2,1,2
1219,1,1,outer,1,2,1,0
1220,1,1,outer,1,2,1,1
1221,1,1,outer,1,2,1,2
1222,1,0,,0,1,0,2
1223,1,1,outer,1,2,1,0
1224,1,1,middle,1,2,1,1
1225,1,1,middle,0,3,1,2
1226,1,1,outer,1,2,1,0
1227,1,1,outer,1,2,1,1
1228,1,1,middle,1,2,1,2
1229,1,1,outer,1,2,1,0
1230,1,1,middle,1,2,-1,1
1231,1,1,outer,1,2,1,2
1232,1,1,outer,0,3,1,0
1233,1,1,outer,1,2,1,1
1234,1,1,outer,1,2,1,2
1235,1,1,outer,1,2,1,0
1236,1,1,outer,0,3,1,1
1237,1,1,outer,1,2,1,2
1238,1,1,outer,1,2,1,0
1239,1,1,outer,0,3,1,1
1240,1,1,middle,0,3,1,2
1241,1,1,outer,1,2,1,0
1242,1,1,outer,1,2,1,1
1243,1,1,outer,1,2,1,2
1244,1,1,outer,0,3,1,0
1245,1,1,outer,1,2,1,1
1246,1,1,outer,1,2,1,2
1247,1,1,outer,0,3,1,0
1248,1,1,middle,1,2,1,1
1249,1,1,outer,1,2,1,2
1250,1,1,outer,1,2,1,0
1251,1,1,outer,1,2,1,1
1252,1,1,outer,1,2,1,2
1253,1,0,,0,1,0,2
1254,1,1,outer,1,2,1,0
1255,1,0,,0,1,0,0
1256,1,1,outer,1,2,1,1
1257,1,1,outer,1,2,1,2
1258,1,1,outer,1,2,1,0
1259,1,0,,0,1,0,0
1260,1,0,,0,1,0,0
1261,1,1,middle,1,2,1,1
1262,1,1,outer,1,2,1,2
1263,1,1,outer,0,3,1,0
1264,1,1,outer,1,2,1,1
1265,1,1,outer,1,2,1,2
1266,1,1,middle,1,2,1,0
1267,1,1,outer,1,2,1,1
1268,1,1,outer,0,3,1,2
1269,1,1,outer,1,2,1,0
1270,1,1,outer,1,2,1,1
1271,1,1,outer,1,2,1,2
1272,1,1,outer,1,2,1,0
1273,1,1,outer,1,2,1,1
1274,1,1,outer,0,3,1,2
1275,1,1,outer,1,2,1,0
1276,1,1,outer,0,3,1,1
1277,1,1,outer,1,2,1,2
1278,1,1,outer,1,2,1,0
1279,1,0,,0,1,0,0
1280,1,1,outer,1,2,1,1
1281,1,0,,0,1,0,1
1282,1,1,middle,1,2,1,2
1283,1,0,,0,1,0,2
1284,1,1,outer,0,3,1,0
1285,1,1,middle,1,2,1,1
1286,1,1,outer,1,2,1,2
1287,1,0,,0,1,0,2
1288,1,1,middle,1,2,1,0
1289,1,1,outer,1,2,1,1
1290,1,1,outer,1,2,1,2
1291,1,1,outer,1,2,1,0
1292,1,1,middle,1,2,-1,1
1293,1,1,outer,1,2,1,2
1294,1,1,middle,0,3,1,0
1295,1,1,outer,1,2,1,1
1296,1,1,outer,1,2,1,2
1297,1,1,outer,1,2,1,0
1298,1,1,outer,1,2,1,1
1299,1,1,outer,1,2,1,2
1300,1,1,outer,1,2,1,0
1301,1,1,outer,1,2,1,1
1302,1,1,outer,1,2,1,2
1303,1,1,outer,1,2,1,0
1304,1,1,outer,1,2,1,1
1305,1,0,,0,1,0,1
1306,1,1,outer,1,2,1,2
1307,1,1,outer,1,2,1,0
1308,1,1,outer,1,2,1,1
1309,1,1,middle,0,3,1,2
1310,1,1,outer,0,3,1,0
1311,1,1,outer,1,2,1,1
1312,1,1,outer,0,3,1,2
1313,1,1,outer,1,2,1,0
1314,1,1,outer,1,2,1,1
1315,1,1,outer,1,2,1,2
1316,1,0,,0,1,0,2
1317,1,1,outer,1,2,1,0
1318,1,1,outer,1,2,1,1
1319,1,0,,0,1,0,1
1320,1,1,outer,1,2,1,2
1321,1,1,outer,1,2,1,0
1322,1,1,outer,1,2,1,1
1323,1,1,middle,1,2,-1,2
1324,1,1,outer,1,2,1,0
1325,1,1,outer,1,2,1,1
1326,1,1,middle,0,3,1,2
1327,1,1,outer,0,3,1,0
1328,1,0,,0,1,0,0
1329,1,1,outer,0,3,1,1
1330,1,1,middle,1,2,1,2
1331,1,1,outer,1,2,1,0
1332,1,1,outer,1,2,1,1
1333,1,1,middle,1,2,1,2
1334,1,1,outer,1,2,1,0
1335,1,1,outer,0,3,1,1
1336,1,1,outer,1,2,1,2
1337,1,1,outer,1,2,1,0
1338,1,1,outer,1,2,1,1
1339,1,1,outer,1,2,1,2
1340,1,1,middle,1,2,1,0
1341,1,0,,0,1,0,0
1342,1,1,middle,1,2,1,1
1343,1,1,middle,1,2,1,2
1344,1,1,outer,0,3,1,0
1345,1,1,outer,1,2,1,1
1346,1,1,outer,0,3,1,2
1347,1,1,outer,1,2,1,0
1348,1,1,outer,0,3,1,1
1349,1,1,outer,1,2,1,2
1350,1,1,middle,1,2,1,0
1351,1,0,,0,1,0,0
1352,1,1,outer,0,3,1,1
1353,1,1,outer,1,2,1,2
1354,1,0,,0,1,0,2
1355,1,1,outer,1,2,1,0
1356,1,1,outer,1,2,1,1
1357,1,1,middle,1,2,1,2
1358,1,1,outer,1,2,1,0
1359,1,1,outer,1,2,1,1
1360,1,0,,0,1,0,1
1361,1,1,middle,0,3,1,2
1362,1,1,outer,1,2,1,0
1363,1,1,outer,1,2,1,1
1364,1,1,middle,1,2,1,2
1365,1,1,outer,1,2,1,0
1366,1,1,outer,1,2,1,1
1367,1,1,outer,0,3,1,2
1368,1,1,outer,0,3,1,0
1369,1,1,outer,1,2,1,1
1370,1,1,middle,1,2,1,2
1371,1,1,outer,0,3,1,0
1372,1,1,outer,0,3,1,1
1373,1,1,outer,0,3,1,2
1374,1,1,outer,1,2,1,0
1375,1,1,outer,1,2,1,1
1376,1,1,outer,1,2,1,2
1377,1,1,outer,0,3,1,0
1378,1,1,outer,0,3,1,1
1379,1,1,outer,0,3,1,2
1380,1,1,outer,0,3,1,0
1381,1,1,outer,0,3,1,1
1382,1,1,middle,1,2,1,2
1383,1,1,outer,1,2,1,0
1384,1,1,outer,0,3,1,1
1385,1,1,outer,1,2,1,2
1386,1,1,outer,1,2,1,0
1387,1,1,outer,1,2,1,1
1388,1,1,outer,1,2,1,2
1389,1,1,outer,1,2,1,0
1390,1,1,outer,1,2,1,1
1391,1,1,outer,1,2,1,2
1392,1,1,outer,1,2,1,0
1393,1,0,,0,1,0,0
1394,1,1,outer,0,3,1,1
1395,1,1,middle,1,2,1,2
1396,1,1,outer,1,2,1,0
1397,1,1,outer,0,3,1,1
1398,1,1,outer,1,2,1,2
1399,1,1,outer,1,2,1,0
1400,1,0,,0,1,0,0
1401,1,1,outer,1,2,1,1
1402,1,1,outer,1,2,1,2
1403,1,1,outer,0,3,1,0
1404,1,1,outer,1,2,1,1
1405,1,1,outer,1,2,1,2
1406,1,1,outer,0,3,1,0
1407,1,1,outer,1,2,1,1
1408,1,1,outer,1,2,1,2
1409,1,0,,0,1,0,2
1410,1,1,outer,0,3,1,0
1411,1,1,outer,1,2,1,1
1412,1,1,middle,1,2,1,2
1413,1,1,outer,0,3,1,0
1414,1,0,,0,1,0,0
1415,1,1,middle,0,3,1,1
1416,1,0,,0,1,0,1
1417,1,0,,0,1,0,1
1418,1,1,outer,0,3,1,2
1419,1,1,middle,1,2,1,0
1420,1,0,,0,1,0,0
1421,1,1,outer,0,3,1,1
1422,1,1,outer,1,2,1,2
1423,1,1,middle,1,2,1,0
1424,1,1,middle,1,2,1,1
1425,1,1,outer,0,3,1,2
1426,1,1,outer,1,2,1,0
1427,1,1,middle,1,2,1,1
1428,1,1,outer,1,2,1,2
1429,1,1,outer,0,3,1,0
1430,1,1,outer,1,2,1,1
1431,1,1,middle,1,2,1,2
1432,1,1,outer,0,3,1,0
1433,1,1,outer,1,2,1,1
1434,1,0,,0,1,0,1
1435,1,1,outer,1,2,1,2
1436,1,1,outer,1,2,1,0
1437,1,1,middle,0,3,1,1
1438,1,1,outer,0,3,1,2
1439,1,1,outer,1,2,1,0
1440,1,1,outer,1,2,1,1
1441,1,1,outer,1,2,1,2
1442,1,1,middle,1,2,-1,0
1443,1,1,middle,1,2,1,1
1444,1,1,middle,1,2,1,2
1445,1,0,,0,1,0,2
1446,1,0,,0,1,0,2
1447,1,1,outer,0,3,1,0
1448,1,1,outer,1,2,1,1
1449,1,1,outer,1,2,1,2
1450,1,1,outer,0,3,1,0
1451,1,1,outer,1,2,1,1
1452,1,1,outer,0,3,1,2
1453,1,1,outer,1,2,1,0
1454,1,1,middle,1,2,1,1
1455,1,0,,0,1,0,1
1456,1,1,outer,1,2,1,2
1457,1,1,outer,1,2,1,0
1458,1,1,outer,1,2,1,1
1459,1,1,outer,0,3,1,2
1460,1,1,outer,1,2,1,0
1461,1,1,outer,1,2,1,1
1462,1,1,outer,0,3,1,2
1463,1,1,middle,0,3,1,0
1464,1,1,outer,0,3,1,1
1465,1,0,,0,1,0,1
1466,1,1,outer,1,2,1,2
1467,1,1,outer,1,2,1,0
1468,1,0,,0,1,0,0
1469,1,1,middle,1,2,1,1
1470,1,1,outer,1,2,1,2
1471,1,1,outer,1,2,1,0
1472,1,1,outer,1,2,1,1
1473,1,1,outer,1,2,1,2
1474,1,1,outer,1,2,1,0
1475,1,1,outer,1,2,1,1
1476,1,1,outer,1,2,1,2
1477,1,1,outer,1,2,1,0
1478,1,1,middle,1,2,1,1
1479,1,1,outer,0,3,1,2
1480,1,1,outer,1,2,1,0
1481,1,0,,0,1,0,0
1482,1,0,,0,1,0,0
1483,1,0,,0,1,0,0
1484,1,1,outer,1,2,1,1
1485,1,1,outer,1,2,1,2
1486,1,1,outer,1,2,1,0
1487,1,1,outer,1,2,1,1
1488,1,1,outer,1,2,1,2
1489,1,1,middle,1,2,1,0
1490,1,1,outer,0,3,1,1
1491,1,0,,0,1,0,1
1492,1,1,middle,1,2,1,2
1493,1,1,outer,0,3,1,0
1494,1,0,,0,1,0,0
1495,1,1,outer,1,2,1,1
1496,1,1,outer,1,2,1,2
1497,1,1,outer,0,3,1,0
1498,1,1,outer,0,3,1,1
1499,1,1,outer,1,2,1,2
1500,1,1,middle,1,2,1,0
1501,1,1,outer,1,2,1,1
1502,1,1,outer,1,2,1,2
1503,1,1,outer,1,2,1,0
1504,1,0,,0,1,0,0
1505,1,1,middle,1,2,1,1
1506,1,1,outer,1,2,1,2
1507,1,1,outer,1,2,1,0
1508,1,1,outer,1,2,1,1
1509,1,1,outer,1,2,1,2
1510,1,0,,0,1,0,2
1511,1,1,outer,0,3,1,0
1512,1,1,outer,1,2,1,1
1513,1,1,outer,1,2,1,2
1514,1,0,,0,1,0,2
1515,1,1,outer,1,2,1,0
1516,1,1,outer,0,3,1,1
1517,1,1,outer,1,2,1,2
1518,1,1,outer,1,2,1,0
1519,1,1,outer,1,2,1,1
1520,1,1,middle,0,3,1,2
1521,1,1,outer,1,2,1,0
1522,1,0,,0,1,0,0
1523,1,1,middle,1,2,1,1
1524,1,1,outer,1,2,1,2
1525,1,1,outer,1,2,1,0
1526,1,1,outer,1,2,1,1
1527,1,1,middle,1,2,1,2
1528,1,1,outer,1,2,1,0
1529,1,1,outer,1,2,1,1
1530,1,0,,0,1,0,1
1531,1,1,middle,1,2,-1,2
1532,1,1,middle,1,2,1,0
1533,1,1,outer,1,2,1,1
1534,1,1,outer,0,3,1,2
1535,1,1,middle,1,2,1,0
1536,1,1,middle,0,3,1,1
1537,1,1,outer,1,2,1,2
1538,1,1,outer,1,2,1,0
1539,1,1,outer,0,3,1,1
1540,1,1,middle,0,3,1,2
1541,1,1,outer,1,2,1,0
1542,1,1,middle,1,2,1,1
1543,1,1,outer,1,2,1,2
1544,1,0,,0,1,0,2
1545,1,1,outer,1,2,1,0
1546,1,0,,0,1,0,0
1547,1,1,middle,1,2,1,1
1548,1,0,,0,1,0,1
1549,1,1,outer,1,2,1,2
1550,1,0,,0,1,0,2
1551,1,1,outer,1,2,1,0
1552,1,1,outer,1,2,1,1
1553,1,1,middle,1,2,1,2
1554,1,1,outer,0,3,1,0
1555,1,1,middle,1,2,-1,1
1556,1,1,outer,1,2,1,2
1557,1,0,,0,1,0,2
1558,1,1,outer,1,2,1,0
1559,1,1,outer,1,2,1,1
1560,1,1,middle,1,2,1,2
1561,1,1,outer,1,2,1,0
1562,1,1,outer,1,2,1,1
1563,1,1,outer,1,2,1,2
1564,1,1,outer,0,3,1,0
1565,1,1,middle,0,3,1,1
1566,1,1,middle,1,2,1,2
1567,1,1,outer,1,2,1,0
1568,1,1,outer,0,3,1,1
1569,1,1,outer,0,3,1,2
1570,1,0,,0,1,0,2
1571,1,1,outer,1,2,1,0
1572,1,1,middle,1,2,1,1
1573,1,1,outer,0,3,1,2
1574,1,1,outer,0,3,1,0
1575,1,0,,0,1,0,0
1576,1,1,outer,1,2,1,1
1577,1,1,outer,0,3,1,2
1578,1,1,outer,1,2,1,0
1579,1,1,middle,1,2,-1,1
1580,1,1,outer,0,3,1,2
1581,1,1,outer,1,2,1,0
1582,1,1,middle,1,2,1,1
1583,1,1,outer,0,3,1,2
1584,1,1,outer,1,2,1,0
1585,1,0,,0,1,0,0
1586,1,1,middle,1,2,1,1
1587,1,1,outer,1,2,1,2
1588,1,0,,0,1,0,2
1589,1,1,outer,0,3,1,0
1590,1,1,outer,1,2,1,1
1591,1,0,,0,1,0,1
1592,1,1,middle,1,2,1,2
1593,1,1,outer,1,2,1,0
1594,1,1,outer,0,3,1,1
1595,1,0,,0,1,0,1
1596,1,1,outer,1,2,1,2
1597,1,1,outer,1,2,1,0
1598,1,0,,0,1,0,0
1599,1,1,middle,1,2,1,1
1600,1,1,outer,1,2,1,2
1601,1,0,,0,1,0,2
1602,1,1,outer,0,3,1,0
1603,1,1,outer,1,2,1,1
1604,1,0,,0,1,0,1
1605,1,0,,0,1,0,1
1606,1,1,outer,1,2,1,2
1607,1,1,outer,0,3,1,0
1608,1,1,outer,1,2,1,1
1609,1,1,outer,1,2,1,2
1610,1,1,outer,0,3,1,0
1611,1,1,outer,1,2,1,1
1612,1,1,outer,1,2,1,2
1613,1,1,outer,1,2,1,0
1614,1,1,outer,1,2,1,1
1615,1,0,,0,1,0,1
1616,1,1,middle,1,2,1,2
1617,1,1,outer,1,2,1,0
1618,1,1,middle,1,2,1,1
1619,1,1,outer,1,2,1,2
1620,1,0,,0,1,0,2
1621,1,1,middle,1,2,1,0
1622,1,1,outer,0,3,1,1
1623,1,1,outer,1,2,1,2
1624,1,1,outer,1,2,1,0
1625,1,1,outer,1,2,1,1
1626,1,1,outer,1,2,1,2
1627,1,1,outer,1,2,1,0
1628,1,1,outer,1,2,1,1
1629,1,1,middle,0,3,1,2
1630,1,1,outer,0,3,1,0
1631,1,1,outer,1,2,1,1
1632,1,0,,0,1,0,1
1633,1,1,middle,0,3,1,2
1634,1,1,middle,1,2,1,0
1635,1,1,middle,1,2,1,1
1636,1,1,outer,1,2,1,2
1637,1,1,outer,0,3,1,0
1638,1,1,outer,0,3,1,1
1639,1,1,outer,1,2,1,2
1640,1,1,outer,1,2,1,0
1641,1,1,outer,0,3,1,1
1642,1,1,outer,1,2,1,2
1643,1,1,outer,1,2,1,0
1644,1,1,outer,0,3,1,1
1645,1,1,outer,0,3,1,2
1646,1,1,outer,1,2,1,0
1647,1,1,middle,0,3,1,1
1648,1,1,middle,1,2,1,2
1649,1,1,outer,1,2,1,0
1650,1,0,,0,1,0,0
1651,1,1,middle,1,2,-1,1
1652,1,1,outer,0,3,1,2
1653,1,1,outer,1,2,1,0
1654,1,1,outer,0,3,1,1
1655,1,1,outer,1,2,1,2
1656,1,1,outer,1,2,1,0
1657,1,1,outer,1,2,1,1
1658,1,1,outer,1,2,1,2
1659,1,1,middle,1,2,1,0
1660,1,1,outer,1,2,1,1
1661,1,1,middle,1,2,1,2
1662,1,1,outer,1,2,1,0
1663,1,1,outer,1,2,1,1
1664,1,1,outer,1,2,1,2
1665,1,1,middle,0,3,1,0
1666,1,0,,0,1,0,0
1667,1,1,outer,1,2,1,1
1668,1,1,outer,0,3,1,2
1669,1,1,outer,1,2,1,0
1670,1,1,outer,1,2,1,1
1671,1,1,outer,1,2,1,2
1672,1,0,,0,1,0,2
1673,1,1,outer,1,2,1,0
1674,1,1,middle,1,2,1,1
1675,1,0,,0,1,0,1
1676,1,1,outer,1,2,1,2
1677,1,1,middle,1,2,1,0
1678,1,1,middle,1,2,1,1
1679,1,1,outer,0,3,1,2
1680,1,0,,0,1,0,2
1681,1,1,outer,0,3,1,0
1682,1,1,outer,1,2,1,1
1683,1,1,outer,1,2,1,2
1684,1,1,outer,0,3,1,0
1685,1,1,middle,0,3,1,1
1686,1,0,,0,1,0,1
1687,1,1,middle,0,3,1,2
1688,1,1,outer,1,2,1,0
1689,1,1,outer,0,3,1,1
1690,1,1,outer,1,2,1,2
1691,1,1,outer,0,3,1,0
1692,1,1,outer,0,3,1,1
1693,1,1,outer,1,2,1,2
1694,1,1,outer,1,2,1,0
1695,1,0,,0,1,0,0
1696,1,1,outer,0,3,1,1
1697,1,0,,0,1,0,1
1698,1,1,outer,1,2,1,2
1699,1,1,middle,0,3,1,0
1700,1,1,outer,1,2,1,1
1701,1,1,outer,1,2,1,2
1702,1,1,outer,0,3,1,0
1703,1,1,outer,0,3,1,1
1704,1,1,outer,1,2,1,2
1705,1,1,outer,0,3,1,0
1706,1,1,outer,0,3,1,1
1707,1,1,outer,1,2,1,2
1708,1,1,outer,0,3,1,0
1709,1,1,middle,1,2,-1,1
1710,1,1,outer,1,2,1,2
1711,1,1,middle,0,3,1,0
1712,1,1,outer,0,3,1,1
1713,1,1,outer,1,2,1,2
1714,1,1,outer,1,2,1,0
1715,1,1,outer,0,3,1,1
1716,1,1,middle,1,2,1,2
1717,1,1,outer,1,2,1,0
1718,1,1,outer,1,2,1,1
1719,1,1,middle,0,3,1,2
1720,1,1,outer,1,2,1,0
1721,1,1,outer,1,2,1,1
1722,1,0,,0,1,0,1
1723,1,1,middle,0,3,1,2
1724,1,1,middle,0,3,1,0
1725,1,0,,0,1,0,0
1726,1,1,outer,1,2,1,1
1727,1,1,outer,1,2,1,2
1728,1,1,outer,1,2,1,0
1729,1,1,outer,1,2,1,1
1730,1,1,middle,1,2,1,2
1731,1,1,middle,1,2,1,0
1732,1,1,outer,1,2,1,1
1733,1,0,,0,1,0,1
1734,1,1,outer,1,2,1,2
1735,1,1,outer,1,2,1,0
1736,1,1,outer,1,2,1,1
1737,1,1,outer,0,3,1,2
1738,1,1,outer,1,2,1,0
1739,1,1,outer,1,2,1,1
1740,1,1,outer,1,2,1,2
1741,1,1,outer,0,3,1,0
1742,1,0,,0,1,0,0
1743,1,1,outer,0,3,1,1
1744,1,1,outer,1,2,1,2
1745,1,1,outer,1,2,1,0
1746,1,1,middle,1,2,1,1
1747,1,1,middle,1,2,1,2
1748,1,1,outer,0,3,1,0
1749,1,1,outer,1,2,1,1
1750,1,1,outer,1,2,1,2
1751,1,0,,0,1,0,2
1752,1,1,middle,1,2,1,0
1753,1,1,outer,1,2,1,1
1754,1,1,outer,1,2,1,2
1755,1,1,outer,1,2,1,0
1756,1,1,outer,1,2,1,1
1757,1,1,outer,0,3,1,2
1758,1,1,outer,1,2,1,0
1759,1,1,outer,1,2,1,1
1760,1,0,,0,1,0,1
1761,1,1,outer,1,2,1,2
1762,1,1,outer,0,3,1,0
1763,1,1,outer,0,3,1,1
1764,1,1,outer,0,3,1,2
1765,1,1,outer,1,2,1,0
1766,1,1,outer,1,2,1,1
1767,1,0,,0,1,0,1
1768,1,0,,0,1,0,1
1769,1,1,outer,1,2,1,2
1770,1,1,outer,1,2,1,0
1771,1,1,outer,1,2,1,1
1772,1,0,,0,1,0,1
1773,1,1,middle,1,2,-1,2
1774,1,1,outer,1,2,1,0
1775,1,1,outer,1,2,1,1
1776,1,1,outer,1,2,1,2
1777,1,1,outer,1,2,1,0
1778,1,1,outer,1,2,1,1
1779,1,1,outer,0,3,1,2
1780,1,1,middle,0,3,1,0
1781,1,1,middle,0,3,1,1
1782,1,1,outer,1,2,1,2
1783,1,1,outer,1,2,1,0
1784,1,1,outer,1,2,1,1
1785,1,1,outer,0,3,1,2
1786,1,1,outer,1,2,1,0
1787,1,1,outer,1,2,1,1
1788,1,1,outer,1,2,1,2
1789,1,1,outer,1,2,1,0
1790,1,1,outer,1,2,1,1
1791,1,0,,0,1,0,1
1792,1,1,outer,1,2,1,2
1793,1,1,outer,1,2,1,0
1794,1,1,middle,1,2,1,1
1795,1,1,outer,1,2,1,2
1796,1,1,outer,1,2,1,0
1797,1,1,outer,1,2,1,1
1798,1,1,middle,0,3,1,2
1799,1,0,,0,1,0,2
1800,1,1,outer,1,2,1,0
1801,1,1,middle,1,2,-1,1
1802,1,1,outer,1,2,1,2
1803,1,1,outer,1,2,1,0
1804,1,1,outer,1,2,1,1
1805,1,1,outer,1,2,1,2
1806,1,1,outer,0,3,1,0
1807,1,1,outer,1,2,1,1
1808,1,1,outer,1,2,1,2
1809,1,1,outer,0,3,1,0
1810,1,1,middle,0,3,1,1
1811,1,1,outer,0,3,1,2
1812,1,1,outer,1,2,1,0
1813,1,1,outer,0,3,1,1
1814,1,1,outer,0,3,1,2
1815,1,0,,0,1,0,2
1816,1,1,outer,1,2,1,0
1817,1,1,middle,1,2,1,1
1818,1,1,outer,0,3,1,2
1819,1,1,outer,1,2,1,0
1820,1,1,outer,1,2,1,1
1821,1,1,outer,1,2,1,2
1822,1,1,outer,1,2,1,0
1823,1,1,middle,1,2,1,1
1824,1,0,,0,1,0,1
1825,1,1,outer,0,3,1,2
1826,1,1,middle,1,2,1,0
1827,1,0,,0,1,0,0
1828,1,1,middle,1,2,1,1
1829,1,1,outer,1,2,1,2
1830,1,1,outer,1,2,1,0
1831,1,0,,0,1,0,0
1832,1,1,outer,1,2,1,1
1833,1,1,outer,0,3,1,2
1834,1,1,outer,1,2,1,0
1835,1,1,outer,0,3,1,1
1836,1,1,outer,1,2,1,2
1837,1,1,outer,1,2,1,0
1838,1,1,outer,1,2,1,1
1839,1,1,middle,0,3,1,2
1840,1,1,outer,1,2,1,0
1841,1,1,outer,1,2,1,1
1842,1,1,outer,0,3,1,2
1843,1,1,outer,1,2,1,0
1844,1,1,middle,1,2,1,1
1845,1,1,outer,1,2,1,2
1846,1,1,outer,1,2,1,0
1847,1,1,outer,1,2,1,1
1848,1,0,,0,1,0,1
1849,1,1,middle,1,2,1,2
1850,1,1,outer,1,2,1,0
1851,1,0,,0,1,0,0
1852,1,1,middle,1,2,1,1
1853,1,1,outer,1,2,1,2
1854,1,1,outer,1,2,1,0
1855,1,0,,0,1,0,0
1856,1,1,middle,0,3,1,1
1857,1,1,outer,1,2,1,2
1858,1,1,outer,1,2,1,0
1859,1,1,outer,1,2,1,1
1860,1,1,middle,1,2,1,2
1861,1,1,middle,1,2,-1,0
1862,1,1,outer,1,2,1,1
1863,1,1,outer,1,2,1,2
1864,1,1,outer,1,2,1,0
1865,1,1,outer,1,2,1,1
1866,1,1,outer,1,2,1,2
1867,1,1,outer,1,2,1,0
1868,1,0,,0,1,0,0
1869,1,1,outer,1,2,1,1
1870,1,1,outer,1,2,1,2
1871,1,1,outer,0,3,1,0
1872,1,1,outer,0,3,1,1
1873,1,1,outer,0,3,1,2
1874,1,1,middle,1,2,1,0
1875,1,1,outer,1,2,1,1
1876,1,1,middle,1,2,1,2
1877,1,1,outer,1,2,1,0
1878,1,1,outer,1,2,1,1
1879,1,1,outer,1,2,1,2
1880,1,1,outer,1,2,1,0
1881,1,1,outer,1,2,1,1
1882,1,1,outer,0,3,1,2
1883,1,1,middle,1,2,1,0
1884,1,1,outer,1,2,1,1
1885,1,1,outer,0,3,1,2
1886,1,1,outer,1,2,1,0
1887,1,1,outer,1,2,1,1
1888,1,0,,0,1,0,1
1889,1,1,outer,1,2,1,2
1890,1,1,outer,1,2,1,0
1891,1,1,middle,1,2,1,1
1892,1,1,outer,1,2,1,2
1893,1,1,middle,1,2,1,0
1894,1,1,outer,1,2,1,1
1895,1,1,outer,0,3,1,2
1896,1,1,outer,0,3,1,0
1897,1,1,outer,1,2,1,1
1898,1,1,outer,1,2,1,2
1899,1,1,outer,1,2,1,0
1900,1,0,,0,1,0,0
1901,1,1,outer,1,2,1,1
1902,1,1,outer,1,2,1,2
1903,1,1,outer,1,2,1,0
1904,1,1,outer,0,3,1,1
1905,1,1,outer,0,3,1,2
1906,1,1,outer,1,2,1,0
1907,1,1,outer,1,2,1,1
1908,1,1,outer,1,2,1,2
1909,1,1,outer,1,2,1,0
1910,1,1,outer,0,3,1,1
1911,1,1,outer,1,2,1,2
1912,1,1,outer,0,3,1,0
1913,1,1,outer,1,2,1,1
1914,1,1,outer,1,2,1,2
1915,1,1,outer,1,2,1,0
1916,1,1,outer,0,3,1,1
1917,1,1,outer,1,2,1,2
1918,1,1,outer,0,3,1,0
1919,1,1,middle,1,2,1,1
1920,1,1,middle,0,3,1,2
1921,1,1,outer,1,2,1,0
1922,1,0,,0,1,0,0
1923,1,1,outer,1,2,1,1
1924,1,1,middle,0,3,1,2
1925,1,1,outer,1,2,1,0
1926,1,1,outer,1,2,1,1
1927,1,0,,0,1,0,1
1928,1,0,,0,1,0,1
1929,1,1,outer,1,2,1,2
1930,1,1,outer,0,3,1,0
1931,1,1,outer,1,2,1,1
1932,1,1,outer,1,2,1,2
1933,1,1,outer,1,2,1,0
1934,1,1,outer,1,2,1,1
1935,1,1,outer,1,2,1,2
1936,1,0,,0,1,0,2
1937,1,1,outer,1,2,1,0
1938,1,1,middle,0,3,1,1
1939,1,1,outer,1,2,1,2
1940,1,1,middle,0,3,1,0
1941,1,1,outer,1,2,1,1
1942,1,1,middle,0,3,1,2
1943,1,1,outer,0,3,1,0
1944,1,1,middle,1,2,1,1
1945,1,1,outer,1,2,1,2
1946,1,1,outer,1,2,1,0
1947,1,1,middle,0,3,1,1
1948,1,1,outer,1,2,1,2
1949,1,1,middle,1,2,1,0
1950,1,1,middle,0,3,1,1
1951,1,1,outer,1,2,1,2
1952,1,1,outer,1,2,1,0
1953,1,1,middle,0,3,1,1
1954,1,1,middle,0,3,1,2
1955,1,1,outer,1,2,1,0
1956,1,1,outer,1,2,1,1
1957,1,1,outer,1,2,1,2
1958,1,1,outer,1,2,1,0
1959,1,0,,0,1,0,0
1960,1,1,outer,1,2,1,1
1961,1,1,outer,1,2,1,2
1962,1,1,outer,1,2,1,0
1963,1,1,outer,1,2,1,1
1964,1,1,outer,1,2,1,2
1965,1,1,outer,1,2,1,0
1966,1,1,middle,0,3,1,1
1967,1,1,middle,1,2,1,2
1968,1,0,,0,1,0,2
1969,1,1,outer,1,2,1,0
1970,1,1,outer,1,2,1,1
1971,1,1,middle,0,3,1,2
1972,1,1,outer,1,2,1,0
1973,1,0,,0,1,0,0
1974,1,1,outer,1,2,1,1
1975,1,1,outer,1,2,1,2
1976,1,1,outer,1,2,1,0
1977,1,1,outer,0,3,1,1
1978,1,1,outer,1,2,1,2
1979,1,1,outer,1,2,1,0
1980,1,1,outer,1,2,1,1
1981,1,1,outer,0,3,1,2
1982,1,1,outer,1,2,1,0
1983,1,1,outer,1,2,1,1
1984,1,1,outer,1,2,1,2
1985,1,1,outer,1,2,1,0
1986,1,1,outer,0,3,1,1
1987,1,1,outer,0,3,1,2
1988,1,1,outer,1,2,1,0
1989,1,1,middle,1,2,1,1
1990,1,1,middle,1,2,-1,2
1991,1,0,,0,1,0,2
1992,1,1,outer,1,2,1,0
1993,1,0,,0,1,0,0
1994,1,1,outer,0,3,1,1
1995,1,1,outer,0,3,1,2
1996,1,1,middle,1,2,1,0
1997,1,1,outer,1,2,1,1
1998,1,1,middle,0,3,1,2
1999,1,1,outer,1,2,1,0
2000,1,1,outer,1,2,1,1
2001,1,0,,0,1,0,1
2002,1,1,outer,1,2,1,2
2003,1,1,outer,0,3,1,0
2004,1,0,,0,1,0,0
2005,1,0,,0,1,0,0
2006,1,1,outer,1,2,1,1
2007,1,1,middle,1,2,1,2
2008,1,1,middle,1,2,1,0
2009,1,1,middle,1,2,1,1
2010,1,1,middle,0,3,1,2
2011,1,1,outer,1,2,1,0
2012,1,1,middle,1,2,1,1
2013,1,0,,0,1,0,1
2014,1,0,,0,1,0,1
2015,1,0,,0,1,0,1
2016,1,1,middle,1,2,1,2
2017,1,0,,0,1,0,2
2018,1,1,outer,1,2,1,0
2019,1,1,outer,1,2,1,1
2020,1,1,outer,1,2,1,2
2021,1,1,outer,1,2,1,0
2022,1,1,outer,1,2,1,1
2023,1,0,,0,1,0,1
2024,1,1,outer,1,2,1,2
2025,1,1,outer,1,2,1,0
2026,1,1,outer,1,2,1,1
2027,1,0,,0,1,0,1
2028,1,1,outer,1,2,1,2
2029,1,1,outer,1,2,1,0
2030,1,1,outer,1,2,1,1
2031,1,1,middle,0,3,1,2
2032,1,1,outer,1,2,1,0
2033,1,1,outer,1,2,1,1
2034,1,1,outer,1,2,1,2
2035,1,1,outer,1,2,1,0
2036,1,1,middle,0,3,1,1
2037,1,1,outer,0,3,1,2
2038,1,1,outer,1,2,1,0
2039,1,0,,0,1,0,0
2040,1,1,middle,0,3,1,1
2041,1,1,middle,1,2,-1,2
2042,1,1,outer,1,2,1,0
2043,1,1,middle,1,2,1,1
2044,1,1,outer,1,2,1,2
2045,1,1,outer,1,2,1,0
2046,1,1,outer,1,2,1,1
2047,1,1,outer,1,2,1,2
