t,node,tau_alpha,tau_omega,delay_put,mode_hidden,backlog
0,A,1,0,3,0,1
1,B,1,0,2,0,2
2,-,0,0,0,0,2
3,-,0,-2,0,0,0
4,C,-1,0,2,0,1
5,A,1,0,2,0,2
6,B,-1,1,2,0,2
7,-,0,-1,0,0,1
8,C,-1,1,1,0,1
9,-,0,1,0,0,0
10,A,1,0,4,0,1
11,B,1,0,3,0,2
12,C,1,0,1,0,3
13,-,0,-1,0,0,2
14,A,-1,-2,1,0,1
15,B,1,1,1,0,1
16,C,1,-1,2,0,1
17,-,0,0,0,0,1
18,-,0,-1,0,0,0
19,A,1,0,2,0,1
20,B,1,0,3,1,2
21,-,0,-1,0,1,1
22,-,0,0,0,1,1
23,-,0,-1,0,1,0
24,-,0,0,0,1,0
25,-,0,0,0,1,0
26,-,0,0,0,1,0
27,-,0,0,0,1,0
28,-,0,0,0,1,0
29,-,0,0,0,1,0
30,-,0,0,0,1,0
31,C,-1,0,4,1,1
32,-,0,0,0,1,1
33,A,-1,0,1,1,2
34,-,0,1,0,1,1
35,B,1,1,1,1,1
36,-,0,-1,0,1,0
37,-,0,0,0,1,0
38,-,0,0,0,1,0
39,-,0,0,0,1,0
40,C,-1,0,2,1,1
41,-,0,0,0,1,1
42,-,0,1,0,1,0
43,-,0,0,0,1,0
44,-,0,0,0,1,0
45,A,-1,0,4,1,1
46,-,0,0,0,1,1
47,B,1,0,4,1,2
48,C,-1,0,1,1,3
49,A,1,2,4,1,2
50,-,0,0,0,1,2
51,-,0,-1,0,1,1
52,-,0,0,0,1,1
53,-,0,-1,0,1,0
54,B,-1,0,2,1,1
55,C,-1,0,4,1,2
56,-,0,1,0,1,1
57,-,0,0,0,1,1
58,A,1,0,3,1,2
59,-,0,1,0,1,1
60,-,0,0,0,1,1
61,B,-1,-1,2,1,1
62,C,-1,0,2,1,2
63,-,0,1,0,1,1
64,A,-1,1,3,1,1
65,-,0,0,0,1,1
66,-,0,0,0,1,1
67,-,0,1,0,1,0
68,-,0,0,0,1,0
69,-,0,0,0,1,0
70,-,0,0,0,1,0
71,B,-1,0,2,1,1
72,C,1,0,2,1,2
73,-,0,1,0,1,1
74,-,0,-1,0,1,0
75,-,0,0,0,1,0
76,-,0,0,0,1,0
77,-,0,0,0,1,0
78,-,0,0,0,1,0
79,-,0,0,0,1,0
80,-,0,0,0,1,0
81,-,0,0,0,1,0
82,-,0,0,0,1,0
83,-,0,0,0,1,0
84,-,0,0,0,1,0
85,-,0,0,0,1,0
86,-,0,0,0,1,0
87,-,0,0,0,1,0
88,-,0,0,0,1,0
89,-,0,0,0,1,0
90,A,-1,0,2,1,1
91,B,1,0,1,1,2
92,-,0,0,0,1,0
93,-,0,0,0,1,0
94,-,0,0,0,1,0
95,C,-1,0,2,1,1
96,-,0,0,0,1,1
97,-,0,1,0,1,0
98,-,0,0,0,1,0
99,-,0,0,0,1,0
100,-,0,0,0,1,0
101,A,-1,0,3,1,1
102,B,-1,0,1,1,2
103,-,0,1,0,1,1
104,C,-1,1,2,1,1
105,-,0,0,0,1,1
106,A,-1,1,2,1,1
107,-,0,0,0,1,1
108,B,-1,1,3,1,1
109,-,0,0,0,1,1
110,-,0,0,0,1,1
111,C,-1,1,2,1,1
112,-,0,0,0,1,1
113,-,0,1,0,1,0
114,-,0,0,0,1,0
115,-,0,0,0,1,0
116,A,-1,0,2,1,1
117,-,0,0,0,1,1
118,-,0,1,0,1,0
119,-,0,0,0,1,0
120,-,0,0,0,1,0
121,-,0,0,0,1,0
122,-,0,0,0,1,0
123,B,-1,0,4,1,1
124,-,0,0,0,1,1
125,-,0,0,0,1,1
126,-,0,0,0,1,1
127,C,-1,1,2,1,1
128,-,0,0,0,1,1
129,-,0,1,0,1,0
130,-,0,0,0,1,0
131,-,0,0,0,1,0
132,A,-1,0,2,1,1
133,-,0,0,0,1,1
134,B,-1,1,2,1,1
135,-,0,0,0,1,1
136,-,0,1,0,1,0
137,C,1,0,2,1,1
138,-,0,0,0,1,1
139,-,0,-1,0,1,0
140,A,1,0,2,1,1
141,B,1,0,2,0,2
142,C,1,-1,2,0,2
143,A,-1,-1,3,0,2
144,B,1,-1,2,0,2
145,-,0,0,0,0,2
146,C,1,0,2,0,1
147,A,1,0,2,0,2
148,B,-1,-1,2,0,2
149,-,0,-1,0,0,1
150,C,1,1,2,0,1
151,A,-1,0,1,0,2
152,-,0,0,0,0,0
153,-,0,0,0,0,0
154,B,1,0,3,0,1
155,C,1,0,2,0,2
156,A,1,0,2,0,3
157,B,-1,-2,3,0,2
158,-,0,-1,0,0,1
159,C,1,0,2,0,2
160,-,0,1,0,0,1
161,A,1,-1,1,0,1
162,-,0,-1,0,0,0
163,B,1,0,2,0,1
164,C,1,0,1,1,2
165,A,-1,-2,4,1,1
166,B,-1,0,2,1,2
167,-,0,0,0,1,2
168,-,0,1,0,1,1
169,-,0,1,0,1,0
170,-,0,0,0,1,0
171,-,0,0,0,1,0
172,-,0,0,0,1,0
173,-,0,0,0,1,0
174,C,-1,0,3,1,1
175,A,1,0,4,1,2
176,-,0,0,0,1,2
177,-,0,1,0,1,1
178,-,0,0,0,1,1
179,-,0,-1,0,1,0
180,-,0,0,0,1,0
181,B,-1,0,1,1,1
182,-,0,1,0,1,0
183,-,0,0,0,1,0
184,C,-1,0,3,1,1
185,-,0,0,0,1,1
186,A,-1,0,2,1,2
187,-,0,1,0,1,1
188,-,0,1,0,1,0
189,B,-1,0,4,1,1
190,C,1,0,2,1,2
191,-,0,0,0,1,2
192,-,0,-1,0,1,1
193,-,0,1,0,1,0
194,-,0,0,0,1,0
195,-,0,0,0,1,0
196,-,0,0,0,1,0
197,A,1,0,1,1,1
198,-,0,-1,0,1,0
199,-,0,0,0,1,0
200,-,0,0,0,1,0
201,B,1,0,2,1,1
202,-,0,0,0,1,1
203,-,0,-1,0,1,0
204,C,-1,0,2,1,1
205,-,0,0,0,1,1
206,A,-1,1,2,1,1
207,B,-1,0,2,1,2
208,-,0,1,0,1,1
209,-,0,1,0,1,0
210,-,0,0,0,1,0
211,-,0,0,0,1,0
212,-,0,0,0,1,0
213,-,0,0,0,1,0
214,-,0,0,0,1,0
215,C,-1,0,1,1,1
216,-,0,1,0,1,0
217,-,0,0,0,1,0
218,-,0,0,0,1,0
219,-,0,0,0,1,0
220,A,1,0,3,1,1
221,B,-1,0,2,1,2
222,-,0,0,0,1,2
223,-,0,0,0,1,0
224,C,-1,0,3,1,1
225,-,0,0,0,1,1
226,A,1,0,4,1,2
227,B,-1,1,2,1,2
228,-,0,0,0,1,2
229,C,-1,1,4,1,2
230,-,0,-1,0,1,1
231,-,0,0,0,1,1
232,-,0,0,0,1,1
233,-,0,1,0,1,0
234,-,0,0,0,1,0
235,A,-1,0,1,1,1
236,-,0,1,0,1,0
237,-,0,0,0,1,0
238,-,0,0,0,1,0
239,B,-1,0,1,1,1
240,-,0,1,0,1,0
241,C,-1,0,2,1,1
242,A,-1,0,2,1,2
243,-,0,1,0,1,1
244,-,0,1,0,1,0
245,-,0,0,0,1,0
246,-,0,0,0,1,0
247,-,0,0,0,1,0
248,-,0,0,0,1,0
249,-,0,0,0,1,0
250,-,0,0,0,1,0
251,-,0,0,0,1,0
252,-,0,0,0,1,0
253,B,1,0,3,1,1
254,-,0,0,0,1,1
255,-,0,0,0,1,1
256,C,1,-1,1,1,1
257,A,1,-1,2,0,1
258,B,1,0,1,0,2
259,C,-1,-2,3,0,1
260,A,1,0,3,0,2
261,B,1,0,2,0,3
262,-,0,1,0,0,2
263,-,0,-2,0,0,0
264,C,-1,0,2,0,1
265,A,1,0,2,0,2
266,B,1,1,1,0,2
267,C,1,-2,3,0,1
268,A,1,0,3,1,2
269,-,0,0,0,1,2
270,-,0,-1,0,1,1
271,B,1,-1,2,1,1
272,-,0,0,0,1,1
273,-,0,-1,0,1,0
274,-,0,0,0,1,0
275,-,0,0,0,1,0
276,C,-1,0,2,1,1
277,-,0,0,0,1,1
278,A,-1,1,2,1,1
279,B,-1,0,2,1,2
280,C,1,1,2,1,2
281,-,0,1,0,1,1
282,-,0,-1,0,1,0
283,-,0,0,0,1,0
284,A,-1,0,2,1,1
285,-,0,0,0,1,1
286,-,0,1,0,1,0
287,B,-1,0,1,1,1
288,-,0,1,0,1,0
289,-,0,0,0,1,0
290,-,0,0,0,1,0
291,-,0,0,0,1,0
292,-,0,0,0,1,0
293,-,0,0,0,1,0
294,-,0,0,0,1,0
295,C,-1,0,2,1,1
296,-,0,0,0,1,1
297,-,0,1,0,1,0
298,-,0,0,0,1,0
299,-,0,0,0,1,0
300,-,0,0,0,1,0
301,-,0,0,0,1,0
302,-,0,0,0,1,0
303,-,0,0,0,1,0
304,-,0,0,0,1,0
305,-,0,0,0,1,0
306,A,-1,0,2,1,1
307,-,0,0,0,1,1
308,B,-1,1,4,1,1
309,-,0,0,0,1,1
310,-,0,0,0,1,1
311,-,0,0,0,1,1
312,C,1,1,3,1,1
313,-,0,0,0,1,1
314,-,0,0,0,1,1
315,-,0,-1,0,1,0
316,-,0,0,0,1,0
317,-,0,0,0,1,0
318,A,-1,0,2,1,1
319,-,0,0,0,1,1
320,-,0,1,0,1,0
321,-,0,0,0,1,0
322,-,0,0,0,1,0
323,-,0,0,0,1,0
324,-,0,0,0,1,0
325,B,1,0,3,1,1
326,-,0,0,0,1,1
327,C,-1,0,1,1,2
328,-,0,0,0,1,0
329,A,-1,0,2,1,1
330,-,0,0,0,1,1
331,-,0,1,0,1,0
332,-,0,0,0,1,0
333,-,0,0,0,1,0
334,-,0,0,0,1,0
335,-,0,0,0,1,0
336,-,0,0,0,1,0
337,-,0,0,0,1,0
338,B,-1,0,2,1,1
339,-,0,0,0,1,1
340,-,0,1,0,1,0
341,-,0,0,0,1,0
342,C,-1,0,2,1,1
343,A,-1,0,2,1,2
344,-,0,1,0,1,1
345,-,0,1,0,1,0
346,-,0,0,0,1,0
347,-,0,0,0,1,0
348,-,0,0,0,1,0
349,-,0,0,0,1,0
350,-,0,0,0,1,0
351,B,-1,0,3,1,1
352,-,0,0,0,1,1
353,-,0,0,0,1,1
354,-,0,1,0,1,0
355,C,-1,0,2,1,1
356,-,0,0,0,1,1
357,-,0,1,0,1,0
358,-,0,0,0,1,0
359,-,0,0,0,1,0
360,-,0,0,0,1,0
361,-,0,0,0,1,0
362,-,0,0,0,1,0
363,-,0,0,0,1,0
364,A,-1,0,3,1,1
365,-,0,0,0,1,1
366,-,0,0,0,1,1
367,-,0,1,0,1,0
368,-,0,0,0,1,0
369,-,0,0,0,1,0
370,-,0,0,0,1,0
371,B,-1,0,2,1,1
372,-,0,0,0,1,1
373,-,0,1,0,1,0
374,-,0,0,0,1,0
375,-,0,0,0,1,0
376,-,0,0,0,1,0
377,-,0,0,0,1,0
378,-,0,0,0,1,0
379,-,0,0,0,1,0
380,C,-1,0,3,1,1
381,-,0,0,0,1,1
382,-,0,0,0,1,1
383,A,1,1,2,1,1
384,-,0,0,0,1,1
385,-,0,-1,0,1,0
386,-,0,0,0,1,0
387,-,0,0,0,1,0
388,B,-1,0,3,1,1
389,-,0,0,0,1,1
390,C,-1,0,2,1,2
391,-,0,1,0,1,1
392,A,1,1,2,1,1
393,-,0,0,0,1,1
394,-,0,-1,0,1,0
395,-,0,0,0,1,0
396,-,0,0,0,1,0
397,-,0,0,0,1,0
398,-,0,0,0,1,0
399,-,0,0,0,1,0
400,-,0,0,0,1,0
401,-,0,0,0,1,0
402,-,0,0,0,1,0
403,-,0,0,0,1,0
404,-,0,0,0,1,0
405,-,0,0,0,1,0
406,-,0,0,0,1,0
407,-,0,0,0,1,0
408,-,0,0,0,1,0
409,-,0,0,0,1,0
410,-,0,0,0,1,0
411,-,0,0,0,1,0
412,-,0,0,0,1,0
413,-,0,0,0,1,0
414,-,0,0,0,1,0
415,-,0,0,0,1,0
416,-,0,0,0,1,0
417,-,0,0,0,1,0
418,-,0,0,0,1,0
419,-,0,0,0,1,0
420,-,0,0,0,1,0
421,B,-1,0,1,1,1
422,-,0,1,0,1,0
423,C,1,0,3,1,1
424,-,0,0,0,1,1
425,-,0,0,0,1,1
426,-,0,-1,0,1,0
427,-,0,0,0,1,0
428,-,0,0,0,1,0
429,-,0,0,0,1,0
430,-,0,0,0,1,0
431,-,0,0,0,1,0
432,-,0,0,0,1,0
433,A,-1,0,2,1,1
434,-,0,0,0,1,1
435,-,0,1,0,1,0
436,-,0,0,0,1,0
437,B,-1,0,3,1,1
438,C,-1,0,4,1,2
439,-,0,0,0,1,2
440,-,0,1,0,1,1
441,-,0,0,0,1,1
442,A,1,1,2,1,1
443,-,0,0,0,1,1
444,B,1,-1,3,1,1
445,-,0,0,0,1,1
446,-,0,0,0,1,1
447,-,0,-1,0,1,0
448,-,0,0,0,1,0
449,C,1,0,2,0,1
450,A,1,0,4,0,2
451,B,1,-1,2,0,2
452,C,1,0,2,0,3
453,A,-1,-1,3,0,3
454,-,0,-2,0,0,1
455,-,0,0,0,0,1
456,-,0,1,0,0,0
457,B,1,0,2,0,1
458,C,1,0,1,0,2
459,-,0,-2,0,0,0
460,-,0,0,0,0,0
461,-,0,0,0,0,0
462,-,0,0,0,0,0
463,A,1,0,3,0,1
464,B,-1,0,2,0,2
465,C,1,0,2,0,3
466,-,0,0,0,0,1
467,-,0,-1,0,0,0
468,-,0,0,0,0,0
469,-,0,0,0,0,0
470,A,1,0,3,0,1
471,-,0,0,0,0,1
472,-,0,0,0,0,1
473,B,-1,-1,1,0,1
474,C,1,1,4,0,1
475,-,0,0,0,0,1
476,A,1,0,3,0,2
477,B,-1,0,2,0,3
478,-,0,-1,0,0,2
479,-,0,0,0,0,0
480,-,0,0,0,0,0
481,-,0,0,0,0,0
482,-,0,0,0,0,0
483,-,0,0,0,0,0
484,C,1,0,3,0,1
485,A,-1,0,2,0,2
486,-,0,0,0,0,2
487,-,0,0,0,0,0
488,-,0,0,0,0,0
489,B,-1,0,2,0,1
490,-,0,0,0,0,1
491,C,1,1,3,0,1
492,-,0,0,0,0,1
493,A,-1,0,2,0,2
494,B,1,-1,2,0,2
495,-,0,1,0,0,1
496,-,0,-1,0,0,0
497,C,1,0,2,0,1
498,A,1,0,4,0,2
499,B,1,-1,3,1,2
500,-,0,0,0,1,2
501,-,0,0,0,1,2
502,-,0,-2,0,1,0
503,-,0,0,0,1,0
504,-,0,0,0,1,0
505,-,0,0,0,1,0
506,-,0,0,0,1,0
507,-,0,0,0,1,0
508,-,0,0,0,1,0
509,-,0,0,0,1,0
510,-,0,0,0,1,0
511,-,0,0,0,1,0
512,C,-1,0,3,1,1
513,-,0,0,0,1,1
514,-,0,0,0,1,1
515,-,0,1,0,1,0
516,-,0,0,0,1,0
517,-,0,0,0,1,0
518,A,1,0,2,1,1
519,B,1,0,3,1,2
520,C,-1,-1,2,1,2
521,A,-1,0,1,1,3
522,B,1,1,3,1,1
523,-,0,0,0,1,1
524,-,0,0,0,1,1
525,-,0,-1,0,1,0
526,-,0,0,0,1,0
527,C,1,0,1,1,1
528,-,0,-1,0,1,0
529,-,0,0,0,1,0
530,-,0,0,0,1,0
531,-,0,0,0,1,0
532,-,0,0,0,1,0
533,A,1,0,2,1,1
534,-,0,0,0,1,1
535,-,0,-1,0,1,0
536,-,0,0,0,1,0
537,-,0,0,0,1,0
538,B,-1,0,2,1,1
539,C,1,0,1,1,2
540,-,0,0,0,1,0
541,A,-1,0,1,1,1
542,-,0,1,0,1,0
543,-,0,0,0,1,0
544,-,0,0,0,1,0
545,-,0,0,0,1,0
546,B,-1,0,2,1,1
547,-,0,0,0,1,1
548,-,0,1,0,1,0
549,-,0,0,0,1,0
550,-,0,0,0,1,0
551,C,-1,0,3,1,1
552,A,-1,0,2,1,2
553,B,1,0,2,1,3
554,C,-1,2,2,1,2
555,-,0,-1,0,1,1
556,A,-1,1,2,1,1
557,B,-1,0,2,1,2
558,-,0,1,0,1,1
559,-,0,1,0,1,0
560,C,-1,0,2,1,1
561,-,0,0,0,1,1
562,-,0,1,0,1,0
563,-,0,0,0,1,0
564,-,0,0,0,1,0
565,-,0,0,0,1,0
566,-,0,0,0,1,0
567,A,1,0,2,1,1
568,B,1,0,2,1,2
569,-,0,-1,0,1,1
570,-,0,-1,0,1,0
571,-,0,0,0,1,0
572,-,0,0,0,1,0
573,-,0,0,0,1,0
574,-,0,0,0,1,0
575,C,-1,0,3,1,1
576,-,0,0,0,1,1
577,A,-1,0,1,1,2
578,-,0,2,0,1,0
579,-,0,0,0,1,0
580,B,1,0,2,1,1
581,-,0,0,0,1,1
582,-,0,-1,0,1,0
583,-,0,0,0,1,0
584,-,0,0,0,1,0
585,-,0,0,0,1,0
586,-,0,0,0,1,0
587,-,0,0,0,1,0
588,-,0,0,0,1,0
589,-,0,0,0,1,0
590,-,0,0,0,1,0
591,-,0,0,0,1,0
592,C,-1,0,2,1,1
593,A,1,0,4,1,2
594,-,0,1,0,1,1
595,B,-1,0,3,1,2
596,-,0,0,0,1,2
597,-,0,-1,0,1,1
598,-,0,1,0,1,0
599,C,1,0,2,1,1
600,-,0,0,0,1,1
601,-,0,-1,0,1,0
602,-,0,0,0,1,0
603,-,0,0,0,1,0
604,-,0,0,0,1,0
605,A,-1,0,2,1,1
606,-,0,0,0,1,1
607,B,1,1,2,1,1
608,-,0,0,0,1,1
609,-,0,-1,0,1,0
610,C,-1,0,1,1,1
611,-,0,1,0,1,0
612,-,0,0,0,1,0
613,A,1,0,3,1,1
614,B,-1,0,1,1,2
615,-,0,1,0,1,1
616,-,0,-1,0,1,0
617,C,-1,0,3,1,1
618,-,0,0,0,1,1
619,A,1,0,3,1,2
620,-,0,1,0,1,1
621,-,0,0,0,1,1
622,B,1,-1,2,1,1
623,C,-1,0,2,1,2
624,-,0,-1,0,1,1
625,A,-1,1,4,1,1
626,B,-1,0,3,1,2
627,C,-1,0,2,1,3
628,-,0,0,0,1,3
629,A,1,3,2,1,1
630,-,0,0,0,1,1
631,-,0,-1,0,1,0
632,-,0,0,0,1,0
633,-,0,0,0,1,0
634,-,0,0,0,1,0
635,-,0,0,0,1,0
636,B,-1,0,4,1,1
637,-,0,0,0,1,1
638,-,0,0,0,1,1
639,C,-1,0,2,1,2
640,A,1,1,2,1,2
641,B,-1,1,2,1,2
642,-,0,-1,0,1,1
643,-,0,1,0,1,0
644,-,0,0,0,1,0
645,C,-1,0,3,1,1
646,-,0,0,0,1,1
647,-,0,0,0,1,1
648,-,0,1,0,1,0
649,-,0,0,0,1,0
650,A,-1,0,3,1,1
651,-,0,0,0,1,1
652,-,0,0,0,1,1
653,B,-1,1,2,1,1
654,-,0,0,0,1,1
655,-,0,1,0,1,0
656,C,-1,0,3,1,1
657,-,0,0,0,1,1
658,-,0,0,0,1,1
659,-,0,1,0,1,0
660,-,0,0,0,1,0
661,-,0,0,0,1,0
662,-,0,0,0,1,0
663,A,1,0,3,1,1
664,-,0,0,0,1,1
665,-,0,0,0,1,1
666,B,-1,-1,4,1,1
667,C,1,0,2,1,2
668,-,0,0,0,1,2
669,A,-1,-1,2,1,2
670,-,0,1,0,1,1
671,B,-1,1,4,1,1
672,C,1,0,4,1,2
673,-,0,0,0,1,2
674,A,1,0,3,1,3
675,B,1,1,2,1,3
676,-,0,-1,0,1,2
677,-,0,-2,0,1,0
678,C,-1,0,3,1,1
679,-,0,0,0,1,1
680,-,0,0,0,1,1
681,-,0,1,0,1,0
682,A,1,0,3,1,1
683,B,-1,0,2,1,2
684,-,0,0,0,1,2
685,-,0,0,0,1,0
686,-,0,0,0,1,0
687,-,0,0,0,1,0
688,-,0,0,0,1,0
689,C,-1,0,1,1,1
690,-,0,1,0,1,0
691,-,0,0,0,1,0
692,-,0,0,0,1,0
693,-,0,0,0,1,0
694,A,-1,0,2,1,1
695,-,0,0,0,1,1
696,B,1,1,2,1,1
697,-,0,0,0,1,1
698,-,0,-1,0,1,0
699,-,0,0,0,1,0
700,-,0,0,0,1,0
701,-,0,0,0,1,0
702,-,0,0,0,1,0
703,-,0,0,0,1,0
704,-,0,0,0,1,0
705,-,0,0,0,1,0
706,C,-1,0,4,1,1
707,-,0,0,0,1,1
708,-,0,0,0,1,1
709,-,0,0,0,1,1
710,A,-1,1,2,1,1
711,-,0,0,0,1,1
712,B,-1,1,2,1,1
713,-,0,0,0,1,1
714,-,0,1,0,1,0
715,-,0,0,0,1,0
716,-,0,0,0,1,0
717,-,0,0,0,1,0
718,-,0,0,0,1,0
719,-,0,0,0,1,0
720,-,0,0,0,1,0
721,-,0,0,0,1,0
722,-,0,0,0,1,0
723,C,1,0,4,1,1
724,-,0,0,0,1,1
725,-,0,0,0,1,1
726,-,0,0,0,1,1
727,A,-1,-1,4,1,1
728,B,-1,0,4,1,2
729,-,0,0,0,1,2
730,-,0,0,0,1,2
731,-,0,1,0,1,1
732,-,0,1,0,1,0
733,C,1,0,2,1,1
734,A,1,0,2,1,2
735,-,0,-1,0,1,1
736,-,0,-1,0,1,0
737,B,-1,0,3,1,1
738,-,0,0,0,1,1
739,-,0,0,0,1,1
740,-,0,1,0,1,0
741,-,0,0,0,1,0
742,-,0,0,0,1,0
743,-,0,0,0,1,0
744,-,0,0,0,1,0
745,C,-1,0,3,1,1
746,-,0,0,0,1,1
747,A,-1,0,2,1,2
748,-,0,1,0,1,1
749,-,0,1,0,1,0
750,-,0,0,0,1,0
751,-,0,0,0,1,0
752,-,0,0,0,1,0
753,-,0,0,0,1,0
754,-,0,0,0,1,0
755,-,0,0,0,1,0
756,-,0,0,0,1,0
757,-,0,0,0,1,0
758,B,1,0,1,1,1
759,-,0,-1,0,1,0
760,-,0,0,0,1,0
761,C,1,0,1,1,1
762,-,0,-1,0,1,0
763,A,-1,0,1,1,1
764,-,0,1,0,1,0
765,-,0,0,0,1,0
766,-,0,0,0,1,0
767,B,-1,0,4,1,1
768,-,0,0,0,1,1
769,C,1,0,4,1,2
770,-,0,0,0,1,2
771,-,0,1,0,1,1
772,-,0,0,0,1,1
773,-,0,-1,0,1,0
774,A,-1,0,2,1,1
775,-,0,0,0,1,1
776,B,1,1,3,1,1
777,-,0,0,0,1,1
778,-,0,0,0,1,1
779,-,0,-1,0,1,0
780,-,0,0,0,1,0
781,-,0,0,0,1,0
782,C,1,0,2,1,1
783,-,0,0,0,1,1
784,-,0,-1,0,1,0
785,-,0,0,0,1,0
786,-,0,0,0,1,0
787,-,0,0,0,1,0
788,A,-1,0,2,1,1
789,-,0,0,0,1,1
790,-,0,1,0,1,0
791,-,0,0,0,1,0
792,B,-1,0,1,1,1
793,-,0,1,0,1,0
794,-,0,0,0,1,0
795,-,0,0,0,1,0
796,-,0,0,0,1,0
797,-,0,0,0,1,0
798,-,0,0,0,1,0
799,-,0,0,0,1,0
800,-,0,0,0,1,0
801,C,1,0,2,1,1
802,-,0,0,0,1,1
803,-,0,-1,0,1,0
804,A,-1,0,2,1,1
805,-,0,0,0,1,1
806,B,1,1,4,1,1
807,-,0,0,0,1,1
808,-,0,0,0,1,1
809,-,0,0,0,1,1
810,C,-1,-1,4,1,1
811,-,0,0,0,1,1
812,A,-1,0,3,1,2
813,-,0,0,0,1,2
814,-,0,1,0,1,1
815,-,0,1,0,1,0
816,B,-1,0,2,1,1
817,-,0,0,0,1,1
818,-,0,1,0,1,0
819,-,0,0,0,1,0
820,-,0,0,0,1,0
821,-,0,0,0,1,0
822,-,0,0,0,1,0
823,C,-1,0,3,1,1
824,A,-1,0,3,1,2
825,-,0,0,0,1,2
826,B,1,1,2,1,2
827,C,-1,1,2,1,2
828,-,0,-1,0,1,1
829,-,0,1,0,1,0
830,-,0,0,0,1,0
831,-,0,0,0,1,0
832,-,0,0,0,1,0
833,-,0,0,0,1,0
834,-,0,0,0,1,0
835,-,0,0,0,1,0
836,-,0,0,0,1,0
837,A,-1,0,3,1,1
838,-,0,0,0,1,1
839,-,0,0,0,1,1
840,B,-1,1,2,1,1
841,-,0,0,0,1,1
842,C,1,1,3,1,1
843,-,0,0,0,1,1
844,-,0,0,0,1,1
845,-,0,-1,0,1,0
846,-,0,0,0,1,0
847,-,0,0,0,1,0
848,-,0,0,0,1,0
849,A,-1,0,2,1,1
850,-,0,0,0,1,1
851,-,0,1,0,1,0
852,-,0,0,0,1,0
853,-,0,0,0,1,0
854,-,0,0,0,1,0
855,B,-1,0,2,1,1
856,-,0,0,0,1,1
857,-,0,1,0,1,0
858,-,0,0,0,1,0
859,-,0,0,0,1,0
860,C,-1,0,2,1,1
861,-,0,0,0,1,1
862,-,0,1,0,1,0
863,-,0,0,0,1,0
864,-,0,0,0,1,0
865,-,0,0,0,1,0
866,-,0,0,0,1,0
867,-,0,0,0,1,0
868,-,0,0,0,1,0
869,-,0,0,0,1,0
870,-,0,0,0,1,0
871,A,-1,0,1,1,1
872,-,0,1,0,1,0
873,B,-1,0,2,1,1
874,-,0,0,0,1,1
875,-,0,1,0,1,0
876,C,1,0,2,1,1
877,-,0,0,0,1,1
878,-,0,-1,0,1,0
879,-,0,0,0,1,0
880,-,0,0,0,1,0
881,-,0,0,0,1,0
882,A,-1,0,3,1,1
883,-,0,0,0,1,1
884,-,0,0,0,1,1
885,-,0,1,0,1,0
886,B,-1,0,2,1,1
887,-,0,0,0,1,1
888,C,-1,1,2,1,1
889,A,-1,0,2,1,2
890,-,0,1,0,1,1
891,B,-1,1,4,1,1
892,-,0,0,0,1,1
893,-,0,0,0,1,1
894,-,0,0,0,1,1
895,-,0,1,0,1,0
896,-,0,0,0,1,0
897,-,0,0,0,1,0
898,-,0,0,0,1,0
899,-,0,0,0,1,0
900,C,1,0,1,1,1
901,-,0,-1,0,1,0
902,-,0,0,0,1,0
903,-,0,0,0,1,0
904,-,0,0,0,1,0
905,-,0,0,0,1,0
906,-,0,0,0,1,0
907,-,0,0,0,1,0
908,-,0,0,0,1,0
909,-,0,0,0,1,0
910,-,0,0,0,1,0
911,A,-1,0,2,1,1
912,-,0,0,0,1,1
913,-,0,1,0,1,0
914,-,0,0,0,1,0
915,-,0,0,0,1,0
916,B,-1,0,4,1,1
917,C,-1,0,3,1,2
918,-,0,0,0,1,2
919,-,0,0,0,1,2
920,-,0,2,0,1,0
921,A,-1,0,1,1,1
922,-,0,1,0,1,0
923,-,0,0,0,1,0
924,-,0,0,0,1,0
925,-,0,0,0,1,0
926,B,1,0,2,1,1
927,-,0,0,0,1,1
928,-,0,-1,0,1,0
929,-,0,0,0,1,0
930,C,1,0,4,1,1
931,-,0,0,0,1,1
932,-,0,0,0,1,1
933,-,0,0,0,1,1
934,-,0,-1,0,1,0
935,-,0,0,0,1,0
936,A,1,0,2,1,1
937,-,0,0,0,1,1
938,B,-1,-1,2,1,1
939,C,-1,0,3,1,2
940,-,0,1,0,1,1
941,-,0,0,0,1,1
942,-,0,1,0,1,0
943,A,1,0,2,1,1
944,-,0,0,0,1,1
945,-,0,-1,0,1,0
946,-,0,0,0,1,0
947,-,0,0,0,1,0
948,-,0,0,0,1,0
949,-,0,0,0,1,0
950,-,0,0,0,1,0
951,-,0,0,0,1,0
952,-,0,0,0,1,0
953,-,0,0,0,1,0
954,-,0,0,0,1,0
955,-,0,0,0,1,0
956,-,0,0,0,1,0
957,-,0,0,0,1,0
958,-,0,0,0,1,0
959,-,0,0,0,1,0
960,B,-1,0,3,1,1
961,-,0,0,0,1,1
962,-,0,0,0,1,1
963,-,0,1,0,1,0
964,-,0,0,0,1,0
965,-,0,0,0,1,0
966,-,0,0,0,1,0
967,-,0,0,0,1,0
968,-,0,0,0,1,0
969,-,0,0,0,1,0
970,C,-1,0,2,1,1
971,A,-1,0,1,1,2
972,B,1,2,2,1,1
973,-,0,0,0,1,1
974,-,0,-1,0,1,0
975,-,0,0,0,1,0
976,-,0,0,0,1,0
977,-,0,0,0,1,0
978,-,0,0,0,1,0
979,-,0,0,0,1,0
980,C,1,0,4,1,1
981,-,0,0,0,1,1
982,-,0,0,0,1,1
983,A,1,0,2,0,2
984,B,1,-1,2,0,2
985,C,1,-1,3,0,2
986,A,1,-1,4,0,2
987,-,0,0,0,0,2
988,-,0,-1,0,0,1
989,B,1,0,2,1,2
990,-,0,-1,0,1,1
991,C,-1,-1,1,1,1
992,A,-1,1,2,1,1
993,-,0,0,0,1,1
994,-,0,1,0,1,0
995,-,0,0,0,1,0
996,-,0,0,0,1,0
997,-,0,0,0,1,0
998,-,0,0,0,1,0
999,-,0,0,0,1,0
1000,B,-1,0,2,1,1
1001,-,0,0,0,1,1
1002,C,1,1,1,1,1
1003,-,0,-1,0,1,0
1004,A,1,0,4,1,1
1005,-,0,0,0,1,1
1006,B,-1,0,2,1,2
1007,C,1,0,4,1,3
1008,-,0,0,0,1,1
1009,-,0,0,0,1,1
1010,-,0,0,0,1,1
1011,-,0,-1,0,1,0
1012,-,0,0,0,1,0
1013,-,0,0,0,1,0
1014,-,0,0,0,1,0
1015,-,0,0,0,1,0
1016,-,0,0,0,1,0
1017,-,0,0,0,1,0
1018,-,0,0,0,1,0
1019,-,0,0,0,1,0
1020,A,-1,0,1,1,1
1021,-,0,1,0,1,0
1022,-,0,0,0,1,0
1023,B,-1,0,3,1,1
1024,-,0,0,0,1,1
1025,-,0,0,0,1,1
1026,-,0,1,0,1,0
1027,C,-1,0,2,1,1
1028,-,0,0,0,1,1
1029,-,0,1,0,1,0
1030,-,0,0,0,1,0
1031,-,0,0,0,1,0
1032,-,0,0,0,1,0
1033,A,-1,0,3,1,1
1034,-,0,0,0,1,1
1035,B,1,0,3,1,2
1036,C,-1,1,1,1,2
1037,-,0,1,0,1,1
1038,A,1,-1,3,1,1
1039,-,0,0,0,1,1
1040,-,0,0,0,1,1
1041,-,0,-1,0,1,0
1042,-,0,0,0,1,0
1043,B,1,0,3,1,1
1044,-,0,0,0,1,1
1045,-,0,0,0,1,1
1046,C,1,-1,2,1,1
1047,-,0,0,0,1,1
1048,-,0,-1,0,1,0
1049,A,-1,0,3,1,1
1050,-,0,0,0,1,1
1051,-,0,0,0,1,1
1052,-,0,1,0,1,0
1053,B,-1,0,4,1,1
1054,-,0,0,0,1,1
1055,-,0,0,0,1,1
1056,C,-1,0,2,1,2
1057,A,-1,1,2,1,2
1058,-,0,1,0,1,1
1059,-,0,1,0,1,0
1060,-,0,0,0,1,0
1061,B,1,0,2,1,1
1062,C,-1,0,2,1,2
1063,A,1,-1,2,1,2
1064,-,0,1,0,1,1
1065,B,-1,-1,2,1,1
1066,C,-1,0,4,1,2
1067,-,0,1,0,1,1
1068,-,0,0,0,1,1
1069,-,0,0,0,1,1
1070,-,0,1,0,1,0
1071,-,0,0,0,1,0
1072,-,0,0,0,1,0
1073,-,0,0,0,1,0
1074,-,0,0,0,1,0
1075,-,0,0,0,1,0
1076,-,0,0,0,1,0
1077,-,0,0,0,1,0
1078,-,0,0,0,1,0
1079,A,-1,0,2,1,1
1080,B,-1,0,2,1,2
1081,-,0,1,0,1,1
1082,-,0,1,0,1,0
1083,-,0,0,0,1,0
1084,C,-1,0,2,1,1
1085,-,0,0,0,1,1
1086,-,0,1,0,1,0
1087,A,1,0,2,1,1
1088,-,0,0,0,1,1
1089,-,0,-1,0,1,0
1090,B,1,0,4,1,1
1091,-,0,0,0,1,1
1092,-,0,0,0,1,1
1093,-,0,0,0,1,1
1094,C,1,-1,1,1,1
1095,-,0,-1,0,1,0
1096,A,1,0,2,0,1
1097,-,0,0,0,0,1
1098,-,0,-1,0,0,0
1099,B,1,0,3,0,1
1100,C,1,0,3,0,2
1101,A,1,0,2,0,3
1102,-,0,-1,0,0,2
1103,-,0,-2,0,0,0
1104,B,1,0,2,1,1
1105,-,0,0,0,1,1
1106,-,0,-1,0,1,0
1107,-,0,0,0,1,0
1108,C,1,0,2,1,1
1109,A,1,0,2,1,2
1110,-,0,-1,0,1,1
1111,-,0,-1,0,1,0
1112,-,0,0,0,1,0
1113,-,0,0,0,1,0
1114,-,0,0,0,1,0
1115,B,1,0,1,1,1
1116,-,0,-1,0,1,0
1117,-,0,0,0,1,0
1118,-,0,0,0,1,0
1119,-,0,0,0,1,0
1120,-,0,0,0,1,0
1121,-,0,0,0,1,0
1122,-,0,0,0,1,0
1123,-,0,0,0,1,0
1124,C,1,0,2,0,1
1125,A,-1,0,2,0,2
1126,B,1,-1,2,0,2
1127,C,1,1,2,0,2
1128,A,-1,-1,1,0,2
1129,-,0,0,0,0,0
1130,B,1,0,3,0,1
1131,C,-1,0,3,0,2
1132,A,1,0,2,0,3
1133,B,1,-1,3,0,3
1134,C,-1,0,2,0,2
1135,-,0,0,0,0,2
1136,A,1,0,3,0,1
1137,-,0,0,0,0,1
1138,-,0,0,0,0,1
1139,B,-1,-1,3,0,1
1140,C,-1,0,3,0,2
1141,-,0,0,0,0,2
1142,A,1,1,1,0,2
1143,-,0,0,0,0,0
1144,B,1,0,1,0,1
1145,-,0,-1,0,0,0
1146,-,0,0,0,0,0
1147,C,1,0,2,0,1
1148,-,0,0,0,0,1
1149,A,1,-1,1,1,1
1150,-,0,-1,0,1,0
1151,B,-1,0,2,1,1
1152,-,0,0,0,1,1
1153,-,0,1,0,1,0
1154,-,0,0,0,1,0
1155,-,0,0,0,1,0
1156,-,0,0,0,1,0
1157,C,1,0,1,1,1
1158,-,0,-1,0,1,0
1159,-,0,0,0,1,0
1160,-,0,0,0,1,0
1161,-,0,0,0,1,0
1162,A,-1,0,2,1,1
1163,-,0,0,0,1,1
1164,-,0,1,0,1,0
1165,-,0,0,0,1,0
1166,-,0,0,0,1,0
1167,-,0,0,0,1,0
1168,-,0,0,0,1,0
1169,-,0,0,0,1,0
1170,-,0,0,0,1,0
1171,-,0,0,0,1,0
1172,-,0,0,0,1,0
1173,-,0,0,0,1,0
1174,-,0,0,0,1,0
1175,-,0,0,0,1,0
1176,B,-1,0,2,1,1
1177,-,0,0,0,1,1
1178,-,0,1,0,1,0
1179,C,1,0,3,1,1
1180,A,-1,0,2,1,2
1181,B,-1,0,2,1,3
1182,-,0,0,0,1,1
1183,C,-1,1,2,1,1
1184,-,0,0,0,1,1
1185,-,0,1,0,1,0
1186,A,-1,0,2,1,1
1187,-,0,0,0,1,1
1188,-,0,1,0,1,0
1189,B,-1,0,2,1,1
1190,-,0,0,0,1,1
1191,-,0,1,0,1,0
1192,-,0,0,0,1,0
1193,-,0,0,0,1,0
1194,-,0,0,0,1,0
1195,-,0,0,0,1,0
1196,C,-1,0,2,1,1
1197,A,-1,0,2,1,2
1198,-,0,1,0,1,1
1199,-,0,1,0,1,0
1200,-,0,0,0,1,0
1201,-,0,0,0,1,0
1202,-,0,0,0,1,0
1203,-,0,0,0,1,0
1204,-,0,0,0,1,0
1205,-,0,0,0,1,0
1206,-,0,0,0,1,0
1207,B,-1,0,2,1,1
1208,-,0,0,0,1,1
1209,C,1,1,3,1,1
1210,-,0,0,0,1,1
1211,-,0,0,0,1,1
1212,A,1,-1,2,1,1
1213,-,0,0,0,1,1
1214,-,0,-1,0,1,0
1215,-,0,0,0,1,0
1216,B,-1,0,2,1,1
1217,-,0,0,0,1,1
1218,-,0,1,0,1,0
1219,-,0,0,0,1,0
1220,C,-1,0,3,1,1
1221,A,1,0,3,1,2
1222,B,-1,0,2,1,3
1223,-,0,1,0,1,2
1224,C,-1,0,2,1,1
1225,-,0,0,0,1,1
1226,-,0,1,0,1,0
1227,-,0,0,0,1,0
1228,-,0,0,0,1,0
1229,A,-1,0,1,1,1
1230,-,0,1,0,1,0
1231,-,0,0,0,1,0
1232,-,0,0,0,1,0
1233,B,-1,0,2,1,1
1234,C,-1,0,1,1,2
1235,A,-1,2,4,1,1
1236,-,0,0,0,1,1
1237,B,1,0,2,1,2
1238,-,0,0,0,1,2
1239,C,-1,0,1,1,1
1240,-,0,1,0,1,0
1241,-,0,0,0,1,0
1242,A,1,0,2,1,1
1243,-,0,0,0,1,1
1244,-,0,-1,0,1,0
1245,-,0,0,0,1,0
1246,-,0,0,0,1,0
1247,-,0,0,0,1,0
1248,-,0,0,0,1,0
1249,B,-1,0,2,1,1
1250,-,0,0,0,1,1
1251,C,-1,1,4,1,1
1252,-,0,0,0,1,1
1253,-,0,0,0,1,1
1254,-,0,0,0,1,1
1255,-,0,1,0,1,0
1256,-,0,0,0,1,0
1257,-,0,0,0,1,0
1258,-,0,0,0,1,0
1259,-,0,0,0,1,0
1260,A,1,0,2,1,1
1261,B,1,0,2,1,2
1262,-,0,-1,0,1,1
1263,-,0,-1,0,1,0
1264,C,1,0,2,1,1
1265,-,0,0,0,1,1
1266,-,0,-1,0,1,0
1267,-,0,0,0,1,0
1268,A,-1,0,3,1,1
1269,-,0,0,0,1,1
1270,-,0,0,0,1,1
1271,-,0,1,0,1,0
1272,-,0,0,0,1,0
1273,-,0,0,0,1,0
1274,-,0,0,0,1,0
1275,-,0,0,0,1,0
1276,-,0,0,0,1,0
1277,B,-1,0,3,1,1
1278,-,0,0,0,1,1
1279,-,0,0,0,1,1
1280,-,0,1,0,1,0
1281,-,0,0,0,1,0
1282,-,0,0,0,1,0
1283,C,-1,0,2,1,1
1284,-,0,0,0,1,1
1285,-,0,1,0,1,0
1286,-,0,0,0,1,0
1287,-,0,0,0,1,0
1288,A,1,0,2,1,1
1289,-,0,0,0,1,1
1290,-,0,-1,0,1,0
1291,-,0,0,0,1,0
1292,B,-1,0,2,1,1
1293,-,0,0,0,1,1
1294,-,0,1,0,1,0
1295,-,0,0,0,1,0
1296,-,0,0,0,1,0
1297,-,0,0,0,1,0
1298,-,0,0,0,1,0
1299,-,0,0,0,1,0
1300,C,1,0,2,1,1
1301,-,0,0,0,1,1
1302,-,0,-1,0,1,0
1303,-,0,0,0,1,0
1304,-,0,0,0,1,0
1305,A,-1,0,2,1,1
1306,-,0,0,0,1,1
1307,-,0,1,0,1,0
1308,-,0,0,0,1,0
1309,B,-1,0,4,1,1
1310,-,0,0,0,1,1
1311,-,0,0,0,1,1
1312,-,0,0,0,1,1
1313,-,0,1,0,1,0
1314,-,0,0,0,1,0
1315,-,0,0,0,1,0
1316,-,0,0,0,1,0
1317,-,0,0,0,1,0
1318,C,-1,0,1,1,1
1319,A,1,1,2,1,1
1320,-,0,0,0,1,1
1321,-,0,-1,0,1,0
1322,-,0,0,0,1,0
1323,-,0,0,0,1,0
1324,-,0,0,0,1,0
1325,-,0,0,0,1,0
1326,-,0,0,0,1,0
1327,-,0,0,0,1,0
1328,-,0,0,0,1,0
1329,-,0,0,0,1,0
1330,-,0,0,0,1,0
1331,B,1,0,2,1,1
1332,-,0,0,0,1,1
1333,-,0,-1,0,1,0
1334,C,-1,0,4,1,1
1335,-,0,0,0,1,1
1336,A,-1,0,2,1,2
1337,-,0,0,0,1,2
1338,B,-1,2,2,1,1
1339,-,0,0,0,1,1
1340,-,0,1,0,1,0
1341,-,0,0,0,1,0
1342,C,1,0,2,1,1
1343,A,-1,0,2,1,2
1344,B,-1,-1,2,1,2
1345,-,0,1,0,1,1
1346,C,-1,1,3,1,1
1347,-,0,0,0,1,1
1348,-,0,0,0,1,1
1349,-,0,1,0,1,0
1350,-,0,0,0,1,0
1351,A,-1,0,2,1,1
1352,B,-1,0,2,1,2
1353,-,0,1,0,1,1
1354,-,0,1,0,1,0
1355,-,0,0,0,1,0
1356,-,0,0,0,1,0
1357,-,0,0,0,1,0
1358,-,0,0,0,1,0
1359,C,-1,0,2,1,1
1360,-,0,0,0,1,1
1361,A,-1,1,3,1,1
1362,-,0,0,0,1,1
1363,-,0,0,0,1,1
1364,-,0,1,0,1,0
1365,-,0,0,0,1,0
1366,B,1,0,4,1,1
1367,-,0,0,0,1,1
1368,-,0,0,0,1,1
1369,-,0,0,0,1,1
1370,-,0,-1,0,1,0
1371,-,0,0,0,1,0
1372,C,-1,0,2,1,1
1373,-,0,0,0,1,1
1374,-,0,1,0,1,0
1375,-,0,0,0,1,0
1376,-,0,0,0,1,0
1377,-,0,0,0,1,0
1378,A,1,0,1,1,1
1379,-,0,-1,0,1,0
1380,B,-1,0,3,1,1
1381,-,0,0,0,1,1
1382,-,0,0,0,1,1
1383,-,0,1,0,1,0
1384,-,0,0,0,1,0
1385,-,0,0,0,1,0
1386,-,0,0,0,1,0
1387,-,0,0,0,1,0
1388,-,0,0,0,1,0
1389,C,-1,0,3,1,1
1390,-,0,0,0,1,1
1391,A,-1,0,2,1,2
1392,-,0,1,0,1,1
1393,-,0,1,0,1,0
1394,-,0,0,0,1,0
1395,-,0,0,0,1,0
1396,-,0,0,0,1,0
1397,-,0,0,0,1,0
1398,-,0,0,0,1,0
1399,-,0,0,0,1,0
1400,-,0,0,0,1,0
1401,-,0,0,0,1,0
1402,-,0,0,0,1,0
1403,B,-1,0,3,1,1
1404,-,0,0,0,1,1
1405,C,-1,0,1,1,2
1406,-,0,2,0,1,0
1407,-,0,0,0,1,0
1408,-,0,0,0,1,0
1409,-,0,0,0,1,0
1410,A,1,0,4,1,1
1411,B,-1,0,2,1,2
1412,-,0,0,0,1,2
1413,-,0,1,0,1,1
1414,-,0,-1,0,1,0
1415,-,0,0,0,1,0
1416,-,0,0,0,1,0
1417,-,0,0,0,1,0
1418,-,0,0,0,1,0
1419,-,0,0,0,1,0
1420,-,0,0,0,1,0
1421,-,0,0,0,1,0
1422,C,-1,0,3,1,1
1423,-,0,0,0,1,1
1424,-,0,0,0,1,1
1425,-,0,1,0,1,0
1426,-,0,0,0,1,0
1427,-,0,0,0,1,0
1428,-,0,0,0,1,0
1429,A,-1,0,4,1,1
1430,-,0,0,0,1,1
1431,B,-1,0,2,1,2
1432,-,0,0,0,1,2
1433,-,0,2,0,1,0
1434,-,0,0,0,1,0
1435,-,0,0,0,1,0
1436,-,0,0,0,1,0
1437,-,0,0,0,1,0
1438,-,0,0,0,1,0
1439,-,0,0,0,1,0
1440,-,0,0,0,1,0
1441,-,0,0,0,1,0
1442,-,0,0,0,1,0
1443,C,-1,0,2,1,1
1444,-,0,0,0,1,1
1445,A,-1,1,4,1,1
1446,-,0,0,0,1,1
1447,-,0,0,0,1,1
1448,-,0,0,0,1,1
1449,-,0,1,0,1,0
1450,-,0,0,0,1,0
1451,-,0,0,0,1,0
1452,-,0,0,0,1,0
1453,-,0,0,0,1,0
1454,-,0,0,0,1,0
1455,-,0,0,0,1,0
1456,B,1,0,2,1,1
1457,-,0,0,0,1,1
1458,-,0,-1,0,1,0
1459,-,0,0,0,1,0
1460,C,-1,0,1,1,1
1461,-,0,1,0,1,0
1462,-,0,0,0,1,0
1463,-,0,0,0,1,0
1464,A,1,0,2,1,1
1465,-,0,0,0,1,1
1466,B,-1,-1,2,1,1
1467,-,0,0,0,1,1
1468,-,0,1,0,1,0
1469,-,0,0,0,1,0
1470,C,1,0,3,1,1
1471,A,-1,0,1,1,2
1472,-,0,1,0,1,1
1473,-,0,-1,0,1,0
1474,-,0,0,0,1,0
1475,-,0,0,0,1,0
1476,-,0,0,0,1,0
1477,-,0,0,0,1,0
1478,-,0,0,0,1,0
1479,-,0,0,0,1,0
1480,-,0,0,0,1,0
1481,-,0,0,0,1,0
1482,-,0,0,0,1,0
1483,-,0,0,0,1,0
1484,-,0,0,0,1,0
1485,B,-1,0,2,1,1
1486,-,0,0,0,1,1
1487,C,-1,1,1,1,1
1488,-,0,1,0,1,0
1489,-,0,0,0,1,0
1490,-,0,0,0,1,0
1491,A,-1,0,2,1,1
1492,-,0,0,0,1,1
1493,-,0,1,0,1,0
1494,-,0,0,0,1,0
1495,-,0,0,0,1,0
1496,B,-1,0,2,1,1
1497,C,1,0,2,1,2
1498,-,0,1,0,1,1
1499,-,0,-1,0,1,0
1500,A,1,0,1,1,1
1501,-,0,-1,0,1,0
1502,-,0,0,0,1,0
1503,B,-1,0,3,1,1
1504,-,0,0,0,1,1
1505,-,0,0,0,1,1
1506,C,-1,1,1,1,1
1507,-,0,1,0,1,0
1508,-,0,0,0,1,0
1509,-,0,0,0,1,0
1510,-,0,0,0,1,0
1511,-,0,0,0,1,0
1512,-,0,0,0,1,0
1513,-,0,0,0,1,0
1514,A,-1,0,2,1,1
1515,-,0,0,0,1,1
1516,-,0,1,0,1,0
1517,B,1,0,2,1,1
1518,C,1,0,1,1,2
1519,-,0,-2,0,1,0
1520,-,0,0,0,1,0
1521,A,1,0,2,0,1
1522,B,1,0,2,0,2
1523,C,-1,-1,1,0,2
1524,A,1,0,4,0,1
1525,-,0,0,0,0,1
1526,-,0,0,0,0,1
1527,B,1,0,2,0,2
1528,-,0,-1,0,0,1
1529,C,1,-1,1,0,1
1530,A,1,-1,2,1,1
1531,-,0,0,0,1,1
1532,B,-1,-1,2,1,1
1533,-,0,0,0,1,1
1534,-,0,1,0,1,0
1535,-,0,0,0,1,0
1536,-,0,0,0,1,0
1537,C,-1,0,1,1,1
1538,A,-1,1,2,1,1
1539,-,0,0,0,1,1
1540,B,-1,1,2,1,1
1541,-,0,0,0,1,1
1542,C,-1,1,2,1,1
1543,A,-1,0,4,1,2
1544,-,0,1,0,1,1
1545,-,0,0,0,1,1
1546,-,0,0,0,1,1
1547,-,0,1,0,1,0
1548,-,0,0,0,1,0
1549,-,0,0,0,1,0
1550,B,1,0,1,1,1
1551,-,0,-1,0,1,0
1552,-,0,0,0,1,0
1553,C,-1,0,3,1,1
1554,-,0,0,0,1,1
1555,-,0,0,0,1,1
1556,A,-1,1,2,1,1
1557,-,0,0,0,1,1
1558,-,0,1,0,1,0
1559,-,0,0,0,1,0
1560,B,1,0,2,1,1
1561,-,0,0,0,1,1
1562,-,0,-1,0,1,0
1563,C,-1,0,2,1,1
1564,A,1,0,1,1,2
1565,-,0,0,0,1,0
1566,-,0,0,0,1,0
1567,-,0,0,0,1,0
1568,-,0,0,0,1,0
1569,B,-1,0,2,1,1
1570,-,0,0,0,1,1
1571,-,0,1,0,1,0
1572,-,0,0,0,1,0
1573,C,-1,0,2,1,1
1574,A,-1,0,1,1,2
1575,-,0,2,0,1,0
1576,B,1,0,2,1,1
1577,-,0,0,0,1,1
1578,C,-1,-1,3,1,1
1579,A,1,0,3,1,2
1580,-,0,0,0,1,2
1581,-,0,1,0,1,1
1582,B,-1,-1,3,1,1
1583,-,0,0,0,1,1
1584,-,0,0,0,1,1
1585,-,0,1,0,1,0
1586,-,0,0,0,1,0
1587,C,-1,0,3,1,1
1588,-,0,0,0,1,1
1589,-,0,0,0,1,1
1590,-,0,1,0,1,0
1591,-,0,0,0,1,0
1592,-,0,0,0,1,0
1593,-,0,0,0,1,0
1594,A,1,0,1,1,1
1595,-,0,-1,0,1,0
1596,-,0,0,0,1,0
1597,-,0,0,0,1,0
1598,-,0,0,0,1,0
1599,B,1,0,2,1,1
1600,-,0,0,0,1,1
1601,-,0,-1,0,1,0
1602,-,0,0,0,1,0
1603,-,0,0,0,1,0
1604,-,0,0,0,1,0
1605,C,-1,0,2,1,1
1606,-,0,0,0,1,1
1607,-,0,1,0,1,0
1608,-,0,0,0,1,0
1609,-,0,0,0,1,0
1610,A,-1,0,3,1,1
1611,B,-1,0,3,1,2
1612,-,0,0,0,1,2
1613,C,-1,1,3,1,2
1614,-,0,1,0,1,1
1615,A,1,0,1,1,2
1616,B,-1,0,1,1,1
1617,-,0,1,0,1,0
1618,-,0,0,0,1,0
1619,C,1,0,2,1,1
1620,-,0,0,0,1,1
1621,-,0,-1,0,1,0
1622,A,-1,0,1,1,1
1623,-,0,1,0,1,0
1624,-,0,0,0,1,0
1625,B,1,0,4,1,1
1626,-,0,0,0,1,1
1627,-,0,0,0,1,1
1628,-,0,0,0,1,1
1629,-,0,-1,0,1,0
1630,C,1,0,1,1,1
1631,A,1,-1,2,1,1
1632,-,0,0,0,1,1
1633,-,0,-1,0,1,0
1634,-,0,0,0,1,0
1635,-,0,0,0,1,0
1636,-,0,0,0,1,0
1637,B,-1,0,1,1,1
1638,-,0,1,0,1,0
1639,-,0,0,0,1,0
1640,-,0,0,0,1,0
1641,-,0,0,0,1,0
1642,-,0,0,0,1,0
1643,C,-1,0,2,1,1
1644,-,0,0,0,1,1
1645,A,-1,1,3,1,1
1646,-,0,0,0,1,1
1647,-,0,0,0,1,1
1648,B,-1,1,2,1,1
1649,-,0,0,0,1,1
1650,-,0,1,0,1,0
1651,C,-1,0,2,1,1
1652,A,1,0,1,1,2
1653,B,-1,0,2,1,1
1654,-,0,0,0,1,1
1655,-,0,1,0,1,0
1656,C,-1,0,3,1,1
1657,-,0,0,0,1,1
1658,-,0,0,0,1,1
1659,A,1,1,1,1,1
1660,-,0,-1,0,1,0
1661,-,0,0,0,1,0
1662,B,-1,0,2,1,1
1663,C,1,0,2,1,2
1664,-,0,1,0,1,1
1665,-,0,-1,0,1,0
1666,-,0,0,0,1,0
1667,-,0,0,0,1,0
1668,A,-1,0,4,1,1
1669,-,0,0,0,1,1
1670,-,0,0,0,1,1
1671,-,0,0,0,1,1
1672,B,-1,1,3,1,1
1673,C,-1,0,4,1,2
1674,-,0,0,0,1,2
1675,A,1,1,2,1,2
1676,-,0,0,0,1,2
1677,B,-1,0,1,1,1
1678,-,0,1,0,1,0
1679,-,0,0,0,1,0
1680,-,0,0,0,1,0
1681,C,-1,0,3,1,1
1682,-,0,0,0,1,1
1683,-,0,0,0,1,1
1684,-,0,1,0,1,0
1685,-,0,0,0,1,0
1686,-,0,0,0,1,0
1687,-,0,0,0,1,0
1688,A,-1,0,2,1,1
1689,-,0,0,0,1,1
1690,-,0,1,0,1,0
1691,B,-1,0,3,1,1
1692,C,1,0,2,1,2
1693,A,-1,0,2,1,3
1694,-,0,0,0,1,1
1695,-,0,1,0,1,0
1696,B,1,0,2,1,1
1697,-,0,0,0,1,1
1698,C,1,-1,2,1,1
1699,-,0,0,0,1,1
1700,-,0,-1,0,1,0
1701,-,0,0,0,1,0
1702,A,1,0,3,1,1
1703,-,0,0,0,1,1
1704,B,-1,0,2,1,2
1705,-,0,-1,0,1,1
1706,-,0,1,0,1,0
1707,-,0,0,0,1,0
1708,-,0,0,0,1,0
1709,-,0,0,0,1,0
1710,C,-1,0,2,1,1
1711,-,0,0,0,1,1
1712,A,-1,1,1,1,1
1713,-,0,1,0,1,0
1714,B,1,0,2,1,1
1715,-,0,0,0,1,1
1716,-,0,-1,0,1,0
1717,C,-1,0,3,1,1
1718,A,-1,0,1,1,2
1719,-,0,1,0,1,1
1720,-,0,1,0,1,0
1721,-,0,0,0,1,0
1722,-,0,0,0,1,0
1723,-,0,0,0,1,0
1724,B,-1,0,2,1,1
1725,-,0,0,0,1,1
1726,-,0,1,0,1,0
1727,-,0,0,0,1,0
1728,-,0,0,0,1,0
1729,C,-1,0,2,1,1
1730,A,-1,0,2,1,2
1731,-,0,1,0,1,1
1732,-,0,1,0,1,0
1733,B,1,0,3,1,1
1734,-,0,0,0,1,1
1735,-,0,0,0,1,1
1736,-,0,-1,0,1,0
1737,-,0,0,0,1,0
1738,-,0,0,0,1,0
1739,-,0,0,0,1,0
1740,C,-1,0,2,1,1
1741,A,-1,0,2,1,2
1742,-,0,1,0,1,1
1743,-,0,1,0,1,0
1744,-,0,0,0,1,0
1745,-,0,0,0,1,0
1746,-,0,0,0,1,0
1747,-,0,0,0,1,0
1748,-,0,0,0,1,0
1749,-,0,0,0,1,0
1750,-,0,0,0,1,0
1751,-,0,0,0,1,0
1752,-,0,0,0,1,0
1753,-,0,0,0,1,0
1754,-,0,0,0,1,0
1755,-,0,0,0,1,0
1756,-,0,0,0,1,0
1757,-,0,0,0,1,0
1758,B,1,0,3,1,1
1759,C,-1,0,2,1,2
1760,-,0,0,0,1,2
1761,-,0,0,0,1,0
1762,-,0,0,0,1,0
1763,-,0,0,0,1,0
1764,-,0,0,0,1,0
1765,A,-1,0,2,1,1
1766,-,0,0,0,1,1
1767,B,1,1,4,1,1
1768,-,0,0,0,1,1
1769,-,0,0,0,1,1
1770,-,0,0,0,1,1
1771,-,0,-1,0,1,0
1772,-,0,0,0,1,0
1773,-,0,0,0,1,0
1774,-,0,0,0,1,0
1775,C,-1,0,2,1,1
1776,A,1,0,2,1,2
1777,-,0,1,0,1,1
1778,B,-1,-1,2,1,1
1779,C,-1,0,2,1,2
1780,A,1,1,2,1,2
1781,-,0,1,0,1,1
1782,B,-1,-1,2,1,1
1783,-,0,0,0,1,1
1784,-,0,1,0,1,0
1785,-,0,0,0,1,0
1786,-,0,0,0,1,0
1787,-,0,0,0,1,0
1788,-,0,0,0,1,0
1789,C,-1,0,4,1,1
1790,-,0,0,0,1,1
1791,-,0,0,0,1,1
1792,-,0,0,0,1,1
1793,-,0,1,0,1,0
1794,A,-1,0,1,1,1
1795,B,-1,1,3,1,1
1796,-,0,0,0,1,1
1797,-,0,0,0,1,1
1798,C,-1,1,2,1,1
1799,-,0,0,0,1,1
1800,-,0,1,0,1,0
1801,A,-1,0,1,1,1
1802,-,0,1,0,1,0
1803,B,-1,0,3,1,1
1804,-,0,0,0,1,1
1805,-,0,0,0,1,1
1806,-,0,1,0,1,0
1807,C,-1,0,3,1,1
1808,A,-1,0,4,1,2
1809,-,0,0,0,1,2
1810,B,-1,1,2,1,2
1811,C,-1,0,3,1,3
1812,A,-1,2,2,1,2
1813,-,0,0,0,1,2
1814,-,0,2,0,1,0
1815,-,0,0,0,1,0
1816,-,0,0,0,1,0
1817,B,1,0,2,1,1
1818,C,-1,0,3,1,2
1819,A,-1,-1,2,1,2
1820,B,-1,0,2,1,3
1821,-,0,2,0,1,1
1822,C,-1,1,3,1,1
1823,A,-1,0,2,1,2
1824,-,0,0,0,1,2
1825,B,-1,2,3,1,1
1826,-,0,0,0,1,1
1827,-,0,0,0,1,1
1828,-,0,1,0,1,0
1829,-,0,0,0,1,0
1830,-,0,0,0,1,0
1831,C,1,0,2,1,1
1832,-,0,0,0,1,1
1833,-,0,-1,0,1,0
1834,-,0,0,0,1,0
1835,-,0,0,0,1,0
1836,-,0,0,0,1,0
1837,-,0,0,0,1,0
1838,-,0,0,0,1,0
1839,-,0,0,0,1,0
1840,-,0,0,0,1,0
1841,-,0,0,0,1,0
1842,-,0,0,0,1,0
1843,-,0,0,0,1,0
1844,A,-1,0,2,1,1
1845,-,0,0,0,1,1
1846,-,0,1,0,1,0
1847,-,0,0,0,1,0
1848,-,0,0,0,1,0
1849,-,0,0,0,1,0
1850,-,0,0,0,1,0
1851,B,1,0,2,1,1
1852,-,0,0,0,1,1
1853,-,0,-1,0,1,0
1854,-,0,0,0,1,0
1855,-,0,0,0,1,0
1856,-,0,0,0,1,0
1857,C,1,0,3,1,1
1858,-,0,0,0,1,1
1859,-,0,0,0,1,1
1860,-,0,-1,0,1,0
1861,-,0,0,0,1,0
1862,-,0,0,0,1,0
1863,-,0,0,0,1,0
1864,-,0,0,0,1,0
1865,-,0,0,0,1,0
1866,-,0,0,0,1,0
1867,-,0,0,0,1,0
1868,-,0,0,0,1,0
1869,A,1,0,1,1,1
1870,B,-1,-1,3,1,1
1871,-,0,0,0,1,1
1872,C,-1,0,1,1,2
1873,-,0,2,0,1,0
1874,-,0,0,0,1,0
1875,-,0,0,0,1,0
1876,A,-1,0,2,1,1
1877,-,0,0,0,1,1
1878,B,-1,1,2,1,1
1879,-,0,0,0,1,1
1880,-,0,1,0,1,0
1881,-,0,0,0,1,0
1882,-,0,0,0,1,0
1883,-,0,0,0,1,0
1884,-,0,0,0,1,0
1885,C,1,0,2,1,1
1886,-,0,0,0,1,1
1887,-,0,-1,0,1,0
1888,-,0,0,0,1,0
1889,A,-1,0,2,1,1
1890,B,1,0,3,1,2
1891,-,0,1,0,1,1
1892,C,-1,0,3,1,2
1893,-,0,-1,0,1,1
1894,-,0,0,0,1,1
1895,-,0,1,0,1,0
1896,A,1,0,2,1,1
1897,-,0,0,0,1,1
1898,-,0,-1,0,1,0
1899,-,0,0,0,1,0
1900,B,1,0,3,1,1
1901,-,0,0,0,1,1
1902,-,0,0,0,1,1
1903,C,-1,-1,3,1,1
1904,-,0,0,0,1,1
1905,A,-1,0,1,1,2
1906,-,0,2,0,1,0
1907,-,0,0,0,1,0
1908,B,-1,0,2,1,1
1909,-,0,0,0,1,1
1910,-,0,1,0,1,0
1911,-,0,0,0,1,0
1912,-,0,0,0,1,0
1913,-,0,0,0,1,0
1914,-,0,0,0,1,0
1915,-,0,0,0,1,0
1916,-,0,0,0,1,0
1917,-,0,0,0,1,0
1918,C,-1,0,3,1,1
1919,-,0,0,0,1,1
1920,A,-1,0,2,1,2
1921,B,-1,1,3,1,2
1922,C,-1,1,2,1,2
1923,-,0,0,0,1,2
1924,-,0,2,0,1,0
1925,A,-1,0,2,1,1
1926,-,0,0,0,1,1
1927,-,0,1,0,1,0
1928,-,0,0,0,1,0
1929,B,-1,0,3,1,1
1930,-,0,0,0,1,1
1931,-,0,0,0,1,1
1932,-,0,1,0,1,0
1933,-,0,0,0,1,0
1934,-,0,0,0,1,0
1935,-,0,0,0,1,0
1936,C,1,0,2,1,1
1937,-,0,0,0,1,1
1938,A,-1,-1,3,1,1
1939,B,-1,0,4,1,2
1940,-,0,0,0,1,2
1941,-,0,1,0,1,1
1942,C,-1,0,2,1,2
1943,A,-1,1,2,1,2
1944,-,0,1,0,1,1
1945,-,0,1,0,1,0
1946,B,-1,0,2,1,1
1947,-,0,0,0,1,1
1948,C,-1,1,3,1,1
1949,A,-1,0,2,1,2
1950,-,0,0,0,1,2
1951,B,-1,2,1,1,1
1952,-,0,1,0,1,0
1953,-,0,0,0,1,0
1954,C,-1,0,1,1,1
1955,-,0,1,0,1,0
1956,A,1,0,2,1,1
1957,-,0,0,0,1,1
1958,-,0,-1,0,1,0
1959,-,0,0,0,1,0
1960,-,0,0,0,1,0
1961,B,-1,0,3,1,1
1962,-,0,0,0,1,1
1963,-,0,0,0,1,1
1964,C,1,1,2,1,1
1965,A,-1,0,3,1,2
1966,-,0,-1,0,1,1
1967,-,0,0,0,1,1
1968,-,0,1,0,1,0
1969,B,1,0,1,1,1
1970,-,0,-1,0,1,0
1971,-,0,0,0,1,0
1972,-,0,0,0,1,0
1973,-,0,0,0,1,0
1974,-,0,0,0,1,0
1975,-,0,0,0,1,0
1976,-,0,0,0,1,0
1977,-,0,0,0,1,0
1978,-,0,0,0,1,0
1979,-,0,0,0,1,0
1980,-,0,0,0,1,0
1981,-,0,0,0,1,0
1982,-,0,0,0,1,0
1983,-,0,0,0,1,0
1984,-,0,0,0,1,0
1985,-,0,0,0,1,0
1986,-,0,0,0,1,0
1987,C,-1,0,2,1,1
1988,-,0,0,0,1,1
1989,A,1,1,2,1,1
1990,-,0,0,0,1,1
1991,-,0,-1,0,1,0
1992,-,0,0,0,1,0
1993,B,-1,0,3,1,1
1994,C,-1,0,2,1,2
1995,-,0,0,0,1,2
1996,-,0,2,0,1,0
1997,-,0,0,0,1,0
1998,-,0,0,0,1,0
1999,A,-1,0,3,1,1
2000,-,0,0,0,1,1
2001,B,-1,0,4,1,2
2002,-,0,1,0,1,1
2003,-,0,0,0,1,1
2004,-,0,0,0,1,1
2005,-,0,1,0,1,0
2006,C,1,0,2,1,1
2007,-,0,0,0,1,1
2008,-,0,-1,0,1,0
2009,-,0,0,0,1,0
2010,-,0,0,0,1,0
2011,-,0,0,0,1,0
2012,-,0,0,0,1,0
2013,-,0,0,0,1,0
2014,-,0,0,0,1,0
2015,-,0,0,0,1,0
2016,A,-1,0,2,1,1
2017,-,0,0,0,1,1
2018,-,0,1,0,1,0
2019,-,0,0,0,1,0
2020,B,-1,0,2,1,1
2021,-,0,0,0,1,1
2022,-,0,1,0,1,0
2023,C,1,0,3,1,1
2024,A,-1,0,3,1,2
2025,-,0,0,0,1,2
2026,-,0,-1,0,1,1
2027,-,0,1,0,1,0
2028,-,0,0,0,1,0
2029,-,0,0,0,1,0
2030,-,0,0,0,1,0
2031,-,0,0,0,1,0
2032,-,0,0,0,1,0
2033,B,-1,0,2,1,1
2034,C,-1,0,2,1,2
2035,-,0,1,0,1,1
2036,-,0,1,0,1,0
2037,-,0,0,0,1,0
2038,-,0,0,0,1,0
2039,A,-1,0,2,1,1
2040,-,0,0,0,1,1
2041,-,0,1,0,1,0
2042,B,1,0,2,1,1
2043,-,0,0,0,1,1
2044,-,0,-1,0,1,0
2045,C,-1,0,2,1,1
2046,-,0,0,0,1,1
2047,A,-1,1,1,1,1
2048,B,-1,1,2,1,1
2049,C,-1,0,1,1,2
2050,-,0,2,0,1,0
2051,A,-1,0,2,1,1
2052,-,0,0,0,1,1
2053,-,0,1,0,1,0
2054,-,0,0,0,1,0
2055,-,0,0,0,1,0
2056,-,0,0,0,1,0
2057,-,0,0,0,1,0
2058,B,1,0,2,1,1
2059,-,0,0,0,1,1
2060,-,0,-1,0,1,0
2061,C,1,0,3,1,1
2062,-,0,0,0,1,1
2063,A,1,0,1,1,2
2064,B,1,-2,2,0,1
2065,-,0,0,0,0,1
2066,-,0,-1,0,0,0
2067,-,0,0,0,0,0
2068,C,1,0,1,0,1
2069,A,1,-1,2,0,1
2070,-,0,0,0,0,1
2071,B,1,-1,2,0,1
2072,-,0,0,0,0,1
2073,C,1,-1,2,1,1
2074,-,0,0,0,1,1
2075,-,0,-1,0,1,0
2076,A,1,0,2,1,1
2077,-,0,0,0,1,1
2078,-,0,-1,0,1,0
2079,-,0,0,0,1,0
2080,-,0,0,0,1,0
2081,-,0,0,0,1,0
2082,B,-1,0,4,1,1
2083,C,-1,0,2,1,2
2084,-,0,0,0,1,2
2085,A,1,1,2,1,2
2086,-,0,1,0,1,1
2087,B,1,-1,1,1,1
2088,-,0,-1,0,1,0
2089,C,-1,0,3,1,1
2090,A,1,0,1,1,2
2091,B,-1,-1,1,1,2
2092,-,0,2,0,1,0
2093,-,0,0,0,1,0
2094,C,-1,0,2,1,1
2095,-,0,0,0,1,1
2096,-,0,1,0,1,0
2097,-,0,0,0,1,0
2098,A,-1,0,2,1,1
2099,-,0,0,0,1,1
2100,B,-1,1,1,1,1
2101,-,0,1,0,1,0
2102,-,0,0,0,1,0
2103,C,-1,0,2,1,1
2104,-,0,0,0,1,1
2105,-,0,1,0,1,0
2106,A,-1,0,1,1,1
2107,-,0,1,0,1,0
2108,-,0,0,0,1,0
2109,-,0,0,0,1,0
2110,-,0,0,0,1,0
2111,-,0,0,0,1,0
2112,-,0,0,0,1,0
2113,-,0,0,0,1,0
2114,B,-1,0,1,1,1
2115,-,0,1,0,1,0
2116,-,0,0,0,1,0
2117,-,0,0,0,1,0
2118,C,-1,0,2,1,1
2119,-,0,0,0,1,1
2120,-,0,1,0,1,0
2121,-,0,0,0,1,0
2122,-,0,0,0,1,0
2123,-,0,0,0,1,0
2124,-,0,0,0,1,0
2125,-,0,0,0,1,0
2126,-,0,0,0,1,0
2127,-,0,0,0,1,0
2128,-,0,0,0,1,0
2129,-,0,0,0,1,0
2130,-,0,0,0,1,0
2131,A,-1,0,2,1,1
2132,-,0,0,0,1,1
2133,-,0,1,0,1,0
2134,B,-1,0,2,1,1
2135,-,0,0,0,1,1
2136,C,-1,1,2,1,1
2137,A,-1,0,3,1,2
2138,-,0,1,0,1,1
2139,-,0,0,0,1,1
2140,-,0,1,0,1,0
2141,-,0,0,0,1,0
2142,-,0,0,0,1,0
2143,B,-1,0,2,1,1
2144,C,1,0,2,1,2
2145,-,0,1,0,1,1
2146,-,0,-1,0,1,0
2147,A,-1,0,2,1,1
2148,B,-1,0,1,1,2
2149,-,0,2,0,1,0
2150,C,1,0,4,1,1
2151,-,0,0,0,1,1
2152,-,0,0,0,1,1
2153,-,0,0,0,1,1
2154,-,0,-1,0,1,0
2155,A,-1,0,1,1,1
2156,-,0,1,0,1,0
2157,B,-1,0,2,1,1
2158,C,1,0,2,1,2
2159,-,0,1,0,1,1
2160,-,0,-1,0,1,0
2161,-,0,0,0,1,0
2162,A,-1,0,3,1,1
2163,-,0,0,0,1,1
2164,B,-1,0,1,1,2
2165,-,0,2,0,1,0
2166,-,0,0,0,1,0
2167,-,0,0,0,1,0
2168,C,-1,0,2,1,1
2169,-,0,0,0,1,1
2170,-,0,1,0,1,0
2171,A,1,0,3,1,1
2172,B,1,0,4,1,2
2173,-,0,0,0,1,2
2174,-,0,-1,0,1,1
2175,-,0,0,0,1,1
2176,-,0,-1,0,1,0
2177,-,0,0,0,1,0
2178,-,0,0,0,1,0
2179,-,0,0,0,1,0
2180,-,0,0,0,1,0
2181,C,-1,0,1,1,1
2182,-,0,1,0,1,0
2183,-,0,0,0,1,0
2184,-,0,0,0,1,0
2185,-,0,0,0,1,0
2186,-,0,0,0,1,0
2187,-,0,0,0,1,0
2188,-,0,0,0,1,0
2189,-,0,0,0,1,0
2190,-,0,0,0,1,0
2191,A,-1,0,2,1,1
2192,B,-1,0,4,1,2
2193,-,0,1,0,1,1
2194,C,-1,0,3,1,2
2195,-,0,0,0,1,2
2196,A,-1,1,4,1,2
2197,-,0,1,0,1,1
2198,-,0,0,0,1,1
2199,B,1,0,3,1,2
2200,-,0,1,0,1,1
2201,-,0,0,0,1,1
2202,C,-1,-1,2,1,1
2203,-,0,0,0,1,1
2204,-,0,1,0,1,0
2205,-,0,0,0,1,0
2206,-,0,0,0,1,0
2207,A,-1,0,3,1,1
2208,-,0,0,0,1,1
2209,-,0,0,0,1,1
2210,B,1,1,2,1,1
2211,-,0,0,0,1,1
2212,-,0,-1,0,1,0
2213,-,0,0,0,1,0
2214,-,0,0,0,1,0
2215,-,0,0,0,1,0
2216,-,0,0,0,1,0
2217,-,0,0,0,1,0
2218,-,0,0,0,1,0
2219,-,0,0,0,1,0
2220,-,0,0,0,1,0
2221,-,0,0,0,1,0
2222,-,0,0,0,1,0
2223,C,-1,0,2,1,1
2224,-,0,0,0,1,1
2225,-,0,1,0,1,0
2226,-,0,0,0,1,0
2227,A,-1,0,2,1,1
2228,-,0,0,0,1,1
2229,-,0,1,0,1,0
2230,-,0,0,0,1,0
2231,-,0,0,0,1,0
2232,B,-1,0,2,1,1
2233,C,-1,0,4,1,2
2234,-,0,1,0,1,1
2235,-,0,0,0,1,1
2236,-,0,0,0,1,1
2237,-,0,1,0,1,0
2238,A,1,0,2,1,1
2239,B,1,0,2,1,2
2240,-,0,-1,0,1,1
2241,-,0,-1,0,1,0
2242,-,0,0,0,1,0
2243,-,0,0,0,1,0
2244,-,0,0,0,1,0
2245,-,0,0,0,1,0
2246,C,1,0,2,1,1
2247,-,0,0,0,1,1
2248,A,-1,-1,2,1,1
2249,-,0,0,0,1,1
2250,B,-1,1,3,1,1
2251,-,0,0,0,1,1
2252,-,0,0,0,1,1
2253,C,1,1,1,1,1
2254,A,-1,-1,2,1,1
2255,B,-1,0,4,1,2
2256,-,0,1,0,1,1
2257,C,-1,0,2,1,2
2258,-,0,0,0,1,2
2259,-,0,2,0,1,0
2260,-,0,0,0,1,0
2261,-,0,0,0,1,0
2262,-,0,0,0,1,0
2263,-,0,0,0,1,0
2264,-,0,0,0,1,0
2265,A,1,0,4,1,1
2266,-,0,0,0,1,1
2267,B,-1,0,2,1,2
2268,-,0,0,0,1,2
2269,C,-1,0,1,1,1
2270,-,0,1,0,1,0
2271,-,0,0,0,1,0
2272,-,0,0,0,1,0
2273,-,0,0,0,1,0
2274,-,0,0,0,1,0
2275,-,0,0,0,1,0
2276,A,-1,0,3,1,1
2277,-,0,0,0,1,1
2278,-,0,0,0,1,1
2279,-,0,1,0,1,0
2280,B,-1,0,2,1,1
2281,-,0,0,0,1,1
2282,-,0,1,0,1,0
2283,-,0,0,0,1,0
2284,-,0,0,0,1,0
2285,-,0,0,0,1,0
2286,-,0,0,0,1,0
2287,C,1,0,3,1,1
2288,-,0,0,0,1,1
2289,A,-1,0,1,1,2
2290,B,-1,0,2,1,1
2291,C,-1,0,2,1,2
2292,-,0,1,0,1,1
2293,A,-1,1,1,1,1
2294,-,0,1,0,1,0
2295,-,0,0,0,1,0
2296,-,0,0,0,1,0
2297,-,0,0,0,1,0
2298,B,1,0,1,1,1
2299,-,0,-1,0,1,0
2300,-,0,0,0,1,0
2301,-,0,0,0,1,0
2302,-,0,0,0,1,0
2303,-,0,0,0,1,0
2304,-,0,0,0,1,0
2305,-,0,0,0,1,0
2306,-,0,0,0,1,0
2307,-,0,0,0,1,0
2308,-,0,0,0,1,0
2309,-,0,0,0,1,0
2310,-,0,0,0,1,0
2311,-,0,0,0,1,0
2312,-,0,0,0,1,0
2313,C,-1,0,2,1,1
2314,A,-1,0,2,1,2
2315,B,1,1,1,1,2
2316,C,1,0,2,1,1
2317,-,0,0,0,1,1
2318,-,0,-1,0,1,0
2319,-,0,0,0,1,0
2320,A,-1,0,2,1,1
2321,-,0,0,0,1,1
2322,-,0,1,0,1,0
2323,-,0,0,0,1,0
2324,B,1,0,3,1,1
2325,C,-1,0,2,1,2
2326,-,0,0,0,1,2
2327,-,0,0,0,1,0
2328,-,0,0,0,1,0
2329,-,0,0,0,1,0
2330,-,0,0,0,1,0
2331,A,1,0,4,1,1
2332,-,0,0,0,1,1
2333,B,1,0,2,1,2
2334,-,0,0,0,1,2
2335,C,-1,-2,2,1,1
2336,-,0,0,0,1,1
2337,A,1,1,2,1,1
2338,-,0,0,0,1,1
2339,-,0,-1,0,1,0
2340,-,0,0,0,1,0
2341,B,-1,0,2,1,1
2342,-,0,0,0,1,1
2343,C,-1,1,2,1,1
2344,A,-1,0,3,1,2
2345,-,0,1,0,1,1
2346,-,0,0,0,1,1
2347,-,0,1,0,1,0
2348,B,-1,0,3,1,1
2349,-,0,0,0,1,1
2350,-,0,0,0,1,1
2351,-,0,1,0,1,0
2352,-,0,0,0,1,0
2353,C,-1,0,2,1,1
2354,A,1,0,2,1,2
2355,B,1,1,1,1,2
2356,C,1,-2,2,1,1
2357,-,0,0,0,1,1
2358,A,-1,-1,2,1,1
2359,-,0,0,0,1,1
2360,-,0,1,0,1,0
2361,-,0,0,0,1,0
2362,B,1,0,2,1,1
2363,-,0,0,0,1,1
2364,-,0,-1,0,1,0
2365,-,0,0,0,1,0
2366,-,0,0,0,1,0
2367,-,0,0,0,1,0
2368,-,0,0,0,1,0
2369,-,0,0,0,1,0
2370,-,0,0,0,1,0
2371,-,0,0,0,1,0
2372,-,0,0,0,1,0
2373,-,0,0,0,1,0
2374,C,1,0,1,1,1
2375,A,-1,-1,3,1,1
2376,B,-1,0,2,1,2
2377,-,0,0,0,1,2
2378,-,0,2,0,1,0
2379,-,0,0,0,1,0
2380,C,-1,0,2,1,1
2381,-,0,0,0,1,1
2382,-,0,1,0,1,0
2383,-,0,0,0,1,0
2384,-,0,0,0,1,0
2385,A,-1,0,1,1,1
2386,B,-1,1,2,1,1
2387,-,0,0,0,1,1
2388,-,0,1,0,1,0
2389,-,0,0,0,1,0
2390,-,0,0,0,1,0
2391,-,0,0,0,1,0
2392,-,0,0,0,1,0
2393,-,0,0,0,1,0
2394,-,0,0,0,1,0
2395,C,-1,0,2,1,1
2396,-,0,0,0,1,1
2397,-,0,1,0,1,0
2398,A,-1,0,2,1,1
2399,-,0,0,0,1,1
2400,B,-1,1,2,1,1
2401,C,1,0,1,1,2
2402,A,-1,0,3,1,1
2403,-,0,0,0,1,1
2404,-,0,0,0,1,1
2405,-,0,1,0,1,0
2406,-,0,0,0,1,0
2407,-,0,0,0,1,0
2408,B,-1,0,2,1,1
2409,-,0,0,0,1,1
2410,-,0,1,0,1,0
2411,-,0,0,0,1,0
2412,-,0,0,0,1,0
2413,C,1,0,2,1,1
2414,A,-1,0,2,1,2
2415,-,0,-1,0,1,1
2416,-,0,1,0,1,0
2417,B,-1,0,2,1,1
2418,-,0,0,0,1,1
2419,-,0,1,0,1,0
2420,-,0,0,0,1,0
2421,-,0,0,0,1,0
2422,C,-1,0,4,1,1
2423,A,1,0,1,1,2
2424,B,-1,-1,2,1,2
2425,-,0,0,0,1,2
2426,-,0,2,0,1,0
2427,-,0,0,0,1,0
2428,-,0,0,0,1,0
2429,C,-1,0,2,1,1
2430,-,0,0,0,1,1
2431,-,0,1,0,1,0
2432,-,0,0,0,1,0
2433,-,0,0,0,1,0
2434,-,0,0,0,1,0
2435,A,1,0,1,1,1
2436,-,0,-1,0,1,0
2437,B,-1,0,3,1,1
2438,-,0,0,0,1,1
2439,-,0,0,0,1,1
2440,C,1,1,3,1,1
2441,-,0,0,0,1,1
2442,-,0,0,0,1,1
2443,A,1,-1,2,1,1
2444,-,0,0,0,1,1
2445,-,0,-1,0,1,0
2446,-,0,0,0,1,0
2447,-,0,0,0,1,0
2448,-,0,0,0,1,0
2449,B,1,0,1,1,1
2450,C,1,-1,3,0,1
2451,-,0,0,0,0,1
2452,A,1,0,4,0,2
2453,B,1,-1,2,0,2
2454,C,1,0,2,0,3
2455,A,1,-1,3,1,3
2456,-,0,-2,0,1,1
2457,B,-1,0,2,1,2
2458,C,-1,-1,2,1,2
2459,-,0,1,0,1,1
2460,-,0,1,0,1,0
2461,A,-1,0,2,1,1
2462,-,0,0,0,1,1
2463,-,0,1,0,1,0
2464,-,0,0,0,1,0
2465,-,0,0,0,1,0
2466,-,0,0,0,1,0
2467,-,0,0,0,1,0
2468,-,0,0,0,1,0
2469,-,0,0,0,1,0
2470,-,0,0,0,1,0
2471,B,-1,0,2,1,1
2472,-,0,0,0,1,1
2473,-,0,1,0,1,0
2474,-,0,0,0,1,0
2475,C,1,0,2,1,1
2476,-,0,0,0,1,1
2477,-,0,-1,0,1,0
2478,-,0,0,0,1,0
2479,-,0,0,0,1,0
2480,A,-1,0,4,1,1
2481,B,-1,0,4,1,2
2482,C,-1,0,2,1,3
2483,A,-1,0,2,1,4
2484,-,0,2,0,1,2
2485,-,0,2,0,1,0
2486,-,0,0,0,1,0
2487,-,0,0,0,1,0
2488,B,1,0,4,1,1
2489,-,0,0,0,1,1
2490,-,0,0,0,1,1
2491,C,-1,0,3,1,2
2492,-,0,-1,0,1,1
2493,A,1,0,4,1,2
2494,-,0,1,0,1,1
2495,B,1,0,3,1,2
2496,-,0,0,0,1,2
2497,-,0,-1,0,1,1
2498,C,1,-1,2,1,1
2499,A,-1,0,3,1,2
2500,B,-1,-1,3,1,2
2501,-,0,0,0,1,2
2502,-,0,1,0,1,1
2503,-,0,1,0,1,0
2504,C,-1,0,2,1,1
2505,-,0,0,0,1,1
2506,-,0,1,0,1,0
2507,-,0,0,0,1,0
2508,A,1,0,3,1,1
2509,-,0,0,0,1,1
2510,-,0,0,0,1,1
2511,-,0,-1,0,1,0
2512,-,0,0,0,1,0
2513,-,0,0,0,1,0
2514,B,1,0,2,1,1
2515,-,0,0,0,1,1
2516,-,0,-1,0,1,0
2517,-,0,0,0,1,0
2518,-,0,0,0,1,0
2519,-,0,0,0,1,0
2520,-,0,0,0,1,0
2521,-,0,0,0,1,0
2522,C,-1,0,4,1,1
2523,-,0,0,0,1,1
2524,-,0,0,0,1,1
2525,-,0,0,0,1,1
2526,-,0,1,0,1,0
2527,-,0,0,0,1,0
2528,A,-1,0,2,1,1
2529,-,0,0,0,1,1
2530,-,0,1,0,1,0
2531,-,0,0,0,1,0
2532,-,0,0,0,1,0
2533,-,0,0,0,1,0
2534,-,0,0,0,1,0
2535,B,-1,0,1,1,1
2536,-,0,1,0,1,0
2537,-,0,0,0,1,0
2538,-,0,0,0,1,0
2539,-,0,0,0,1,0
2540,-,0,0,0,1,0
2541,-,0,0,0,1,0
2542,-,0,0,0,1,0
2543,-,0,0,0,1,0
2544,-,0,0,0,1,0
2545,-,0,0,0,1,0
2546,-,0,0,0,1,0
2547,-,0,0,0,1,0
2548,C,-1,0,2,1,1
2549,A,-1,0,3,1,2
2550,-,0,1,0,1,1
2551,-,0,0,0,1,1
2552,-,0,1,0,1,0
2553,-,0,0,0,1,0
2554,-,0,0,0,1,0
2555,-,0,0,0,1,0
2556,-,0,0,0,1,0
2557,-,0,0,0,1,0
2558,-,0,0,0,1,0
2559,B,-1,0,3,1,1
2560,-,0,0,0,1,1
2561,-,0,0,0,1,1
2562,-,0,1,0,1,0
2563,-,0,0,0,1,0
2564,-,0,0,0,1,0
2565,C,-1,0,3,1,1
2566,-,0,0,0,1,1
2567,-,0,0,0,1,1
2568,-,0,1,0,1,0
2569,-,0,0,0,1,0
2570,-,0,0,0,1,0
2571,A,-1,0,2,1,1
2572,B,-1,0,4,1,2
2573,-,0,1,0,1,1
2574,-,0,0,0,1,1
2575,-,0,0,0,1,1
2576,-,0,1,0,1,0
2577,C,-1,0,2,1,1
2578,-,0,0,0,1,1
2579,-,0,1,0,1,0
2580,-,0,0,0,1,0
2581,-,0,0,0,1,0
2582,-,0,0,0,1,0
2583,-,0,0,0,1,0
2584,-,0,0,0,1,0
2585,A,-1,0,4,1,1
2586,-,0,0,0,1,1
2587,-,0,0,0,1,1
2588,B,-1,0,1,1,2
2589,-,0,2,0,1,0
2590,-,0,0,0,1,0
2591,C,-1,0,1,1,1
2592,A,-1,1,3,1,1
2593,B,-1,0,1,1,2
2594,-,0,1,0,1,1
2595,-,0,1,0,1,0
2596,C,-1,0,2,1,1
2597,-,0,0,0,1,1
2598,A,1,1,1,1,1
2599,-,0,-1,0,1,0
2600,-,0,0,0,1,0
2601,-,0,0,0,1,0
2602,B,-1,0,2,1,1
2603,C,-1,0,2,1,2
2604,-,0,1,0,1,1
2605,-,0,1,0,1,0
2606,-,0,0,0,1,0
2607,A,-1,0,4,1,1
2608,-,0,0,0,1,1
2609,-,0,0,0,1,1
2610,-,0,0,0,1,1
2611,-,0,1,0,1,0
2612,-,0,0,0,1,0
2613,-,0,0,0,1,0
2614,-,0,0,0,1,0
2615,-,0,0,0,1,0
2616,-,0,0,0,1,0
2617,B,-1,0,2,1,1
2618,-,0,0,0,1,1
2619,-,0,1,0,1,0
2620,-,0,0,0,1,0
2621,-,0,0,0,1,0
2622,C,-1,0,2,1,1
2623,-,0,0,0,1,1
2624,A,1,1,1,1,1
2625,-,0,-1,0,1,0
2626,B,-1,0,3,1,1
2627,-,0,0,0,1,1
2628,-,0,0,0,1,1
2629,-,0,1,0,1,0
2630,-,0,0,0,1,0
2631,-,0,0,0,1,0
2632,-,0,0,0,1,0
2633,-,0,0,0,1,0
2634,C,1,0,1,1,1
2635,A,1,-1,2,1,1
2636,-,0,0,0,1,1
2637,B,-1,-1,2,1,1
2638,C,-1,0,2,1,2
2639,-,0,1,0,1,1
2640,-,0,1,0,1,0
2641,A,-1,0,3,1,1
2642,-,0,0,0,1,1
2643,B,1,0,2,1,2
2644,-,0,1,0,1,1
2645,-,0,-1,0,1,0
2646,-,0,0,0,1,0
2647,-,0,0,0,1,0
2648,-,0,0,0,1,0
2649,-,0,0,0,1,0
2650,-,0,0,0,1,0
2651,-,0,0,0,1,0
2652,-,0,0,0,1,0
2653,-,0,0,0,1,0
2654,-,0,0,0,1,0
2655,-,0,0,0,1,0
2656,C,-1,0,2,1,1
2657,A,-1,0,2,1,2
2658,-,0,1,0,1,1
2659,-,0,1,0,1,0
2660,-,0,0,0,1,0
2661,-,0,0,0,1,0
2662,-,0,0,0,1,0
2663,-,0,0,0,1,0
2664,-,0,0,0,1,0
2665,-,0,0,0,1,0
2666,-,0,0,0,1,0
2667,-,0,0,0,1,0
2668,B,-1,0,3,1,1
2669,C,-1,0,2,1,2
2670,-,0,0,0,1,2
2671,-,0,2,0,1,0
2672,-,0,0,0,1,0
2673,A,1,0,3,1,1
2674,B,-1,0,2,1,2
2675,C,-1,0,1,1,3
2676,-,0,1,0,1,0
2677,-,0,0,0,1,0
2678,-,0,0,0,1,0
2679,-,0,0,0,1,0
2680,A,1,0,4,1,1
2681,-,0,0,0,1,1
2682,-,0,0,0,1,1
2683,-,0,0,0,1,1
2684,-,0,-1,0,1,0
2685,-,0,0,0,1,0
2686,-,0,0,0,1,0
2687,-,0,0,0,1,0
2688,-,0,0,0,1,0
2689,-,0,0,0,1,0
2690,-,0,0,0,1,0
2691,-,0,0,0,1,0
2692,-,0,0,0,1,0
2693,B,-1,0,2,1,1
2694,-,0,0,0,1,1
2695,-,0,1,0,1,0
2696,C,-1,0,1,1,1
2697,-,0,1,0,1,0
2698,-,0,0,0,1,0
2699,A,1,0,2,1,1
2700,-,0,0,0,1,1
2701,-,0,-1,0,1,0
2702,-,0,0,0,1,0
2703,-,0,0,0,1,0
2704,-,0,0,0,1,0
2705,-,0,0,0,1,0
2706,-,0,0,0,1,0
2707,-,0,0,0,1,0
2708,-,0,0,0,1,0
2709,-,0,0,0,1,0
2710,-,0,0,0,1,0
2711,-,0,0,0,1,0
2712,-,0,0,0,1,0
2713,-,0,0,0,1,0
2714,-,0,0,0,1,0
2715,-,0,0,0,1,0
2716,-,0,0,0,1,0
2717,-,0,0,0,1,0
2718,-,0,0,0,1,0
2719,-,0,0,0,1,0
2720,B,-1,0,2,1,1
2721,-,0,0,0,1,1
2722,-,0,1,0,1,0
2723,-,0,0,0,1,0
2724,-,0,0,0,1,0
2725,-,0,0,0,1,0
2726,-,0,0,0,1,0
2727,-,0,0,0,1,0
2728,-,0,0,0,1,0
2729,C,-1,0,1,1,1
2730,-,0,1,0,1,0
2731,A,-1,0,2,1,1
2732,B,-1,0,2,1,2
2733,-,0,1,0,1,1
2734,-,0,1,0,1,0
2735,-,0,0,0,1,0
2736,C,1,0,1,1,1
2737,-,0,-1,0,1,0
2738,-,0,0,0,1,0
2739,-,0,0,0,1,0
2740,-,0,0,0,1,0
2741,-,0,0,0,1,0
2742,-,0,0,0,1,0
2743,-,0,0,0,1,0
2744,-,0,0,0,1,0
2745,-,0,0,0,1,0
2746,-,0,0,0,1,0
2747,-,0,0,0,1,0
2748,A,-1,0,1,1,1
2749,-,0,1,0,1,0
2750,-,0,0,0,1,0
2751,-,0,0,0,1,0
2752,-,0,0,0,1,0
2753,B,1,0,2,1,1
2754,-,0,0,0,1,1
2755,-,0,-1,0,1,0
2756,-,0,0,0,1,0
2757,-,0,0,0,1,0
2758,C,-1,0,1,1,1
2759,-,0,1,0,1,0
2760,A,-1,0,3,1,1
2761,-,0,0,0,1,1
2762,B,-1,0,2,1,2
2763,-,0,1,0,1,1
2764,C,-1,1,2,1,1
2765,-,0,0,0,1,1
2766,-,0,1,0,1,0
2767,-,0,0,0,1,0
2768,-,0,0,0,1,0
2769,-,0,0,0,1,0
2770,A,1,0,4,1,1
2771,B,-1,0,2,1,2
2772,-,0,0,0,1,2
2773,C,-1,1,2,1,2
2774,A,-1,-1,3,1,2
2775,-,0,1,0,1,1
2776,-,0,0,0,1,1
2777,-,0,1,0,1,0
2778,-,0,0,0,1,0
2779,-,0,0,0,1,0
2780,B,-1,0,2,1,1
2781,-,0,0,0,1,1
2782,-,0,1,0,1,0
2783,-,0,0,0,1,0
2784,C,1,0,2,1,1
2785,-,0,0,0,1,1
2786,-,0,-1,0,1,0
2787,-,0,0,0,1,0
2788,-,0,0,0,1,0
2789,-,0,0,0,1,0
2790,-,0,0,0,1,0
2791,A,-1,0,1,1,1
2792,-,0,1,0,1,0
2793,-,0,0,0,1,0
2794,-,0,0,0,1,0
2795,-,0,0,0,1,0
2796,-,0,0,0,1,0
2797,B,-1,0,2,1,1
2798,-,0,0,0,1,1
2799,-,0,1,0,1,0
2800,-,0,0,0,1,0
2801,-,0,0,0,1,0
2802,-,0,0,0,1,0
2803,C,-1,0,2,1,1
2804,-,0,0,0,1,1
2805,A,1,1,2,1,1
2806,-,0,0,0,1,1
2807,-,0,-1,0,1,0
2808,-,0,0,0,1,0
2809,-,0,0,0,1,0
2810,-,0,0,0,1,0
2811,-,0,0,0,1,0
2812,B,1,0,2,1,1
2813,-,0,0,0,1,1
2814,C,1,-1,2,0,1
2815,-,0,0,0,0,1
2816,A,1,-1,1,0,1
2817,B,1,-1,1,0,1
2818,-,0,-1,0,0,0
2819,C,1,0,2,0,1
2820,-,0,0,0,0,1
2821,A,-1,-1,3,0,1
2822,B,1,0,2,0,2
2823,C,1,0,2,0,3
2824,A,-1,0,3,0,2
2825,-,0,-1,0,0,1
2826,B,1,0,4,0,2
2827,C,1,1,4,0,2
2828,A,1,0,3,0,3
2829,-,0,0,0,0,3
2830,-,0,-1,0,0,2
2831,B,1,-2,3,1,1
2832,-,0,0,0,1,1
2833,-,0,0,0,1,1
2834,C,-1,-1,2,1,1
2835,-,0,0,0,1,1
2836,-,0,1,0,1,0
2837,-,0,0,0,1,0
2838,-,0,0,0,1,0
2839,-,0,0,0,1,0
2840,-,0,0,0,1,0
2841,-,0,0,0,1,0
2842,A,1,0,3,1,1
2843,-,0,0,0,1,1
2844,-,0,0,0,1,1
2845,-,0,-1,0,1,0
2846,-,0,0,0,1,0
2847,-,0,0,0,1,0
2848,-,0,0,0,1,0
2849,-,0,0,0,1,0
2850,-,0,0,0,1,0
2851,-,0,0,0,1,0
2852,-,0,0,0,1,0
2853,-,0,0,0,1,0
2854,-,0,0,0,1,0
2855,B,-1,0,2,1,1
2856,-,0,0,0,1,1
2857,-,0,1,0,1,0
2858,-,0,0,0,1,0
2859,-,0,0,0,1,0
2860,-,0,0,0,1,0
2861,-,0,0,0,1,0
2862,-,0,0,0,1,0
2863,-,0,0,0,1,0
2864,-,0,0,0,1,0
2865,-,0,0,0,1,0
2866,C,-1,0,3,1,1
2867,A,1,0,3,1,2
2868,B,-1,0,2,1,3
2869,-,0,1,0,1,2
2870,-,0,0,0,1,0
2871,-,0,0,0,1,0
2872,-,0,0,0,1,0
2873,-,0,0,0,1,0
2874,-,0,0,0,1,0
2875,-,0,0,0,1,0
2876,-,0,0,0,1,0
2877,-,0,0,0,1,0
2878,-,0,0,0,1,0
2879,-,0,0,0,1,0
2880,-,0,0,0,1,0
2881,C,-1,0,2,1,1
2882,-,0,0,0,1,1
2883,-,0,1,0,1,0
2884,-,0,0,0,1,0
2885,-,0,0,0,1,0
2886,A,-1,0,1,1,1
2887,-,0,1,0,1,0
2888,-,0,0,0,1,0
2889,-,0,0,0,1,0
2890,B,1,0,2,1,1
2891,-,0,0,0,1,1
2892,-,0,-1,0,1,0
2893,C,-1,0,3,1,1
2894,-,0,0,0,1,1
2895,-,0,0,0,1,1
2896,-,0,1,0,1,0
2897,-,0,0,0,1,0
2898,A,1,0,2,1,1
2899,-,0,0,0,1,1
2900,-,0,-1,0,1,0
2901,-,0,0,0,1,0
2902,-,0,0,0,1,0
2903,-,0,0,0,1,0
2904,-,0,0,0,1,0
2905,-,0,0,0,1,0
2906,-,0,0,0,1,0
2907,B,1,0,2,1,1
2908,-,0,0,0,1,1
2909,-,0,-1,0,1,0
2910,-,0,0,0,1,0
2911,-,0,0,0,1,0
2912,-,0,0,0,1,0
2913,-,0,0,0,1,0
2914,-,0,0,0,1,0
2915,-,0,0,0,1,0
2916,-,0,0,0,1,0
2917,C,1,0,4,1,1
2918,-,0,0,0,1,1
2919,-,0,0,0,1,1
2920,A,1,0,4,0,2
2921,-,0,-1,0,0,1
2922,B,-1,0,1,0,2
2923,-,0,1,0,0,1
2924,-,0,-1,0,0,0
2925,-,0,0,0,0,0
2926,-,0,0,0,0,0
2927,-,0,0,0,0,0
2928,-,0,0,0,0,0
2929,-,0,0,0,0,0
2930,C,1,0,1,0,1
2931,A,1,-1,3,0,1
2932,-,0,0,0,0,1
2933,B,1,0,4,0,2
2934,-,0,-1,0,0,1
2935,-,0,0,0,0,1
2936,-,0,0,0,0,1
2937,C,1,-1,1,1,1
2938,-,0,-1,0,1,0
2939,-,0,0,0,1,0
2940,A,-1,0,1,1,1
2941,-,0,1,0,1,0
2942,-,0,0,0,1,0
2943,-,0,0,0,1,0
2944,-,0,0,0,1,0
2945,B,1,0,2,1,1
2946,C,1,0,3,1,2
2947,A,-1,-1,1,1,2
2948,-,0,1,0,1,1
2949,-,0,-1,0,1,0
2950,B,1,0,2,1,1
2951,C,-1,0,3,1,2
2952,A,1,-1,3,1,2
2953,-,0,0,0,1,2
2954,-,0,1,0,1,1
2955,-,0,-1,0,1,0
2956,-,0,0,0,1,0
2957,-,0,0,0,1,0
2958,-,0,0,0,1,0
2959,-,0,0,0,1,0
2960,B,-1,0,2,1,1
2961,-,0,0,0,1,1
2962,-,0,1,0,1,0
2963,-,0,0,0,1,0
2964,C,-1,0,2,1,1
2965,A,1,0,2,1,2
2966,B,-1,1,3,1,2
2967,-,0,-1,0,1,1
2968,-,0,0,0,1,1
2969,-,0,1,0,1,0
2970,-,0,0,0,1,0
2971,-,0,0,0,1,0
2972,C,-1,0,2,1,1
2973,-,0,0,0,1,1
2974,-,0,1,0,1,0
2975,-,0,0,0,1,0
2976,-,0,0,0,1,0
2977,-,0,0,0,1,0
2978,-,0,0,0,1,0
2979,-,0,0,0,1,0
2980,-,0,0,0,1,0
2981,-,0,0,0,1,0
2982,-,0,0,0,1,0
2983,-,0,0,0,1,0
2984,A,-1,0,2,1,1
2985,-,0,0,0,1,1
2986,B,-1,1,1,1,1
2987,C,1,1,2,1,1
2988,A,-1,0,2,1,2
2989,-,0,-1,0,1,1
2990,-,0,1,0,1,0
2991,-,0,0,0,1,0
2992,-,0,0,0,1,0
2993,-,0,0,0,1,0
2994,-,0,0,0,1,0
2995,-,0,0,0,1,0
2996,B,-1,0,3,1,1
2997,C,-1,0,1,1,2
2998,-,0,1,0,1,1
2999,-,0,1,0,1,0
3000,-,0,0,0,1,0
3001,-,0,0,0,1,0
3002,A,1,0,3,1,1
3003,-,0,0,0,1,1
3004,-,0,0,0,1,1
3005,-,0,-1,0,1,0
3006,-,0,0,0,1,0
3007,-,0,0,0,1,0
3008,-,0,0,0,1,0
3009,-,0,0,0,1,0
3010,-,0,0,0,1,0
3011,-,0,0,0,1,0
3012,-,0,0,0,1,0
3013,B,1,0,2,1,1
3014,-,0,0,0,1,1
3015,C,-1,-1,3,1,1
3016,-,0,0,0,1,1
3017,-,0,0,0,1,1
3018,-,0,1,0,1,0
3019,-,0,0,0,1,0
3020,-,0,0,0,1,0
3021,-,0,0,0,1,0
3022,-,0,0,0,1,0
3023,-,0,0,0,1,0
3024,-,0,0,0,1,0
3025,-,0,0,0,1,0
3026,-,0,0,0,1,0
3027,A,-1,0,3,1,1
3028,B,-1,0,2,1,2
3029,-,0,0,0,1,2
3030,C,1,2,2,1,1
3031,-,0,0,0,1,1
3032,-,0,-1,0,1,0
3033,A,-1,0,3,1,1
3034,-,0,0,0,1,1
3035,-,0,0,0,1,1
3036,-,0,1,0,1,0
3037,B,1,0,2,1,1
3038,-,0,0,0,1,1
3039,-,0,-1,0,1,0
3040,-,0,0,0,1,0
3041,C,-1,0,2,1,1
3042,-,0,0,0,1,1
3043,A,1,1,2,1,1
3044,-,0,0,0,1,1
3045,B,-1,-1,2,1,1
3046,-,0,0,0,1,1
3047,C,1,1,1,1,1
3048,-,0,-1,0,1,0
3049,-,0,0,0,1,0
3050,-,0,0,0,1,0
3051,A,-1,0,2,1,1
3052,-,0,0,0,1,1
3053,B,-1,1,2,1,1
3054,-,0,0,0,1,1
3055,C,1,1,3,1,1
3056,-,0,0,0,1,1
3057,-,0,0,0,1,1
3058,-,0,-1,0,1,0
3059,-,0,0,0,1,0
3060,-,0,0,0,1,0
3061,A,-1,0,2,1,1
3062,-,0,0,0,1,1
3063,-,0,1,0,1,0
3064,-,0,0,0,1,0
3065,-,0,0,0,1,0
3066,-,0,0,0,1,0
3067,-,0,0,0,1,0
3068,B,-1,0,2,1,1
3069,-,0,0,0,1,1
3070,-,0,1,0,1,0
3071,-,0,0,0,1,0
3072,C,1,0,2,1,1
3073,-,0,0,0,1,1
3074,-,0,-1,0,1,0
3075,A,1,0,3,1,1
3076,-,0,0,0,1,1
3077,-,0,0,0,1,1
3078,-,0,-1,0,1,0
3079,B,-1,0,2,1,1
3080,-,0,0,0,1,1
3081,-,0,1,0,1,0
3082,-,0,0,0,1,0
3083,-,0,0,0,1,0
3084,-,0,0,0,1,0
3085,C,1,0,4,1,1
3086,-,0,0,0,1,1
3087,A,1,0,2,1,2
3088,-,0,0,0,1,2
3089,-,0,-2,0,1,0
3090,-,0,0,0,1,0
3091,-,0,0,0,1,0
3092,-,0,0,0,1,0
3093,-,0,0,0,1,0
3094,B,1,0,3,1,1
3095,-,0,0,0,1,1
3096,-,0,0,0,1,1
3097,-,0,-1,0,1,0
3098,-,0,0,0,1,0
3099,-,0,0,0,1,0
3100,-,0,0,0,1,0
3101,-,0,0,0,1,0
3102,-,0,0,0,1,0
3103,C,-1,0,2,1,1
3104,-,0,0,0,1,1
3105,A,-1,1,1,1,1
3106,-,0,1,0,1,0
3107,-,0,0,0,1,0
3108,-,0,0,0,1,0
3109,-,0,0,0,1,0
3110,-,0,0,0,1,0
3111,-,0,0,0,1,0
3112,-,0,0,0,1,0
3113,-,0,0,0,1,0
3114,-,0,0,0,1,0
3115,-,0,0,0,1,0
3116,-,0,0,0,1,0
3117,-,0,0,0,1,0
3118,-,0,0,0,1,0
3119,-,0,0,0,1,0
3120,-,0,0,0,1,0
3121,B,-1,0,1,1,1
3122,-,0,1,0,1,0
3123,C,1,0,2,1,1
3124,-,0,0,0,1,1
3125,-,0,-1,0,1,0
3126,A,-1,0,4,1,1
3127,-,0,0,0,1,1
3128,B,1,0,1,1,2
3129,C,-1,-1,1,1,2
3130,-,0,2,0,1,0
3131,-,0,0,0,1,0
3132,-,0,0,0,1,0
3133,-,0,0,0,1,0
3134,A,-1,0,2,1,1
3135,B,1,0,2,1,2
3136,-,0,1,0,1,1
3137,-,0,-1,0,1,0
3138,C,-1,0,2,1,1
3139,A,-1,0,4,1,2
3140,-,0,1,0,1,1
3141,-,0,0,0,1,1
3142,-,0,0,0,1,1
3143,-,0,1,0,1,0
3144,B,1,0,2,1,1
3145,-,0,0,0,1,1
3146,-,0,-1,0,1,0
3147,-,0,0,0,1,0
3148,-,0,0,0,1,0
3149,-,0,0,0,1,0
3150,-,0,0,0,1,0
3151,C,1,0,3,1,1
3152,A,1,0,2,1,2
3153,-,0,0,0,1,2
3154,-,0,-2,0,1,0
3155,B,-1,0,2,1,1
3156,C,1,0,2,1,2
3157,-,0,1,0,1,1
3158,-,0,-1,0,1,0
3159,-,0,0,0,1,0
3160,A,1,0,3,1,1
3161,-,0,0,0,1,1
3162,-,0,0,0,1,1
3163,-,0,-1,0,1,0
3164,-,0,0,0,1,0
3165,B,1,0,2,1,1
3166,-,0,0,0,1,1
3167,-,0,-1,0,1,0
3168,-,0,0,0,1,0
3169,-,0,0,0,1,0
3170,-,0,0,0,1,0
3171,-,0,0,0,1,0
3172,-,0,0,0,1,0
3173,-,0,0,0,1,0
3174,C,-1,0,3,1,1
3175,A,-1,0,4,1,2
3176,B,-1,0,1,1,3
3177,-,0,2,0,1,1
3178,C,-1,0,2,1,2
3179,-,0,1,0,1,1
3180,A,-1,1,4,1,1
3181,B,-1,0,2,1,2
3182,-,0,0,0,1,2
3183,-,0,1,0,1,1
3184,-,0,1,0,1,0
3185,-,0,0,0,1,0
3186,-,0,0,0,1,0
3187,C,1,0,2,1,1
3188,A,1,0,3,1,2
3189,B,1,-1,2,0,2
3190,C,1,0,4,0,3
3191,-,0,-2,0,0,1
3192,A,1,0,2,0,2
3193,B,1,0,2,0,3
3194,-,0,-2,0,0,1
3195,C,1,-1,2,1,1
3196,-,0,0,0,1,1
3197,-,0,-1,0,1,0
3198,-,0,0,0,1,0
3199,A,-1,0,3,1,1
3200,-,0,0,0,1,1
3201,-,0,0,0,1,1
3202,B,-1,1,1,1,1
3203,-,0,1,0,1,0
3204,-,0,0,0,1,0
3205,-,0,0,0,1,0
3206,-,0,0,0,1,0
3207,C,1,0,1,1,1
3208,-,0,-1,0,1,0
3209,A,-1,0,2,1,1
3210,B,1,0,2,1,2
3211,-,0,1,0,1,1
3212,C,-1,-1,2,1,1
3213,-,0,0,0,1,1
3214,-,0,1,0,1,0
3215,-,0,0,0,1,0
3216,-,0,0,0,1,0
3217,-,0,0,0,1,0
3218,-,0,0,0,1,0
3219,-,0,0,0,1,0
3220,A,-1,0,3,1,1
3221,-,0,0,0,1,1
3222,B,-1,0,2,1,2
3223,-,0,1,0,1,1
3224,-,0,1,0,1,0
3225,-,0,0,0,1,0
3226,-,0,0,0,1,0
3227,-,0,0,0,1,0
3228,-,0,0,0,1,0
3229,-,0,0,0,1,0
3230,-,0,0,0,1,0
3231,-,0,0,0,1,0
3232,C,-1,0,2,1,1
3233,-,0,0,0,1,1
3234,-,0,1,0,1,0
3235,-,0,0,0,1,0
3236,A,1,0,3,1,1
3237,B,-1,0,2,1,2
3238,C,-1,0,1,1,3
3239,-,0,1,0,1,0
3240,-,0,0,0,1,0
3241,A,-1,0,4,1,1
3242,-,0,0,0,1,1
3243,-,0,0,0,1,1
3244,-,0,0,0,1,1
3245,-,0,1,0,1,0
3246,-,0,0,0,1,0
3247,-,0,0,0,1,0
3248,-,0,0,0,1,0
3249,B,1,0,1,1,1
3250,-,0,-1,0,1,0
3251,-,0,0,0,1,0
3252,-,0,0,0,1,0
3253,-,0,0,0,1,0
3254,-,0,0,0,1,0
3255,-,0,0,0,1,0
3256,-,0,0,0,1,0
3257,-,0,0,0,1,0
3258,-,0,0,0,1,0
3259,-,0,0,0,1,0
3260,-,0,0,0,1,0
3261,-,0,0,0,1,0
3262,C,-1,0,3,1,1
3263,-,0,0,0,1,1
3264,A,1,0,4,1,2
3265,-,0,1,0,1,1
3266,-,0,0,0,1,1
3267,-,0,0,0,1,1
3268,-,0,-1,0,1,0
3269,-,0,0,0,1,0
3270,B,-1,0,3,1,1
3271,-,0,0,0,1,1
3272,-,0,0,0,1,1
3273,-,0,1,0,1,0
3274,-,0,0,0,1,0
3275,-,0,0,0,1,0
3276,-,0,0,0,1,0
3277,-,0,0,0,1,0
3278,-,0,0,0,1,0
3279,-,0,0,0,1,0
3280,-,0,0,0,1,0
3281,-,0,0,0,1,0
3282,C,1,0,2,1,1
3283,-,0,0,0,1,1
3284,-,0,-1,0,1,0
3285,A,-1,0,2,1,1
3286,-,0,0,0,1,1
3287,-,0,1,0,1,0
3288,-,0,0,0,1,0
3289,B,-1,0,3,1,1
3290,-,0,0,0,1,1
3291,-,0,0,0,1,1
3292,-,0,1,0,1,0
3293,-,0,0,0,1,0
3294,C,-1,0,3,1,1
3295,-,0,0,0,1,1
3296,A,1,0,2,1,2
3297,-,0,1,0,1,1
3298,-,0,-1,0,1,0
3299,-,0,0,0,1,0
3300,B,-1,0,3,1,1
3301,-,0,0,0,1,1
3302,-,0,0,0,1,1
3303,-,0,1,0,1,0
3304,-,0,0,0,1,0
3305,-,0,0,0,1,0
3306,-,0,0,0,1,0
3307,-,0,0,0,1,0
3308,-,0,0,0,1,0
3309,-,0,0,0,1,0
3310,-,0,0,0,1,0
3311,-,0,0,0,1,0
3312,-,0,0,0,1,0
3313,C,-1,0,4,1,1
3314,-,0,0,0,1,1
3315,-,0,0,0,1,1
3316,-,0,0,0,1,1
3317,A,1,1,1,1,1
3318,-,0,-1,0,1,0
3319,-,0,0,0,1,0
3320,-,0,0,0,1,0
3321,-,0,0,0,1,0
3322,-,0,0,0,1,0
3323,-,0,0,0,1,0
3324,-,0,0,0,1,0
3325,-,0,0,0,1,0
3326,-,0,0,0,1,0
3327,-,0,0,0,1,0
3328,B,-1,0,2,1,1
3329,-,0,0,0,1,1
3330,-,0,1,0,1,0
3331,-,0,0,0,1,0
3332,C,-1,0,2,1,1
3333,-,0,0,0,1,1
3334,-,0,1,0,1,0
3335,-,0,0,0,1,0
3336,-,0,0,0,1,0
3337,-,0,0,0,1,0
3338,-,0,0,0,1,0
3339,-,0,0,0,1,0
3340,A,1,0,1,1,1
3341,-,0,-1,0,1,0
3342,-,0,0,0,1,0
3343,-,0,0,0,1,0
3344,-,0,0,0,1,0
3345,-,0,0,0,1,0
3346,B,1,0,2,1,1
3347,C,-1,0,4,1,2
3348,-,0,-1,0,1,1
3349,A,1,0,2,1,2
3350,-,0,0,0,1,2
3351,-,0,0,0,1,0
3352,B,1,0,2,1,1
3353,-,0,0,0,1,1
3354,-,0,-1,0,1,0
3355,-,0,0,0,1,0
3356,-,0,0,0,1,0
3357,-,0,0,0,1,0
3358,-,0,0,0,1,0
3359,C,-1,0,1,1,1
3360,-,0,1,0,1,0
3361,-,0,0,0,1,0
3362,-,0,0,0,1,0
3363,-,0,0,0,1,0
3364,-,0,0,0,1,0
3365,-,0,0,0,1,0
3366,-,0,0,0,1,0
3367,-,0,0,0,1,0
3368,A,-1,0,2,1,1
3369,B,-1,0,2,1,2
3370,C,1,1,4,1,2
3371,-,0,1,0,1,1
3372,-,0,0,0,1,1
3373,A,1,0,2,1,2
3374,B,-1,-1,4,1,2
3375,-,0,-1,0,1,1
3376,-,0,0,0,1,1
3377,C,-1,0,2,1,2
3378,-,0,1,0,1,1
3379,-,0,1,0,1,0
3380,-,0,0,0,1,0
3381,A,-1,0,2,1,1
3382,B,-1,0,2,1,2
3383,C,-1,1,2,1,2
3384,-,0,1,0,1,1
3385,A,-1,1,2,1,1
3386,B,-1,0,2,1,2
3387,-,0,1,0,1,1
3388,-,0,1,0,1,0
3389,-,0,0,0,1,0
3390,C,-1,0,2,1,1
3391,A,1,0,2,1,2
3392,B,1,1,2,1,2
3393,C,-1,-1,2,1,2
3394,-,0,-1,0,1,1
3395,-,0,1,0,1,0
3396,A,-1,0,3,1,1
3397,-,0,0,0,1,1
3398,-,0,0,0,1,1
3399,-,0,1,0,1,0
3400,-,0,0,0,1,0
3401,-,0,0,0,1,0
3402,-,0,0,0,1,0
3403,B,1,0,4,1,1
3404,-,0,0,0,1,1
3405,-,0,0,0,1,1
3406,-,0,0,0,1,1
3407,-,0,-1,0,1,0
3408,-,0,0,0,1,0
3409,C,-1,0,1,1,1
3410,-,0,1,0,1,0
3411,-,0,0,0,1,0
3412,A,1,0,2,1,1
3413,-,0,0,0,1,1
3414,B,-1,-1,2,1,1
3415,-,0,0,0,1,1
3416,-,0,1,0,1,0
3417,C,1,0,4,1,1
3418,-,0,0,0,1,1
3419,-,0,0,0,1,1
3420,-,0,0,0,1,1
3421,-,0,-1,0,1,0
3422,-,0,0,0,1,0
3423,-,0,0,0,1,0
3424,-,0,0,0,1,0
3425,-,0,0,0,1,0
3426,-,0,0,0,1,0
3427,A,-1,0,2,1,1
3428,-,0,0,0,1,1
3429,B,1,1,3,1,1
3430,C,-1,0,3,1,2
3431,-,0,0,0,1,2
3432,A,1,-1,1,1,2
3433,B,-1,0,2,1,1
3434,-,0,0,0,1,1
3435,-,0,1,0,1,0
3436,-,0,0,0,1,0
3437,-,0,0,0,1,0
3438,-,0,0,0,1,0
3439,C,1,0,2,1,1
3440,-,0,0,0,1,1
3441,A,-1,-1,2,1,1
3442,-,0,0,0,1,1
3443,B,1,1,4,1,1
3444,-,0,0,0,1,1
3445,C,1,0,2,1,2
3446,-,0,0,0,1,2
3447,-,0,-2,0,1,0
3448,-,0,0,0,1,0
3449,-,0,0,0,1,0
3450,-,0,0,0,1,0
3451,-,0,0,0,1,0
3452,A,-1,0,2,1,1
3453,-,0,0,0,1,1
3454,-,0,1,0,1,0
3455,-,0,0,0,1,0
3456,-,0,0,0,1,0
3457,-,0,0,0,1,0
3458,-,0,0,0,1,0
3459,-,0,0,0,1,0
3460,-,0,0,0,1,0
3461,-,0,0,0,1,0
3462,B,-1,0,2,1,1
3463,-,0,0,0,1,1
3464,-,0,1,0,1,0
3465,-,0,0,0,1,0
3466,-,0,0,0,1,0
3467,-,0,0,0,1,0
3468,C,1,0,2,1,1
3469,-,0,0,0,1,1
3470,A,-1,-1,2,1,1
3471,-,0,0,0,1,1
3472,-,0,1,0,1,0
3473,B,1,0,2,1,1
3474,-,0,0,0,1,1
3475,C,-1,-1,2,1,1
3476,-,0,0,0,1,1
3477,-,0,1,0,1,0
3478,-,0,0,0,1,0
3479,A,-1,0,2,1,1
3480,-,0,0,0,1,1
3481,-,0,1,0,1,0
3482,-,0,0,0,1,0
3483,-,0,0,0,1,0
3484,-,0,0,0,1,0
3485,B,-1,0,2,1,1
3486,-,0,0,0,1,1
3487,-,0,1,0,1,0
3488,-,0,0,0,1,0
3489,-,0,0,0,1,0
3490,-,0,0,0,1,0
3491,-,0,0,0,1,0
3492,C,-1,0,4,1,1
3493,-,0,0,0,1,1
3494,-,0,0,0,1,1
3495,-,0,0,0,1,1
3496,-,0,1,0,1,0
3497,A,-1,0,2,1,1
3498,-,0,0,0,1,1
3499,-,0,1,0,1,0
3500,B,-1,0,3,1,1
3501,-,0,0,0,1,1
3502,-,0,0,0,1,1
3503,-,0,1,0,1,0
3504,C,-1,0,2,1,1
3505,A,-1,0,3,1,2
3506,B,-1,1,2,1,2
3507,-,0,0,0,1,2
3508,C,1,2,2,1,1
3509,-,0,0,0,1,1
3510,A,-1,-1,2,1,1
3511,-,0,0,0,1,1
3512,-,0,1,0,1,0
3513,-,0,0,0,1,0
3514,B,-1,0,2,1,1
3515,-,0,0,0,1,1
3516,-,0,1,0,1,0
3517,-,0,0,0,1,0
3518,C,1,0,3,1,1
3519,A,1,0,1,1,2
3520,-,0,-1,0,1,1
3521,-,0,-1,0,1,0
3522,-,0,0,0,1,0
3523,B,-1,0,2,1,1
3524,C,1,0,3,1,2
3525,-,0,1,0,1,1
3526,-,0,0,0,1,1
3527,-,0,-1,0,1,0
3528,-,0,0,0,1,0
3529,-,0,0,0,1,0
3530,-,0,0,0,1,0
3531,-,0,0,0,1,0
3532,A,-1,0,3,1,1
3533,B,-1,0,2,1,2
3534,-,0,0,0,1,2
3535,-,0,2,0,1,0
3536,C,1,0,2,1,1
3537,-,0,0,0,1,1
3538,-,0,-1,0,1,0
3539,-,0,0,0,1,0
3540,-,0,0,0,1,0
3541,-,0,0,0,1,0
3542,-,0,0,0,1,0
3543,A,-1,0,3,1,1
3544,-,0,0,0,1,1
3545,-,0,0,0,1,1
3546,-,0,1,0,1,0
3547,-,0,0,0,1,0
3548,-,0,0,0,1,0
3549,-,0,0,0,1,0
3550,-,0,0,0,1,0
3551,B,1,0,4,1,1
3552,-,0,0,0,1,1
3553,C,-1,0,2,1,2
3554,-,0,0,0,1,2
3555,-,0,0,0,1,0
3556,-,0,0,0,1,0
3557,A,1,0,2,1,1
3558,-,0,0,0,1,1
3559,-,0,-1,0,1,0
3560,-,0,0,0,1,0
3561,-,0,0,0,1,0
3562,-,0,0,0,1,0
3563,-,0,0,0,1,0
3564,-,0,0,0,1,0
3565,B,-1,0,2,1,1
3566,-,0,0,0,1,1
3567,C,-1,1,1,1,1
3568,-,0,1,0,1,0
3569,-,0,0,0,1,0
3570,-,0,0,0,1,0
3571,-,0,0,0,1,0
3572,-,0,0,0,1,0
3573,-,0,0,0,1,0
3574,-,0,0,0,1,0
3575,-,0,0,0,1,0
3576,-,0,0,0,1,0
3577,-,0,0,0,1,0
3578,-,0,0,0,1,0
3579,-,0,0,0,1,0
3580,A,-1,0,3,1,1
3581,-,0,0,0,1,1
3582,-,0,0,0,1,1
3583,-,0,1,0,1,0
3584,-,0,0,0,1,0
3585,-,0,0,0,1,0
3586,-,0,0,0,1,0
3587,-,0,0,0,1,0
3588,B,-1,0,2,1,1
3589,-,0,0,0,1,1
3590,-,0,1,0,1,0
3591,-,0,0,0,1,0
3592,-,0,0,0,1,0
3593,C,1,0,2,1,1
3594,A,-1,0,2,1,2
3595,-,0,-1,0,1,1
3596,-,0,1,0,1,0
3597,-,0,0,0,1,0
3598,-,0,0,0,1,0
3599,-,0,0,0,1,0
3600,B,-1,0,1,1,1
3601,-,0,1,0,1,0
3602,-,0,0,0,1,0
3603,-,0,0,0,1,0
3604,-,0,0,0,1,0
3605,-,0,0,0,1,0
3606,-,0,0,0,1,0
3607,-,0,0,0,1,0
3608,-,0,0,0,1,0
3609,-,0,0,0,1,0
3610,-,0,0,0,1,0
3611,-,0,0,0,1,0
3612,C,-1,0,3,1,1
3613,A,1,0,1,1,2
3614,B,-1,-1,3,1,2
3615,-,0,1,0,1,1
3616,-,0,0,0,1,1
3617,-,0,1,0,1,0
3618,-,0,0,0,1,0
3619,-,0,0,0,1,0
3620,-,0,0,0,1,0
3621,-,0,0,0,1,0
3622,-,0,0,0,1,0
3623,-,0,0,0,1,0
3624,-,0,0,0,1,0
3625,C,-1,0,2,1,1
3626,A,1,0,2,1,2
3627,-,0,1,0,1,1
3628,-,0,-1,0,1,0
3629,-,0,0,0,1,0
3630,-,0,0,0,1,0
3631,-,0,0,0,1,0
3632,-,0,0,0,1,0
3633,-,0,0,0,1,0
3634,B,-1,0,3,1,1
3635,-,0,0,0,1,1
3636,-,0,0,0,1,1
3637,C,-1,1,2,1,1
3638,-,0,0,0,1,1
3639,-,0,1,0,1,0
3640,-,0,0,0,1,0
3641,-,0,0,0,1,0
3642,-,0,0,0,1,0
3643,-,0,0,0,1,0
3644,A,-1,0,3,1,1
3645,-,0,0,0,1,1
3646,-,0,0,0,1,1
3647,B,-1,1,4,1,1
3648,-,0,0,0,1,1
3649,-,0,0,0,1,1
3650,-,0,0,0,1,1
3651,-,0,1,0,1,0
3652,C,-1,0,2,1,1
3653,-,0,0,0,1,1
3654,-,0,1,0,1,0
3655,-,0,0,0,1,0
3656,-,0,0,0,1,0
3657,-,0,0,0,1,0
3658,-,0,0,0,1,0
3659,-,0,0,0,1,0
3660,-,0,0,0,1,0
3661,-,0,0,0,1,0
3662,-,0,0,0,1,0
3663,-,0,0,0,1,0
3664,A,-1,0,2,1,1
3665,-,0,0,0,1,1
3666,B,-1,1,2,1,1
3667,-,0,0,0,1,1
3668,-,0,1,0,1,0
3669,-,0,0,0,1,0
3670,C,1,0,3,1,1
3671,-,0,0,0,1,1
3672,-,0,0,0,1,1
3673,-,0,-1,0,1,0
3674,-,0,0,0,1,0
3675,-,0,0,0,1,0
3676,-,0,0,0,1,0
3677,A,1,0,2,1,1
3678,-,0,0,0,1,1
3679,-,0,-1,0,1,0
3680,-,0,0,0,1,0
3681,-,0,0,0,1,0
3682,-,0,0,0,1,0
3683,B,-1,0,2,1,1
3684,-,0,0,0,1,1
3685,-,0,1,0,1,0
3686,-,0,0,0,1,0
3687,C,1,0,2,1,1
3688,-,0,0,0,1,1
3689,A,-1,-1,3,1,1
3690,-,0,0,0,1,1
3691,-,0,0,0,1,1
3692,-,0,1,0,1,0
3693,-,0,0,0,1,0
3694,B,-1,0,2,1,1
3695,C,-1,0,2,1,2
3696,-,0,1,0,1,1
3697,-,0,1,0,1,0
3698,-,0,0,0,1,0
3699,A,-1,0,4,1,1
3700,-,0,0,0,1,1
3701,-,0,0,0,1,1
3702,B,-1,0,2,1,2
3703,-,0,1,0,1,1
3704,-,0,1,0,1,0
3705,-,0,0,0,1,0
3706,C,-1,0,2,1,1
3707,-,0,0,0,1,1
3708,-,0,1,0,1,0
3709,-,0,0,0,1,0
3710,-,0,0,0,1,0
3711,-,0,0,0,1,0
3712,-,0,0,0,1,0
3713,-,0,0,0,1,0
3714,-,0,0,0,1,0
3715,-,0,0,0,1,0
3716,-,0,0,0,1,0
3717,-,0,0,0,1,0
3718,-,0,0,0,1,0
3719,A,1,0,4,1,1
3720,-,0,0,0,1,1
3721,-,0,0,0,1,1
3722,-,0,0,0,1,1
3723,B,1,-1,3,1,1
3724,-,0,0,0,1,1
3725,-,0,0,0,1,1
3726,-,0,-1,0,1,0
3727,-,0,0,0,1,0
3728,-,0,0,0,1,0
3729,-,0,0,0,1,0
3730,-,0,0,0,1,0
3731,-,0,0,0,1,0
3732,-,0,0,0,1,0
3733,-,0,0,0,1,0
3734,-,0,0,0,1,0
3735,-,0,0,0,1,0
3736,-,0,0,0,1,0
3737,C,1,0,2,0,1
3738,-,0,0,0,0,1
3739,-,0,-1,0,0,0
3740,-,0,0,0,0,0
3741,A,1,0,2,0,1
3742,-,0,0,0,0,1
3743,-,0,-1,0,0,0
3744,-,0,0,0,0,0
3745,B,1,0,3,0,1
3746,-,0,0,0,0,1
3747,-,0,0,0,0,1
3748,-,0,-1,0,0,0
3749,C,-1,0,2,0,1
3750,A,1,0,2,0,2
3751,-,0,1,0,0,1
3752,B,-1,-1,2,0,1
3753,C,1,0,2,0,2
3754,-,0,1,0,0,1
3755,-,0,-1,0,0,0
3756,A,1,0,2,0,1
3757,-,0,0,0,0,1
3758,-,0,-1,0,0,0
3759,B,-1,0,2,0,1
3760,C,-1,0,3,0,2
3761,-,0,1,0,0,1
3762,-,0,0,0,0,1
3763,-,0,1,0,0,0
3764,-,0,0,0,0,0
3765,A,1,0,4,0,1
3766,B,1,0,4,0,2
3767,C,1,0,2,0,3
3768,A,-1,0,3,0,4
3769,B,1,-2,2,0,3
3770,C,1,-1,1,0,3
3771,-,0,-1,0,0,0
3772,A,1,0,4,0,1
3773,B,1,0,2,1,2
3774,-,0,0,0,1,2
3775,C,-1,-1,1,1,2
3776,-,0,0,0,1,0
3777,-,0,0,0,1,0
3778,-,0,0,0,1,0
3779,-,0,0,0,1,0
3780,A,1,0,2,1,1
3781,-,0,0,0,1,1
3782,-,0,-1,0,1,0
3783,B,-1,0,2,1,1
3784,-,0,0,0,1,1
3785,-,0,1,0,1,0
3786,-,0,0,0,1,0
3787,C,1,0,2,1,1
3788,A,-1,0,2,1,2
3789,B,-1,-1,2,1,2
3790,C,-1,1,2,1,2
3791,-,0,1,0,1,1
3792,A,1,1,3,1,1
3793,-,0,0,0,1,1
3794,-,0,0,0,1,1
3795,-,0,-1,0,1,0
3796,-,0,0,0,1,0
3797,B,1,0,2,1,1
3798,C,1,0,3,0,2
3799,-,0,-1,0,0,1
3800,-,0,0,0,0,1
3801,-,0,-1,0,0,0
3802,A,-1,0,2,0,1
3803,-,0,0,0,0,1
3804,B,1,1,2,0,1
3805,C,1,0,2,0,2
3806,-,0,-1,0,0,1
3807,A,1,-1,4,0,1
3808,B,1,0,2,1,2
3809,C,1,0,2,1,3
3810,-,0,-1,0,1,2
3811,-,0,-2,0,1,0
3812,-,0,0,0,1,0
3813,-,0,0,0,1,0
3814,-,0,0,0,1,0
3815,A,-1,0,2,1,1
3816,B,1,0,2,1,2
3817,-,0,1,0,1,1
3818,C,-1,-1,1,1,1
3819,-,0,1,0,1,0
3820,A,-1,0,1,1,1
3821,-,0,1,0,1,0
3822,-,0,0,0,1,0
3823,-,0,0,0,1,0
3824,-,0,0,0,1,0
3825,-,0,0,0,1,0
3826,B,-1,0,2,1,1
3827,C,-1,0,3,1,2
3828,-,0,1,0,1,1
3829,-,0,0,0,1,1
3830,A,-1,1,2,1,1
3831,B,-1,0,1,1,2
3832,-,0,2,0,1,0
3833,-,0,0,0,1,0
3834,-,0,0,0,1,0
3835,C,1,0,3,1,1
3836,-,0,0,0,1,1
3837,A,-1,0,3,1,2
3838,-,0,-1,0,1,1
3839,-,0,0,0,1,1
3840,-,0,1,0,1,0
3841,-,0,0,0,1,0
3842,-,0,0,0,1,0
3843,-,0,0,0,1,0
3844,-,0,0,0,1,0
3845,-,0,0,0,1,0
3846,-,0,0,0,1,0
3847,-,0,0,0,1,0
3848,B,-1,0,1,1,1
3849,-,0,1,0,1,0
3850,-,0,0,0,1,0
3851,-,0,0,0,1,0
3852,C,-1,0,2,1,1
3853,-,0,0,0,1,1
3854,A,-1,1,2,1,1
3855,-,0,0,0,1,1
3856,-,0,1,0,1,0
3857,-,0,0,0,1,0
3858,B,-1,0,2,1,1
3859,C,-1,0,4,1,2
3860,A,1,1,1,1,2
3861,-,0,-1,0,1,1
3862,-,0,0,0,1,1
3863,-,0,1,0,1,0
3864,B,-1,0,2,1,1
3865,C,-1,0,3,1,2
3866,-,0,1,0,1,1
3867,-,0,0,0,1,1
3868,-,0,1,0,1,0
3869,-,0,0,0,1,0
3870,-,0,0,0,1,0
3871,A,-1,0,2,1,1
3872,-,0,0,0,1,1
3873,B,-1,1,4,1,1
3874,-,0,0,0,1,1
3875,-,0,0,0,1,1
3876,C,-1,0,2,1,2
3877,-,0,1,0,1,1
3878,-,0,1,0,1,0
3879,-,0,0,0,1,0
3880,A,-1,0,2,1,1
3881,B,-1,0,2,1,2
3882,-,0,1,0,1,1
3883,-,0,1,0,1,0
3884,C,1,0,4,1,1
3885,-,0,0,0,1,1
3886,-,0,0,0,1,1
3887,-,0,0,0,1,1
3888,-,0,-1,0,1,0
3889,-,0,0,0,1,0
3890,A,1,0,2,1,1
3891,B,1,0,3,1,2
3892,-,0,-1,0,1,1
3893,C,-1,0,2,1,2
3894,A,1,-1,1,1,2
3895,-,0,0,0,1,0
3896,B,1,0,1,1,1
3897,-,0,-1,0,1,0
3898,C,1,0,2,1,1
3899,-,0,0,0,1,1
3900,-,0,-1,0,1,0
3901,-,0,0,0,1,0
3902,-,0,0,0,1,0
3903,-,0,0,0,1,0
3904,-,0,0,0,1,0
3905,-,0,0,0,1,0
3906,-,0,0,0,1,0
3907,-,0,0,0,1,0
3908,-,0,0,0,1,0
3909,-,0,0,0,1,0
3910,-,0,0,0,1,0
3911,A,-1,0,2,1,1
3912,-,0,0,0,1,1
3913,-,0,1,0,1,0
3914,-,0,0,0,1,0
3915,-,0,0,0,1,0
3916,-,0,0,0,1,0
3917,B,-1,0,2,1,1
3918,-,0,0,0,1,1
3919,-,0,1,0,1,0
3920,C,-1,0,1,1,1
3921,-,0,1,0,1,0
3922,A,1,0,3,1,1
3923,-,0,0,0,1,1
3924,-,0,0,0,1,1
3925,-,0,-1,0,1,0
3926,-,0,0,0,1,0
3927,-,0,0,0,1,0
3928,-,0,0,0,1,0
3929,-,0,0,0,1,0
3930,B,-1,0,2,1,1
3931,-,0,0,0,1,1
3932,-,0,1,0,1,0
3933,-,0,0,0,1,0
3934,-,0,0,0,1,0
3935,-,0,0,0,1,0
3936,C,-1,0,2,1,1
3937,-,0,0,0,1,1
3938,-,0,1,0,1,0
3939,-,0,0,0,1,0
3940,-,0,0,0,1,0
3941,-,0,0,0,1,0
3942,-,0,0,0,1,0
3943,-,0,0,0,1,0
3944,A,-1,0,2,1,1
3945,-,0,0,0,1,1
3946,-,0,1,0,1,0
3947,-,0,0,0,1,0
3948,B,-1,0,2,1,1
3949,-,0,0,0,1,1
3950,-,0,1,0,1,0
3951,C,-1,0,3,1,1
3952,-,0,0,0,1,1
3953,-,0,0,0,1,1
3954,-,0,1,0,1,0
3955,-,0,0,0,1,0
3956,-,0,0,0,1,0
3957,-,0,0,0,1,0
3958,-,0,0,0,1,0
3959,A,1,0,1,1,1
3960,-,0,-1,0,1,0
3961,B,-1,0,2,1,1
3962,-,0,0,0,1,1
3963,C,-1,1,2,1,1
3964,A,1,0,2,1,2
3965,B,-1,1,2,1,2
3966,C,-1,-1,2,1,2
3967,A,1,1,1,1,2
3968,-,0,0,0,1,0
3969,-,0,0,0,1,0
3970,-,0,0,0,1,0
3971,-,0,0,0,1,0
3972,-,0,0,0,1,0
3973,-,0,0,0,1,0
3974,-,0,0,0,1,0
3975,-,0,0,0,1,0
3976,B,-1,0,2,1,1
3977,-,0,0,0,1,1
3978,-,0,1,0,1,0
3979,C,-1,0,3,1,1
3980,A,-1,0,2,1,2
3981,B,-1,0,2,1,3
3982,-,0,2,0,1,1
3983,-,0,1,0,1,0
3984,-,0,0,0,1,0
3985,-,0,0,0,1,0
3986,C,1,0,1,1,1
3987,-,0,-1,0,1,0
3988,-,0,0,0,1,0
3989,-,0,0,0,1,0
3990,-,0,0,0,1,0
3991,A,-1,0,3,1,1
3992,-,0,0,0,1,1
3993,-,0,0,0,1,1
3994,-,0,1,0,1,0
3995,-,0,0,0,1,0
3996,-,0,0,0,1,0
3997,-,0,0,0,1,0
3998,-,0,0,0,1,0
3999,B,-1,0,2,1,1
4000,-,0,0,0,1,1
4001,C,1,1,1,1,1
4002,A,-1,-1,2,1,1
4003,B,-1,0,2,1,2
4004,C,-1,1,3,1,2
4005,-,0,1,0,1,1
4006,-,0,0,0,1,1
4007,-,0,1,0,1,0
4008,A,1,0,2,1,1
4009,-,0,0,0,1,1
4010,-,0,-1,0,1,0
4011,-,0,0,0,1,0
4012,-,0,0,0,1,0
4013,-,0,0,0,1,0
4014,-,0,0,0,1,0
4015,B,1,0,2,1,1
4016,C,-1,0,2,1,2
4017,-,0,-1,0,1,1
4018,A,-1,1,2,1,1
4019,-,0,0,0,1,1
4020,-,0,1,0,1,0
4021,-,0,0,0,1,0
4022,-,0,0,0,1,0
4023,-,0,0,0,1,0
4024,B,-1,0,1,1,1
4025,C,-1,1,2,1,1
4026,A,-1,0,2,1,2
4027,B,1,1,3,1,2
4028,-,0,1,0,1,1
4029,-,0,0,0,1,1
4030,-,0,-1,0,1,0
4031,-,0,0,0,1,0
4032,C,-1,0,1,1,1
4033,-,0,1,0,1,0
4034,A,-1,0,3,1,1
4035,B,-1,0,2,1,2
4036,-,0,0,0,1,2
4037,-,0,2,0,1,0
4038,C,-1,0,2,1,1
4039,-,0,0,0,1,1
4040,-,0,1,0,1,0
4041,-,0,0,0,1,0
4042,-,0,0,0,1,0
4043,-,0,0,0,1,0
4044,-,0,0,0,1,0
4045,-,0,0,0,1,0
4046,-,0,0,0,1,0
4047,-,0,0,0,1,0
4048,-,0,0,0,1,0
4049,-,0,0,0,1,0
4050,-,0,0,0,1,0
4051,A,1,0,2,1,1
4052,-,0,0,0,1,1
4053,-,0,-1,0,1,0
4054,-,0,0,0,1,0
4055,B,1,0,4,1,1
4056,C,-1,0,2,1,2
4057,-,0,0,0,1,2
4058,-,0,1,0,1,1
4059,-,0,-1,0,1,0
4060,-,0,0,0,1,0
4061,-,0,0,0,1,0
4062,-,0,0,0,1,0
4063,A,-1,0,2,1,1
4064,B,-1,0,3,1,2
4065,-,0,1,0,1,1
4066,-,0,0,0,1,1
4067,-,0,1,0,1,0
4068,-,0,0,0,1,0
4069,C,-1,0,3,1,1
4070,-,0,0,0,1,1
4071,-,0,0,0,1,1
4072,-,0,1,0,1,0
4073,-,0,0,0,1,0
4074,-,0,0,0,1,0
4075,A,-1,0,1,1,1
4076,-,0,1,0,1,0
4077,B,1,0,2,1,1
4078,-,0,0,0,1,1
4079,C,-1,-1,3,1,1
4080,-,0,0,0,1,1
4081,-,0,0,0,1,1
4082,-,0,1,0,1,0
4083,-,0,0,0,1,0
4084,-,0,0,0,1,0
4085,A,-1,0,2,1,1
4086,-,0,0,0,1,1
4087,-,0,1,0,1,0
4088,-,0,0,0,1,0
4089,-,0,0,0,1,0
4090,B,-1,0,2,1,1
4091,-,0,0,0,1,1
4092,-,0,1,0,1,0
4093,-,0,0,0,1,0
4094,-,0,0,0,1,0
4095,-,0,0,0,1,0
4096,C,1,0,2,1,1
4097,-,0,0,0,1,1
4098,A,-1,-1,2,1,1
4099,-,0,0,0,1,1
4100,-,0,1,0,1,0
4101,B,1,0,2,1,1
4102,-,0,0,0,1,1
4103,C,-1,-1,2,1,1
4104,-,0,0,0,1,1
4105,A,1,1,1,1,1
4106,-,0,-1,0,1,0
4107,-,0,0,0,1,0
4108,B,-1,0,4,1,1
4109,-,0,0,0,1,1
4110,-,0,0,0,1,1
4111,-,0,0,0,1,1
4112,-,0,1,0,1,0
4113,-,0,0,0,1,0
4114,-,0,0,0,1,0
4115,C,1,0,3,1,1
4116,A,-1,0,3,1,2
4117,B,1,0,3,1,3
4118,-,0,-1,0,1,2
4119,-,0,1,0,1,1
4120,-,0,-1,0,1,0
4121,-,0,0,0,1,0
4122,C,-1,0,1,1,1
4123,-,0,1,0,1,0
4124,A,1,0,2,1,1
4125,-,0,0,0,1,1
4126,-,0,-1,0,1,0
4127,-,0,0,0,1,0
4128,-,0,0,0,1,0
4129,B,1,0,3,1,1
4130,-,0,0,0,1,1
4131,C,-1,0,4,1,2
4132,A,-1,-1,3,1,2
4133,-,0,0,0,1,2
4134,-,0,0,0,1,2
4135,-,0,2,0,1,0
4136,B,-1,0,2,1,1
4137,-,0,0,0,1,1
4138,-,0,1,0,1,0
4139,-,0,0,0,1,0
4140,-,0,0,0,1,0
4141,-,0,0,0,1,0
4142,C,1,0,2,1,1
4143,-,0,0,0,1,1
4144,-,0,-1,0,1,0
4145,-,0,0,0,1,0
4146,-,0,0,0,1,0
4147,-,0,0,0,1,0
4148,-,0,0,0,1,0
4149,-,0,0,0,1,0
4150,-,0,0,0,1,0
4151,A,1,0,4,1,1
4152,-,0,0,0,1,1
4153,-,0,0,0,1,1
4154,-,0,0,0,1,1
4155,-,0,-1,0,1,0
4156,-,0,0,0,1,0
4157,B,-1,0,3,1,1
4158,-,0,0,0,1,1
4159,C,-1,0,2,1,2
4160,-,0,1,0,1,1
4161,-,0,1,0,1,0
4162,-,0,0,0,1,0
4163,-,0,0,0,1,0
4164,-,0,0,0,1,0
4165,-,0,0,0,1,0
4166,-,0,0,0,1,0
4167,A,-1,0,4,1,1
4168,B,-1,0,2,1,2
4169,C,-1,0,2,1,3
4170,A,-1,1,3,1,3
4171,-,0,2,0,1,1
4172,-,0,0,0,1,1
4173,-,0,1,0,1,0
4174,B,-1,0,2,1,1
4175,-,0,0,0,1,1
4176,-,0,1,0,1,0
4177,-,0,0,0,1,0
4178,-,0,0,0,1,0
4179,-,0,0,0,1,0
4180,-,0,0,0,1,0
4181,-,0,0,0,1,0
4182,C,-1,0,2,1,1
4183,-,0,0,0,1,1
4184,A,1,1,2,1,1
4185,-,0,0,0,1,1
4186,-,0,-1,0,1,0
4187,-,0,0,0,1,0
4188,-,0,0,0,1,0
4189,B,-1,0,2,1,1
4190,-,0,0,0,1,1
4191,-,0,1,0,1,0
4192,C,1,0,4,1,1
4193,A,-1,0,2,1,2
4194,-,0,0,0,1,2
4195,-,0,1,0,1,1
4196,-,0,-1,0,1,0
4197,-,0,0,0,1,0
4198,-,0,0,0,1,0
4199,-,0,0,0,1,0
4200,-,0,0,0,1,0
4201,B,1,0,3,1,1
4202,-,0,0,0,1,1
4203,-,0,0,0,1,1
4204,C,-1,-1,2,1,1
4205,A,-1,0,3,1,2
4206,-,0,1,0,1,1
4207,B,-1,0,2,1,2
4208,C,1,1,4,1,2
4209,-,0,1,0,1,1
4210,-,0,0,0,1,1
4211,-,0,0,0,1,1
4212,-,0,-1,0,1,0
4213,-,0,0,0,1,0
4214,A,-1,0,2,1,1
4215,-,0,0,0,1,1
4216,-,0,1,0,1,0
4217,B,-1,0,1,1,1
4218,C,-1,1,2,1,1
4219,A,-1,0,2,1,2
4220,B,-1,1,2,1,2
4221,-,0,1,0,1,1
4222,-,0,1,0,1,0
4223,C,-1,0,2,1,1
4224,-,0,0,0,1,1
4225,-,0,1,0,1,0
4226,-,0,0,0,1,0
4227,-,0,0,0,1,0
4228,-,0,0,0,1,0
4229,-,0,0,0,1,0
4230,-,0,0,0,1,0
4231,A,1,0,2,1,1
4232,-,0,0,0,1,1
4233,-,0,-1,0,1,0
4234,B,1,0,2,1,1
4235,-,0,0,0,1,1
4236,C,1,-1,4,0,1
4237,A,1,0,1,0,2
4238,-,0,-1,0,0,1
4239,B,1,0,4,0,2
4240,C,1,-1,2,0,2
4241,A,1,0,2,1,3
4242,-,0,-1,0,1,2
4243,-,0,-2,0,1,0
4244,-,0,0,0,1,0
4245,B,-1,0,4,1,1
4246,C,1,0,2,1,2
4247,-,0,0,0,1,2
4248,-,0,-1,0,1,1
4249,-,0,1,0,1,0
4250,-,0,0,0,1,0
4251,-,0,0,0,1,0
4252,A,1,0,1,1,1
4253,-,0,-1,0,1,0
4254,-,0,0,0,1,0
4255,-,0,0,0,1,0
4256,-,0,0,0,1,0
4257,-,0,0,0,1,0
4258,-,0,0,0,1,0
4259,-,0,0,0,1,0
4260,-,0,0,0,1,0
4261,-,0,0,0,1,0
4262,-,0,0,0,1,0
4263,-,0,0,0,1,0
4264,-,0,0,0,1,0
4265,-,0,0,0,1,0
4266,-,0,0,0,1,0
4267,-,0,0,0,1,0
4268,-,0,0,0,1,0
4269,B,-1,0,3,1,1
4270,-,0,0,0,1,1
4271,-,0,0,0,1,1
4272,-,0,1,0,1,0
4273,C,-1,0,2,1,1
4274,-,0,0,0,1,1
4275,-,0,1,0,1,0
4276,-,0,0,0,1,0
4277,-,0,0,0,1,0
4278,-,0,0,0,1,0
4279,A,1,0,2,1,1
4280,-,0,0,0,1,1
4281,B,1,-1,1,1,1
4282,C,-1,-1,1,1,1
4283,-,0,1,0,1,0
4284,-,0,0,0,1,0
4285,-,0,0,0,1,0
4286,-,0,0,0,1,0
4287,A,1,0,2,1,1
4288,-,0,0,0,1,1
4289,-,0,-1,0,1,0
4290,-,0,0,0,1,0
4291,B,-1,0,2,1,1
4292,-,0,0,0,1,1
4293,-,0,1,0,1,0
4294,-,0,0,0,1,0
4295,-,0,0,0,1,0
4296,-,0,0,0,1,0
4297,-,0,0,0,1,0
4298,-,0,0,0,1,0
4299,-,0,0,0,1,0
4300,-,0,0,0,1,0
4301,-,0,0,0,1,0
4302,-,0,0,0,1,0
4303,-,0,0,0,1,0
4304,-,0,0,0,1,0
4305,-,0,0,0,1,0
4306,-,0,0,0,1,0
4307,-,0,0,0,1,0
4308,-,0,0,0,1,0
4309,-,0,0,0,1,0
4310,-,0,0,0,1,0
4311,C,-1,0,2,1,1
4312,-,0,0,0,1,1
4313,-,0,1,0,1,0
4314,-,0,0,0,1,0
4315,-,0,0,0,1,0
4316,-,0,0,0,1,0
4317,-,0,0,0,1,0
4318,-,0,0,0,1,0
4319,-,0,0,0,1,0
4320,-,0,0,0,1,0
4321,A,-1,0,2,1,1
4322,-,0,0,0,1,1
4323,-,0,1,0,1,0
4324,-,0,0,0,1,0
4325,-,0,0,0,1,0
4326,-,0,0,0,1,0
4327,B,1,0,4,1,1
4328,-,0,0,0,1,1
4329,-,0,0,0,1,1
4330,-,0,0,0,1,1
4331,-,0,-1,0,1,0
4332,-,0,0,0,1,0
4333,-,0,0,0,1,0
4334,-,0,0,0,1,0
4335,-,0,0,0,1,0
4336,-,0,0,0,1,0
4337,C,1,0,3,1,1
4338,-,0,0,0,1,1
4339,A,-1,0,1,1,2
4340,-,0,0,0,1,0
4341,-,0,0,0,1,0
4342,-,0,0,0,1,0
4343,-,0,0,0,1,0
4344,B,-1,0,2,1,1
4345,-,0,0,0,1,1
4346,-,0,1,0,1,0
4347,-,0,0,0,1,0
4348,-,0,0,0,1,0
4349,C,-1,0,3,1,1
4350,-,0,0,0,1,1
4351,-,0,0,0,1,1
4352,-,0,1,0,1,0
4353,-,0,0,0,1,0
4354,-,0,0,0,1,0
4355,-,0,0,0,1,0
4356,A,1,0,4,1,1
4357,-,0,0,0,1,1
4358,-,0,0,0,1,1
4359,-,0,0,0,1,1
4360,-,0,-1,0,1,0
4361,B,-1,0,2,1,1
4362,-,0,0,0,1,1
4363,-,0,1,0,1,0
4364,-,0,0,0,1,0
4365,-,0,0,0,1,0
4366,-,0,0,0,1,0
4367,-,0,0,0,1,0
4368,-,0,0,0,1,0
4369,-,0,0,0,1,0
4370,-,0,0,0,1,0
4371,-,0,0,0,1,0
4372,-,0,0,0,1,0
4373,-,0,0,0,1,0
4374,C,-1,0,2,1,1
4375,-,0,0,0,1,1
4376,-,0,1,0,1,0
4377,-,0,0,0,1,0
4378,-,0,0,0,1,0
4379,A,-1,0,2,1,1
4380,B,-1,0,1,1,2
4381,-,0,2,0,1,0
4382,C,-1,0,4,1,1
4383,-,0,0,0,1,1
4384,-,0,0,0,1,1
4385,A,-1,0,2,1,2
4386,-,0,1,0,1,1
4387,-,0,1,0,1,0
4388,B,1,0,3,1,1
4389,-,0,0,0,1,1
4390,-,0,0,0,1,1
4391,-,0,-1,0,1,0
4392,-,0,0,0,1,0
4393,-,0,0,0,1,0
4394,C,-1,0,4,1,1
4395,A,-1,0,2,1,2
4396,-,0,0,0,1,2
4397,-,0,1,0,1,1
4398,-,0,1,0,1,0
4399,-,0,0,0,1,0
4400,B,-1,0,2,1,1
4401,-,0,0,0,1,1
4402,C,-1,1,2,1,1
4403,-,0,0,0,1,1
4404,-,0,1,0,1,0
4405,-,0,0,0,1,0
4406,A,-1,0,4,1,1
4407,-,0,0,0,1,1
4408,-,0,0,0,1,1
4409,-,0,0,0,1,1
4410,-,0,1,0,1,0
4411,-,0,0,0,1,0
4412,-,0,0,0,1,0
4413,-,0,0,0,1,0
4414,B,-1,0,1,1,1
4415,C,1,1,4,1,1
4416,-,0,0,0,1,1
4417,A,-1,0,4,1,2
4418,B,1,0,2,1,3
4419,C,-1,-1,4,1,3
4420,-,0,-1,0,1,2
4421,A,-1,1,2,1,2
4422,-,0,0,0,1,2
4423,-,0,2,0,1,0
4424,B,-1,0,3,1,1
4425,-,0,0,0,1,1
4426,-,0,0,0,1,1
4427,-,0,1,0,1,0
4428,-,0,0,0,1,0
4429,-,0,0,0,1,0
4430,-,0,0,0,1,0
4431,C,-1,0,2,1,1
4432,A,1,0,4,1,2
4433,-,0,1,0,1,1
4434,-,0,0,0,1,1
4435,-,0,0,0,1,1
4436,-,0,-1,0,1,0
4437,-,0,0,0,1,0
4438,-,0,0,0,1,0
4439,B,-1,0,3,1,1
4440,-,0,0,0,1,1
4441,-,0,0,0,1,1
4442,-,0,1,0,1,0
4443,C,1,0,2,1,1
4444,-,0,0,0,1,1
4445,-,0,-1,0,1,0
4446,A,-1,0,2,1,1
4447,-,0,0,0,1,1
4448,-,0,1,0,1,0
4449,-,0,0,0,1,0
4450,B,1,0,2,1,1
4451,-,0,0,0,1,1
4452,-,0,-1,0,1,0
4453,-,0,0,0,1,0
4454,C,-1,0,2,1,1
4455,-,0,0,0,1,1
4456,-,0,1,0,1,0
4457,-,0,0,0,1,0
4458,-,0,0,0,1,0
4459,-,0,0,0,1,0
4460,-,0,0,0,1,0
4461,-,0,0,0,1,0
4462,A,1,0,3,1,1
4463,-,0,0,0,1,1
4464,-,0,0,0,1,1
4465,-,0,-1,0,1,0
4466,-,0,0,0,1,0
4467,-,0,0,0,1,0
4468,-,0,0,0,1,0
4469,B,1,0,2,1,1
4470,-,0,0,0,1,1
4471,C,1,-1,3,1,1
4472,A,-1,0,2,1,2
4473,-,0,0,0,1,2
4474,B,-1,0,3,1,1
4475,-,0,0,0,1,1
4476,-,0,0,0,1,1
4477,-,0,1,0,1,0
4478,C,-1,0,3,1,1
4479,-,0,0,0,1,1
4480,A,-1,0,2,1,2
4481,-,0,1,0,1,1
4482,-,0,1,0,1,0
4483,-,0,0,0,1,0
4484,-,0,0,0,1,0
4485,-,0,0,0,1,0
4486,-,0,0,0,1,0
4487,B,1,0,2,1,1
4488,-,0,0,0,1,1
4489,-,0,-1,0,1,0
4490,-,0,0,0,1,0
4491,C,-1,0,2,1,1
4492,-,0,0,0,1,1
4493,A,-1,1,2,1,1
4494,B,-1,0,2,1,2
4495,-,0,1,0,1,1
4496,-,0,1,0,1,0
4497,-,0,0,0,1,0
4498,C,-1,0,2,1,1
4499,-,0,0,0,1,1
4500,-,0,1,0,1,0
4501,-,0,0,0,1,0
4502,-,0,0,0,1,0
4503,-,0,0,0,1,0
4504,-,0,0,0,1,0
4505,-,0,0,0,1,0
4506,-,0,0,0,1,0
4507,-,0,0,0,1,0
4508,-,0,0,0,1,0
4509,A,1,0,3,1,1
4510,-,0,0,0,1,1
4511,-,0,0,0,1,1
4512,-,0,-1,0,1,0
4513,-,0,0,0,1,0
4514,-,0,0,0,1,0
4515,-,0,0,0,1,0
4516,B,1,0,2,1,1
4517,C,1,0,2,1,2
4518,A,-1,-1,2,1,2
4519,-,0,-1,0,1,1
4520,B,1,1,2,1,1
4521,-,0,0,0,1,1
4522,C,-1,-1,2,1,1
4523,-,0,0,0,1,1
4524,-,0,1,0,1,0
4525,-,0,0,0,1,0
4526,-,0,0,0,1,0
4527,-,0,0,0,1,0
4528,-,0,0,0,1,0
4529,-,0,0,0,1,0
4530,-,0,0,0,1,0
4531,A,-1,0,2,1,1
4532,-,0,0,0,1,1
4533,B,1,1,1,1,1
4534,-,0,-1,0,1,0
4535,C,1,0,4,1,1
4536,-,0,0,0,1,1
4537,-,0,0,0,1,1
4538,-,0,0,0,1,1
4539,-,0,-1,0,1,0
4540,A,1,0,3,1,1
4541,B,1,0,2,0,2
4542,C,-1,0,3,0,3
4543,-,0,-2,0,0,1
4544,A,1,0,3,0,2
4545,B,1,1,3,0,2
4546,C,1,0,4,0,3
4547,A,1,-1,2,1,3
4548,-,0,-1,0,1,2
4549,-,0,-1,0,1,1
4550,-,0,-1,0,1,0
4551,-,0,0,0,1,0
4552,-,0,0,0,1,0
4553,-,0,0,0,1,0
4554,-,0,0,0,1,0
4555,B,1,0,2,1,1
4556,-,0,0,0,1,1
4557,-,0,-1,0,1,0
4558,C,-1,0,2,1,1
4559,-,0,0,0,1,1
4560,-,0,1,0,1,0
4561,A,1,0,4,1,1
4562,-,0,0,0,1,1
4563,-,0,0,0,1,1
4564,-,0,0,0,1,1
4565,-,0,-1,0,1,0
4566,B,-1,0,2,1,1
4567,-,0,0,0,1,1
4568,C,-1,1,1,1,1
4569,-,0,1,0,1,0
4570,-,0,0,0,1,0
4571,-,0,0,0,1,0
4572,-,0,0,0,1,0
4573,-,0,0,0,1,0
4574,A,1,0,2,1,1
4575,-,0,0,0,1,1
4576,B,-1,-1,2,1,1
4577,-,0,0,0,1,1
4578,C,-1,1,1,1,1
4579,-,0,1,0,1,0
4580,-,0,0,0,1,0
4581,-,0,0,0,1,0
4582,-,0,0,0,1,0
4583,A,-1,0,2,1,1
4584,-,0,0,0,1,1
4585,B,-1,1,2,1,1
4586,-,0,0,0,1,1
4587,-,0,1,0,1,0
4588,-,0,0,0,1,0
4589,-,0,0,0,1,0
4590,-,0,0,0,1,0
4591,-,0,0,0,1,0
4592,-,0,0,0,1,0
4593,-,0,0,0,1,0
4594,C,-1,0,3,1,1
4595,-,0,0,0,1,1
4596,-,0,0,0,1,1
4597,-,0,1,0,1,0
4598,-,0,0,0,1,0
4599,-,0,0,0,1,0
4600,-,0,0,0,1,0
4601,-,0,0,0,1,0
4602,-,0,0,0,1,0
4603,-,0,0,0,1,0
4604,-,0,0,0,1,0
4605,-,0,0,0,1,0
4606,-,0,0,0,1,0
4607,-,0,0,0,1,0
4608,A,-1,0,2,1,1
4609,B,-1,0,2,1,2
4610,-,0,1,0,1,1
4611,-,0,1,0,1,0
4612,C,-1,0,2,1,1
4613,-,0,0,0,1,1
4614,-,0,1,0,1,0
4615,-,0,0,0,1,0
4616,-,0,0,0,1,0
4617,A,-1,0,2,1,1
4618,-,0,0,0,1,1
4619,-,0,1,0,1,0
4620,-,0,0,0,1,0
4621,-,0,0,0,1,0
4622,-,0,0,0,1,0
4623,-,0,0,0,1,0
4624,B,-1,0,4,1,1
4625,-,0,0,0,1,1
4626,-,0,0,0,1,1
4627,C,1,0,2,1,2
4628,-,0,1,0,1,1
4629,-,0,-1,0,1,0
4630,-,0,0,0,1,0
4631,A,-1,0,2,1,1
4632,-,0,0,0,1,1
4633,B,1,1,3,1,1
4634,-,0,0,0,1,1
4635,-,0,0,0,1,1
4636,-,0,-1,0,1,0
4637,-,0,0,0,1,0
4638,-,0,0,0,1,0
4639,C,-1,0,2,1,1
4640,-,0,0,0,1,1
4641,-,0,1,0,1,0
4642,-,0,0,0,1,0
4643,-,0,0,0,1,0
4644,-,0,0,0,1,0
4645,-,0,0,0,1,0
4646,A,1,0,4,1,1
4647,-,0,0,0,1,1
4648,-,0,0,0,1,1
4649,B,-1,0,2,1,2
4650,-,0,-1,0,1,1
4651,-,0,1,0,1,0
4652,-,0,0,0,1,0
4653,-,0,0,0,1,0
4654,-,0,0,0,1,0
4655,-,0,0,0,1,0
4656,-,0,0,0,1,0
4657,-,0,0,0,1,0
4658,-,0,0,0,1,0
4659,-,0,0,0,1,0
4660,-,0,0,0,1,0
4661,-,0,0,0,1,0
4662,-,0,0,0,1,0
4663,-,0,0,0,1,0
4664,-,0,0,0,1,0
4665,-,0,0,0,1,0
4666,C,-1,0,4,1,1
4667,A,-1,0,2,1,2
4668,-,0,0,0,1,2
4669,-,0,1,0,1,1
4670,B,-1,1,2,1,1
4671,-,0,0,0,1,1
4672,-,0,1,0,1,0
4673,-,0,0,0,1,0
4674,C,1,0,2,1,1
4675,-,0,0,0,1,1
4676,-,0,-1,0,1,0
4677,A,1,0,3,1,1
4678,-,0,0,0,1,1
4679,-,0,0,0,1,1
4680,-,0,-1,0,1,0
4681,-,0,0,0,1,0
4682,-,0,0,0,1,0
4683,-,0,0,0,1,0
4684,-,0,0,0,1,0
4685,B,-1,0,3,1,1
4686,C,-1,0,2,1,2
4687,-,0,0,0,1,2
4688,A,-1,2,2,1,1
4689,B,-1,0,1,1,2
4690,-,0,2,0,1,0
4691,-,0,0,0,1,0
4692,C,-1,0,2,1,1
4693,-,0,0,0,1,1
4694,-,0,1,0,1,0
4695,-,0,0,0,1,0
4696,A,1,0,2,1,1
4697,-,0,0,0,1,1
4698,-,0,-1,0,1,0
4699,-,0,0,0,1,0
4700,-,0,0,0,1,0
4701,B,-1,0,2,1,1
4702,C,-1,0,2,1,2
4703,-,0,1,0,1,1
4704,-,0,1,0,1,0
4705,A,-1,0,1,1,1
4706,-,0,1,0,1,0
4707,B,-1,0,1,1,1
4708,-,0,1,0,1,0
4709,-,0,0,0,1,0
4710,-,0,0,0,1,0
4711,C,-1,0,3,1,1
4712,-,0,0,0,1,1
4713,-,0,0,0,1,1
4714,-,0,1,0,1,0
4715,-,0,0,0,1,0
4716,A,-1,0,2,1,1
4717,B,-1,0,3,1,2
4718,C,1,1,2,1,2
4719,-,0,0,0,1,2
4720,-,0,0,0,1,0
4721,-,0,0,0,1,0
4722,-,0,0,0,1,0
4723,-,0,0,0,1,0
4724,-,0,0,0,1,0
4725,A,-1,0,2,1,1
4726,-,0,0,0,1,1
4727,-,0,1,0,1,0
4728,-,0,0,0,1,0
4729,-,0,0,0,1,0
4730,B,1,0,4,1,1
4731,-,0,0,0,1,1
4732,C,-1,0,1,1,2
4733,-,0,1,0,1,1
4734,-,0,-1,0,1,0
4735,-,0,0,0,1,0
4736,-,0,0,0,1,0
4737,-,0,0,0,1,0
4738,-,0,0,0,1,0
4739,-,0,0,0,1,0
4740,-,0,0,0,1,0
4741,-,0,0,0,1,0
4742,-,0,0,0,1,0
4743,-,0,0,0,1,0
4744,-,0,0,0,1,0
4745,A,-1,0,2,1,1
4746,B,1,0,1,1,2
4747,-,0,0,0,1,0
4748,-,0,0,0,1,0
4749,C,1,0,2,1,1
4750,-,0,0,0,1,1
4751,-,0,-1,0,1,0
4752,-,0,0,0,1,0
4753,A,1,0,2,1,1
4754,-,0,0,0,1,1
4755,-,0,-1,0,1,0
4756,-,0,0,0,1,0
4757,-,0,0,0,1,0
4758,-,0,0,0,1,0
4759,-,0,0,0,1,0
4760,-,0,0,0,1,0
4761,-,0,0,0,1,0
4762,-,0,0,0,1,0
4763,-,0,0,0,1,0
4764,-,0,0,0,1,0
4765,-,0,0,0,1,0
4766,-,0,0,0,1,0
4767,-,0,0,0,1,0
4768,-,0,0,0,1,0
4769,-,0,0,0,1,0
4770,B,-1,0,2,1,1
4771,C,-1,0,2,1,2
4772,A,-1,1,2,1,2
4773,-,0,1,0,1,1
4774,-,0,1,0,1,0
4775,-,0,0,0,1,0
4776,-,0,0,0,1,0
4777,-,0,0,0,1,0
4778,B,-1,0,1,1,1
4779,-,0,1,0,1,0
4780,C,-1,0,2,1,1
4781,-,0,0,0,1,1
4782,-,0,1,0,1,0
4783,A,1,0,2,1,1
4784,B,-1,0,4,1,2
4785,-,0,-1,0,1,1
4786,-,0,0,0,1,1
4787,-,0,0,0,1,1
4788,-,0,1,0,1,0
4789,C,-1,0,2,1,1
4790,A,1,0,4,1,2
4791,-,0,1,0,1,1
4792,-,0,0,0,1,1
4793,-,0,0,0,1,1
4794,-,0,-1,0,1,0
4795,-,0,0,0,1,0
4796,-,0,0,0,1,0
4797,B,-1,0,2,1,1
4798,C,-1,0,2,1,2
4799,-,0,1,0,1,1
4800,A,-1,1,4,1,1
4801,B,-1,0,3,1,2
4802,-,0,0,0,1,2
4803,C,-1,0,2,1,3
4804,A,-1,2,2,1,2
4805,-,0,1,0,1,1
4806,-,0,1,0,1,0
4807,-,0,0,0,1,0
4808,-,0,0,0,1,0
4809,-,0,0,0,1,0
4810,B,-1,0,4,1,1
4811,C,1,0,2,1,2
4812,-,0,0,0,1,2
4813,-,0,-1,0,1,1
4814,-,0,1,0,1,0
4815,-,0,0,0,1,0
4816,A,-1,0,2,1,1
4817,-,0,0,0,1,1
4818,-,0,1,0,1,0
4819,-,0,0,0,1,0
4820,-,0,0,0,1,0
4821,-,0,0,0,1,0
4822,-,0,0,0,1,0
4823,B,1,0,2,1,1
4824,-,0,0,0,1,1
4825,-,0,-1,0,1,0
4826,-,0,0,0,1,0
4827,-,0,0,0,1,0
4828,-,0,0,0,1,0
4829,C,-1,0,3,1,1
4830,-,0,0,0,1,1
4831,-,0,0,0,1,1
4832,-,0,1,0,1,0
4833,A,-1,0,3,1,1
4834,-,0,0,0,1,1
4835,-,0,0,0,1,1
4836,-,0,1,0,1,0
4837,-,0,0,0,1,0
4838,-,0,0,0,1,0
4839,B,-1,0,2,1,1
4840,-,0,0,0,1,1
4841,-,0,1,0,1,0
4842,-,0,0,0,1,0
4843,-,0,0,0,1,0
4844,-,0,0,0,1,0
4845,-,0,0,0,1,0
4846,-,0,0,0,1,0
4847,-,0,0,0,1,0
4848,-,0,0,0,1,0
4849,C,-1,0,2,1,1
4850,A,1,0,2,1,2
4851,B,-1,1,2,1,2
4852,C,1,-1,1,1,2
4853,-,0,0,0,1,0
4854,-,0,0,0,1,0
4855,-,0,0,0,1,0
4856,A,-1,0,2,1,1
4857,-,0,0,0,1,1
4858,B,-1,1,2,1,1
4859,-,0,0,0,1,1
4860,C,-1,1,3,1,1
4861,-,0,0,0,1,1
4862,-,0,0,0,1,1
4863,-,0,1,0,1,0
4864,A,1,0,4,1,1
4865,-,0,0,0,1,1
4866,-,0,0,0,1,1
4867,-,0,0,0,1,1
4868,-,0,-1,0,1,0
4869,-,0,0,0,1,0
4870,B,-1,0,3,1,1
4871,C,-1,0,3,1,2
4872,-,0,0,0,1,2
4873,-,0,1,0,1,1
4874,-,0,1,0,1,0
4875,-,0,0,0,1,0
4876,-,0,0,0,1,0
4877,-,0,0,0,1,0
4878,-,0,0,0,1,0
4879,-,0,0,0,1,0
4880,-,0,0,0,1,0
4881,-,0,0,0,1,0
4882,-,0,0,0,1,0
4883,-,0,0,0,1,0
4884,-,0,0,0,1,0
4885,-,0,0,0,1,0
4886,A,1,0,1,1,1
4887,-,0,-1,0,1,0
4888,-,0,0,0,1,0
4889,B,-1,0,2,1,1
4890,C,-1,0,3,1,2
4891,A,-1,1,3,1,2
4892,-,0,0,0,1,2
4893,-,0,1,0,1,1
4894,-,0,1,0,1,0
4895,-,0,0,0,1,0
4896,-,0,0,0,1,0
4897,-,0,0,0,1,0
4898,-,0,0,0,1,0
4899,-,0,0,0,1,0
4900,-,0,0,0,1,0
4901,-,0,0,0,1,0
4902,-,0,0,0,1,0
4903,B,-1,0,2,1,1
4904,C,-1,0,2,1,2
4905,A,-1,1,2,1,2
4906,-,0,1,0,1,1
4907,-,0,1,0,1,0
4908,-,0,0,0,1,0
4909,-,0,0,0,1,0
4910,B,-1,0,2,1,1
4911,-,0,0,0,1,1
4912,-,0,1,0,1,0
4913,C,1,0,3,1,1
4914,A,1,0,2,1,2
4915,-,0,0,0,1,2
4916,-,0,-2,0,1,0
4917,-,0,0,0,1,0
4918,B,-1,0,3,1,1
4919,C,-1,0,2,1,2
4920,-,0,0,0,1,2
4921,-,0,2,0,1,0
4922,-,0,0,0,1,0
4923,-,0,0,0,1,0
4924,A,1,0,2,1,1
4925,-,0,0,0,1,1
4926,-,0,-1,0,1,0
4927,-,0,0,0,1,0
4928,-,0,0,0,1,0
4929,-,0,0,0,1,0
4930,B,-1,0,2,1,1
4931,-,0,0,0,1,1
4932,C,1,1,3,1,1
4933,-,0,0,0,1,1
4934,A,1,0,1,1,2
4935,B,1,-2,3,1,1
4936,-,0,0,0,1,1
4937,C,1,0,1,0,2
4938,A,1,-2,3,0,1
4939,-,0,0,0,0,1
4940,-,0,0,0,0,1
4941,-,0,-1,0,0,0
4942,B,1,0,4,0,1
4943,-,0,0,0,0,1
4944,C,-1,0,4,0,2
4945,A,1,0,4,0,3
4946,B,1,-1,2,0,3
4947,-,0,0,0,0,3
4948,-,0,0,0,0,1
4949,C,1,-1,3,0,1
4950,-,0,0,0,0,1
4951,A,1,0,3,1,2
4952,-,0,-1,0,1,1
4953,B,1,0,2,1,2
4954,C,-1,-1,2,1,2
4955,-,0,-1,0,1,1
4956,-,0,1,0,1,0
4957,A,1,0,3,1,1
4958,B,-1,0,1,1,2
4959,-,0,1,0,1,1
4960,-,0,-1,0,1,0
4961,-,0,0,0,1,0
4962,-,0,0,0,1,0
4963,-,0,0,0,1,0
4964,-,0,0,0,1,0
4965,-,0,0,0,1,0
4966,C,-1,0,2,1,1
4967,-,0,0,0,1,1
4968,-,0,1,0,1,0
4969,-,0,0,0,1,0
4970,A,-1,0,2,1,1
4971,-,0,0,0,1,1
4972,-,0,1,0,1,0
4973,B,-1,0,1,1,1
4974,-,0,1,0,1,0
4975,-,0,0,0,1,0
4976,-,0,0,0,1,0
4977,-,0,0,0,1,0
4978,C,1,0,2,1,1
4979,A,-1,0,2,1,2
4980,-,0,-1,0,1,1
4981,B,1,1,3,1,1
4982,C,1,0,2,1,2
4983,-,0,0,0,1,2
4984,-,0,-2,0,1,0
4985,-,0,0,0,1,0
4986,-,0,0,0,1,0
4987,-,0,0,0,1,0
4988,-,0,0,0,1,0
4989,-,0,0,0,1,0
4990,-,0,0,0,1,0
4991,-,0,0,0,1,0
4992,-,0,0,0,1,0
4993,A,1,0,1,1,1
4994,-,0,-1,0,1,0
4995,B,-1,0,1,1,1
4996,C,-1,1,3,1,1
4997,-,0,0,0,1,1
4998,-,0,0,0,1,1
4999,-,0,1,0,1,0
5000,A,1,0,3,1,1
5001,-,0,0,0,1,1
5002,-,0,0,0,1,1
5003,-,0,-1,0,1,0
5004,-,0,0,0,1,0
5005,-,0,0,0,1,0
5006,-,0,0,0,1,0
5007,B,1,0,2,1,1
5008,-,0,0,0,1,1
5009,C,1,-1,4,1,1
5010,-,0,0,0,1,1
5011,A,1,0,3,0,2
5012,B,-1,0,3,0,3
5013,C,1,-1,2,0,3
5014,A,1,-1,2,0,3
5015,B,1,0,2,0,2
5016,C,1,-1,1,1,2
5017,-,0,-2,0,1,0
5018,A,1,0,3,1,1
5019,-,0,0,0,1,1
5020,-,0,0,0,1,1
5021,-,0,-1,0,1,0
5022,B,1,0,2,1,1
5023,C,-1,0,2,1,2
5024,-,0,-1,0,1,1
5025,-,0,1,0,1,0
5026,A,1,0,4,1,1
5027,-,0,0,0,1,1
5028,-,0,0,0,1,1
5029,-,0,0,0,1,1
5030,-,0,-1,0,1,0
5031,-,0,0,0,1,0
5032,-,0,0,0,1,0
5033,-,0,0,0,1,0
5034,B,1,0,3,1,1
5035,-,0,0,0,1,1
5036,-,0,0,0,1,1
5037,-,0,-1,0,1,0
5038,-,0,0,0,1,0
5039,-,0,0,0,1,0
5040,-,0,0,0,1,0
5041,-,0,0,0,1,0
5042,C,-1,0,2,1,1
5043,-,0,0,0,1,1
5044,-,0,1,0,1,0
5045,-,0,0,0,1,0
5046,-,0,0,0,1,0
5047,A,-1,0,1,1,1
5048,B,-1,1,2,1,1
5049,-,0,0,0,1,1
5050,-,0,1,0,1,0
5051,-,0,0,0,1,0
5052,-,0,0,0,1,0
5053,-,0,0,0,1,0
5054,-,0,0,0,1,0
5055,-,0,0,0,1,0
5056,C,-1,0,2,1,1
5057,-,0,0,0,1,1
5058,-,0,1,0,1,0
5059,-,0,0,0,1,0
5060,-,0,0,0,1,0
5061,-,0,0,0,1,0
5062,-,0,0,0,1,0
5063,A,-1,0,4,1,1
5064,-,0,0,0,1,1
5065,B,-1,0,3,1,2
5066,-,0,0,0,1,2
5067,-,0,1,0,1,1
5068,-,0,1,0,1,0
5069,-,0,0,0,1,0
5070,-,0,0,0,1,0
5071,-,0,0,0,1,0
5072,-,0,0,0,1,0
5073,-,0,0,0,1,0
5074,-,0,0,0,1,0
5075,-,0,0,0,1,0
5076,-,0,0,0,1,0
5077,C,1,0,2,1,1
5078,A,-1,0,2,1,2
5079,-,0,-1,0,1,1
5080,B,-1,1,2,1,1
5081,-,0,0,0,1,1
5082,-,0,1,0,1,0
5083,-,0,0,0,1,0
5084,C,-1,0,2,1,1
5085,-,0,0,0,1,1
5086,A,-1,1,4,1,1
5087,B,1,0,1,1,2
5088,-,0,-1,0,1,1
5089,C,-1,0,2,1,2
5090,A,-1,1,1,1,2
5091,-,0,2,0,1,0
5092,-,0,0,0,1,0
5093,-,0,0,0,1,0
5094,-,0,0,0,1,0
5095,-,0,0,0,1,0
5096,-,0,0,0,1,0
5097,-,0,0,0,1,0
5098,B,-1,0,1,1,1
5099,-,0,1,0,1,0
5100,-,0,0,0,1,0
5101,C,-1,0,1,1,1
5102,-,0,1,0,1,0
5103,A,1,0,2,1,1
5104,-,0,0,0,1,1
5105,B,-1,-1,2,1,1
5106,-,0,0,0,1,1
5107,-,0,1,0,1,0
5108,C,1,0,2,1,1
5109,-,0,0,0,1,1
5110,-,0,-1,0,1,0
5111,-,0,0,0,1,0
5112,-,0,0,0,1,0
5113,-,0,0,0,1,0
5114,-,0,0,0,1,0
5115,A,1,0,2,1,1
5116,-,0,0,0,1,1
5117,-,0,-1,0,1,0
5118,-,0,0,0,1,0
5119,-,0,0,0,1,0
5120,-,0,0,0,1,0
5121,-,0,0,0,1,0
5122,-,0,0,0,1,0
5123,-,0,0,0,1,0
5124,-,0,0,0,1,0
5125,-,0,0,0,1,0
5126,-,0,0,0,1,0
5127,-,0,0,0,1,0
5128,B,-1,0,3,1,1
5129,-,0,0,0,1,1
5130,-,0,0,0,1,1
5131,-,0,1,0,1,0
5132,C,1,0,3,1,1
5133,A,-1,0,3,1,2
5134,B,-1,0,2,1,3
5135,-,0,-1,0,1,2
5136,-,0,2,0,1,0
5137,-,0,0,0,1,0
5138,-,0,0,0,1,0
5139,C,1,0,4,1,1
5140,-,0,0,0,1,1
5141,-,0,0,0,1,1
5142,-,0,0,0,1,1
5143,-,0,-1,0,1,0
5144,A,-1,0,4,1,1
5145,-,0,0,0,1,1
5146,B,-1,0,2,1,2
5147,-,0,0,0,1,2
5148,-,0,2,0,1,0
5149,-,0,0,0,1,0
5150,-,0,0,0,1,0
5151,-,0,0,0,1,0
5152,C,-1,0,3,1,1
5153,-,0,0,0,1,1
5154,-,0,0,0,1,1
5155,-,0,1,0,1,0
5156,A,1,0,1,1,1
5157,-,0,-1,0,1,0
5158,-,0,0,0,1,0
5159,-,0,0,0,1,0
5160,-,0,0,0,1,0
5161,B,-1,0,1,1,1
5162,C,1,1,2,1,1
5163,-,0,0,0,1,1
5164,-,0,-1,0,1,0
5165,-,0,0,0,1,0
5166,-,0,0,0,1,0
5167,-,0,0,0,1,0
5168,A,1,0,2,1,1
5169,-,0,0,0,1,1
5170,-,0,-1,0,1,0
5171,B,1,0,3,1,1
5172,-,0,0,0,1,1
5173,-,0,0,0,1,1
5174,-,0,-1,0,1,0
5175,C,1,0,1,0,1
5176,A,1,-1,2,0,1
5177,B,-1,0,2,0,2
5178,C,1,-1,2,0,2
5179,A,1,1,1,0,2
5180,B,1,-2,2,0,1
5181,C,1,0,1,1,2
5182,-,0,-2,0,1,0
5183,-,0,0,0,1,0
5184,-,0,0,0,1,0
5185,-,0,0,0,1,0
5186,-,0,0,0,1,0
5187,-,0,0,0,1,0
5188,-,0,0,0,1,0
5189,A,-1,0,1,1,1
5190,B,1,1,2,1,1
5191,-,0,0,0,1,1
5192,-,0,-1,0,1,0
5193,-,0,0,0,1,0
5194,-,0,0,0,1,0
5195,-,0,0,0,1,0
5196,-,0,0,0,1,0
5197,-,0,0,0,1,0
5198,-,0,0,0,1,0
5199,-,0,0,0,1,0
5200,-,0,0,0,1,0
5201,-,0,0,0,1,0
5202,-,0,0,0,1,0
5203,C,1,0,2,1,1
5204,-,0,0,0,1,1
5205,-,0,-1,0,1,0
5206,-,0,0,0,1,0
5207,A,-1,0,2,1,1
5208,-,0,0,0,1,1
5209,-,0,1,0,1,0
5210,-,0,0,0,1,0
5211,-,0,0,0,1,0
5212,B,-1,0,2,1,1
5213,-,0,0,0,1,1
5214,-,0,1,0,1,0
5215,-,0,0,0,1,0
5216,-,0,0,0,1,0
5217,C,-1,0,2,1,1
5218,-,0,0,0,1,1
5219,-,0,1,0,1,0
5220,-,0,0,0,1,0
5221,A,1,0,2,1,1
5222,-,0,0,0,1,1
5223,-,0,-1,0,1,0
5224,-,0,0,0,1,0
5225,-,0,0,0,1,0
5226,-,0,0,0,1,0
5227,-,0,0,0,1,0
5228,-,0,0,0,1,0
5229,-,0,0,0,1,0
5230,-,0,0,0,1,0
5231,-,0,0,0,1,0
5232,-,0,0,0,1,0
5233,-,0,0,0,1,0
5234,-,0,0,0,1,0
5235,-,0,0,0,1,0
5236,B,-1,0,1,1,1
5237,C,1,1,3,1,1
5238,A,1,0,2,1,2
5239,-,0,0,0,1,2
5240,-,0,-2,0,1,0
5241,-,0,0,0,1,0
5242,-,0,0,0,1,0
5243,-,0,0,0,1,0
5244,-,0,0,0,1,0
5245,-,0,0,0,1,0
5246,B,-1,0,2,1,1
5247,-,0,0,0,1,1
5248,-,0,1,0,1,0
5249,-,0,0,0,1,0
5250,-,0,0,0,1,0
5251,-,0,0,0,1,0
5252,-,0,0,0,1,0
5253,-,0,0,0,1,0
5254,-,0,0,0,1,0
5255,C,1,0,2,1,1
5256,-,0,0,0,1,1
5257,-,0,-1,0,1,0
5258,-,0,0,0,1,0
5259,-,0,0,0,1,0
5260,A,-1,0,2,1,1
5261,-,0,0,0,1,1
5262,-,0,1,0,1,0
5263,B,-1,0,1,1,1
5264,-,0,1,0,1,0
5265,-,0,0,0,1,0
5266,C,1,0,2,1,1
5267,-,0,0,0,1,1
5268,-,0,-1,0,1,0
5269,-,0,0,0,1,0
5270,A,1,0,3,1,1
5271,-,0,0,0,1,1
5272,-,0,0,0,1,1
5273,-,0,-1,0,1,0
5274,-,0,0,0,1,0
5275,-,0,0,0,1,0
5276,-,0,0,0,1,0
5277,-,0,0,0,1,0
5278,-,0,0,0,1,0
5279,B,-1,0,2,1,1
5280,-,0,0,0,1,1
5281,-,0,1,0,1,0
5282,-,0,0,0,1,0
5283,-,0,0,0,1,0
5284,-,0,0,0,1,0
5285,-,0,0,0,1,0
5286,-,0,0,0,1,0
5287,-,0,0,0,1,0
5288,C,1,0,2,1,1
5289,A,1,0,2,1,2
5290,-,0,-1,0,1,1
5291,-,0,-1,0,1,0
5292,B,1,0,2,1,1
5293,-,0,0,0,1,1
5294,-,0,-1,0,1,0
5295,-,0,0,0,1,0
5296,-,0,0,0,1,0
5297,-,0,0,0,1,0
5298,-,0,0,0,1,0
5299,-,0,0,0,1,0
5300,-,0,0,0,1,0
5301,-,0,0,0,1,0
5302,-,0,0,0,1,0
5303,-,0,0,0,1,0
5304,-,0,0,0,1,0
5305,C,1,0,1,0,1
5306,A,1,-1,4,0,1
5307,-,0,0,0,0,1
5308,B,1,0,4,0,2
5309,C,1,0,2,0,3
5310,-,0,-1,0,0,2
5311,A,1,-1,4,1,2
5312,-,0,-1,0,1,1
5313,B,1,0,4,1,2
5314,-,0,0,0,1,2
5315,-,0,-1,0,1,1
5316,-,0,0,0,1,1
5317,-,0,-1,0,1,0
5318,-,0,0,0,1,0
5319,C,-1,0,4,1,1
5320,-,0,0,0,1,1
5321,-,0,0,0,1,1
5322,A,-1,0,2,1,2
5323,B,1,1,3,1,2
5324,-,0,1,0,1,1
5325,-,0,0,0,1,1
5326,C,1,-1,2,1,1
5327,-,0,0,0,1,1
5328,-,0,-1,0,1,0
5329,A,-1,0,2,1,1
5330,-,0,0,0,1,1
5331,-,0,1,0,1,0
5332,-,0,0,0,1,0
5333,-,0,0,0,1,0
5334,-,0,0,0,1,0
5335,-,0,0,0,1,0
5336,-,0,0,0,1,0
5337,B,1,0,2,1,1
5338,C,-1,0,2,1,2
5339,-,0,-1,0,1,1
5340,A,-1,1,1,1,1
5341,B,1,1,4,1,1
5342,-,0,0,0,1,1
5343,-,0,0,0,1,1
5344,-,0,0,0,1,1
5345,-,0,-1,0,1,0
5346,-,0,0,0,1,0
5347,-,0,0,0,1,0
5348,-,0,0,0,1,0
5349,-,0,0,0,1,0
5350,C,1,0,3,1,1
5351,A,-1,0,2,1,2
5352,B,-1,0,2,1,3
5353,-,0,0,0,1,1
5354,-,0,1,0,1,0
5355,-,0,0,0,1,0
5356,-,0,0,0,1,0
5357,-,0,0,0,1,0
5358,-,0,0,0,1,0
5359,-,0,0,0,1,0
5360,C,1,0,2,1,1
5361,-,0,0,0,1,1
5362,-,0,-1,0,1,0
5363,A,1,0,2,1,1
5364,B,-1,0,2,1,2
5365,C,1,-1,2,1,2
5366,-,0,1,0,1,1
5367,A,-1,-1,3,1,1
5368,-,0,0,0,1,1
5369,B,-1,0,2,1,2
5370,-,0,1,0,1,1
5371,-,0,1,0,1,0
5372,-,0,0,0,1,0
5373,-,0,0,0,1,0
5374,-,0,0,0,1,0
5375,C,1,0,2,1,1
5376,-,0,0,0,1,1
5377,-,0,-1,0,1,0
5378,-,0,0,0,1,0
5379,A,-1,0,3,1,1
5380,-,0,0,0,1,1
5381,-,0,0,0,1,1
5382,B,-1,1,2,1,1
5383,-,0,0,0,1,1
5384,-,0,1,0,1,0
5385,-,0,0,0,1,0
5386,-,0,0,0,1,0
5387,-,0,0,0,1,0
5388,-,0,0,0,1,0
5389,-,0,0,0,1,0
5390,-,0,0,0,1,0
5391,-,0,0,0,1,0
5392,C,1,0,4,1,1
5393,-,0,0,0,1,1
5394,-,0,0,0,1,1
5395,-,0,0,0,1,1
5396,A,-1,-1,4,1,1
5397,B,1,0,4,1,2
5398,-,0,0,0,1,2
5399,-,0,0,0,1,2
5400,-,0,1,0,1,1
5401,-,0,-1,0,1,0
5402,-,0,0,0,1,0
5403,-,0,0,0,1,0
5404,C,-1,0,4,1,1
5405,-,0,0,0,1,1
5406,-,0,0,0,1,1
5407,A,-1,0,2,1,2
5408,-,0,1,0,1,1
5409,-,0,1,0,1,0
5410,-,0,0,0,1,0
5411,-,0,0,0,1,0
5412,-,0,0,0,1,0
5413,-,0,0,0,1,0
5414,B,1,0,1,1,1
5415,-,0,-1,0,1,0
5416,C,-1,0,3,1,1
5417,-,0,0,0,1,1
5418,-,0,0,0,1,1
5419,-,0,1,0,1,0
5420,-,0,0,0,1,0
5421,-,0,0,0,1,0
5422,-,0,0,0,1,0
5423,A,-1,0,2,1,1
5424,-,0,0,0,1,1
5425,-,0,1,0,1,0
5426,-,0,0,0,1,0
5427,-,0,0,0,1,0
5428,-,0,0,0,1,0
5429,-,0,0,0,1,0
5430,-,0,0,0,1,0
5431,-,0,0,0,1,0
5432,B,-1,0,1,1,1
5433,C,1,1,3,1,1
5434,-,0,0,0,1,1
5435,-,0,0,0,1,1
5436,-,0,-1,0,1,0
5437,-,0,0,0,1,0
5438,-,0,0,0,1,0
5439,-,0,0,0,1,0
5440,-,0,0,0,1,0
5441,-,0,0,0,1,0
5442,-,0,0,0,1,0
5443,-,0,0,0,1,0
5444,-,0,0,0,1,0
5445,A,-1,0,2,1,1
5446,-,0,0,0,1,1
5447,B,1,1,4,1,1
5448,-,0,0,0,1,1
5449,-,0,0,0,1,1
5450,-,0,0,0,1,1
5451,-,0,-1,0,1,0
5452,-,0,0,0,1,0
5453,-,0,0,0,1,0
5454,-,0,0,0,1,0
5455,-,0,0,0,1,0
5456,-,0,0,0,1,0
5457,-,0,0,0,1,0
5458,-,0,0,0,1,0
5459,-,0,0,0,1,0
5460,-,0,0,0,1,0
5461,-,0,0,0,1,0
5462,-,0,0,0,1,0
5463,C,-1,0,2,1,1
5464,A,-1,0,2,1,2
5465,-,0,1,0,1,1
5466,-,0,1,0,1,0
5467,-,0,0,0,1,0
5468,B,-1,0,4,1,1
5469,-,0,0,0,1,1
5470,-,0,0,0,1,1
5471,-,0,0,0,1,1
5472,C,1,1,4,1,1
5473,A,-1,0,2,1,2
5474,-,0,0,0,1,2
5475,B,-1,1,2,1,2
5476,-,0,-1,0,1,1
5477,-,0,1,0,1,0
5478,-,0,0,0,1,0
5479,C,1,0,4,1,1
5480,A,1,0,2,1,2
5481,-,0,0,0,1,2
5482,-,0,-1,0,1,1
5483,-,0,-1,0,1,0
5484,-,0,0,0,1,0
5485,-,0,0,0,1,0
5486,-,0,0,0,1,0
5487,-,0,0,0,1,0
5488,-,0,0,0,1,0
5489,-,0,0,0,1,0
5490,-,0,0,0,1,0
5491,-,0,0,0,1,0
5492,-,0,0,0,1,0
5493,B,-1,0,2,1,1
5494,C,-1,0,2,1,2
5495,A,-1,1,2,1,2
5496,-,0,1,0,1,1
5497,-,0,1,0,1,0
5498,B,1,0,4,1,1
5499,C,1,0,1,1,2
5500,-,0,-1,0,1,1
5501,-,0,0,0,1,1
5502,-,0,-1,0,1,0
5503,A,1,0,2,0,1
5504,-,0,0,0,0,1
5505,B,1,-1,2,0,1
5506,-,0,0,0,0,1
5507,-,0,-1,0,0,0
5508,-,0,0,0,0,0
5509,C,1,0,2,0,1
5510,-,0,0,0,0,1
5511,A,1,-1,3,0,1
5512,-,0,0,0,0,1
5513,-,0,0,0,0,1
5514,-,0,-1,0,0,0
5515,B,1,0,3,1,1
5516,C,-1,0,2,1,2
5517,-,0,0,0,1,2
5518,-,0,0,0,1,0
5519,-,0,0,0,1,0
5520,A,-1,0,2,1,1
5521,-,0,0,0,1,1
5522,B,-1,1,2,1,1
5523,-,0,0,0,1,1
5524,-,0,1,0,1,0
5525,-,0,0,0,1,0
5526,C,1,0,3,1,1
5527,-,0,0,0,1,1
5528,-,0,0,0,1,1
5529,-,0,-1,0,1,0
5530,A,1,0,1,1,1
5531,-,0,-1,0,1,0
5532,-,0,0,0,1,0
5533,-,0,0,0,1,0
5534,-,0,0,0,1,0
5535,B,-1,0,2,1,1
5536,C,-1,0,1,1,2
5537,-,0,2,0,1,0
5538,-,0,0,0,1,0
5539,A,-1,0,2,1,1
5540,-,0,0,0,1,1
5541,-,0,1,0,1,0
5542,-,0,0,0,1,0
5543,-,0,0,0,1,0
5544,-,0,0,0,1,0
5545,B,-1,0,3,1,1
5546,-,0,0,0,1,1
5547,-,0,0,0,1,1
5548,-,0,1,0,1,0
5549,-,0,0,0,1,0
5550,C,1,0,3,1,1
5551,-,0,0,0,1,1
5552,A,-1,0,2,1,2
5553,B,-1,-1,3,1,2
5554,-,0,1,0,1,1
5555,-,0,0,0,1,1
5556,-,0,1,0,1,0
5557,C,1,0,2,1,1
5558,-,0,0,0,1,1
5559,-,0,-1,0,1,0
5560,-,0,0,0,1,0
5561,-,0,0,0,1,0
5562,A,1,0,3,1,1
5563,-,0,0,0,1,1
5564,-,0,0,0,1,1
5565,B,1,-1,3,1,1
5566,-,0,0,0,1,1
5567,-,0,0,0,1,1
5568,-,0,-1,0,1,0
5569,-,0,0,0,1,0
5570,-,0,0,0,1,0
5571,-,0,0,0,1,0
5572,C,-1,0,4,1,1
5573,-,0,0,0,1,1
5574,A,-1,0,2,1,2
5575,-,0,0,0,1,2
5576,-,0,2,0,1,0
5577,B,-1,0,2,1,1
5578,C,1,0,2,1,2
5579,-,0,1,0,1,1
5580,-,0,-1,0,1,0
5581,-,0,0,0,1,0
5582,-,0,0,0,1,0
5583,-,0,0,0,1,0
5584,A,-1,0,1,1,1
5585,-,0,1,0,1,0
5586,-,0,0,0,1,0
5587,B,-1,0,2,1,1
5588,-,0,0,0,1,1
5589,-,0,1,0,1,0
5590,-,0,0,0,1,0
5591,-,0,0,0,1,0
5592,-,0,0,0,1,0
5593,-,0,0,0,1,0
5594,-,0,0,0,1,0
5595,-,0,0,0,1,0
5596,-,0,0,0,1,0
5597,-,0,0,0,1,0
5598,C,-1,0,2,1,1
5599,-,0,0,0,1,1
5600,A,1,1,2,1,1
5601,B,-1,0,1,1,2
5602,-,0,0,0,1,0
5603,-,0,0,0,1,0
5604,-,0,0,0,1,0
5605,-,0,0,0,1,0
5606,-,0,0,0,1,0
5607,C,-1,0,2,1,1
5608,-,0,0,0,1,1
5609,-,0,1,0,1,0
5610,-,0,0,0,1,0
5611,-,0,0,0,1,0
5612,-,0,0,0,1,0
5613,-,0,0,0,1,0
5614,A,-1,0,3,1,1
5615,-,0,0,0,1,1
5616,-,0,0,0,1,1
5617,B,-1,1,1,1,1
5618,-,0,1,0,1,0
5619,-,0,0,0,1,0
5620,-,0,0,0,1,0
5621,-,0,0,0,1,0
5622,-,0,0,0,1,0
5623,-,0,0,0,1,0
5624,C,1,0,2,1,1
5625,-,0,0,0,1,1
5626,-,0,-1,0,1,0
5627,-,0,0,0,1,0
5628,A,-1,0,2,1,1
5629,-,0,0,0,1,1
5630,-,0,1,0,1,0
5631,-,0,0,0,1,0
5632,B,-1,0,4,1,1
5633,-,0,0,0,1,1
5634,-,0,0,0,1,1
5635,-,0,0,0,1,1
5636,-,0,1,0,1,0
5637,-,0,0,0,1,0
5638,-,0,0,0,1,0
5639,-,0,0,0,1,0
5640,-,0,0,0,1,0
5641,-,0,0,0,1,0
5642,-,0,0,0,1,0
5643,-,0,0,0,1,0
5644,C,-1,0,2,1,1
5645,-,0,0,0,1,1
5646,-,0,1,0,1,0
5647,A,-1,0,2,1,1
5648,-,0,0,0,1,1
5649,-,0,1,0,1,0
5650,B,-1,0,2,1,1
5651,-,0,0,0,1,1
5652,-,0,1,0,1,0
5653,-,0,0,0,1,0
5654,-,0,0,0,1,0
5655,-,0,0,0,1,0
5656,C,-1,0,3,1,1
5657,-,0,0,0,1,1
5658,-,0,0,0,1,1
5659,-,0,1,0,1,0
5660,-,0,0,0,1,0
5661,A,-1,0,2,1,1
5662,-,0,0,0,1,1
5663,-,0,1,0,1,0
5664,-,0,0,0,1,0
5665,-,0,0,0,1,0
5666,B,-1,0,2,1,1
5667,-,0,0,0,1,1
5668,-,0,1,0,1,0
5669,-,0,0,0,1,0
5670,-,0,0,0,1,0
5671,-,0,0,0,1,0
5672,-,0,0,0,1,0
5673,-,0,0,0,1,0
5674,-,0,0,0,1,0
5675,-,0,0,0,1,0
5676,C,1,0,2,1,1
5677,-,0,0,0,1,1
5678,A,-1,-1,2,1,1
5679,-,0,0,0,1,1
5680,-,0,1,0,1,0
5681,-,0,0,0,1,0
5682,-,0,0,0,1,0
5683,-,0,0,0,1,0
5684,-,0,0,0,1,0
5685,-,0,0,0,1,0
5686,-,0,0,0,1,0
5687,-,0,0,0,1,0
5688,-,0,0,0,1,0
5689,-,0,0,0,1,0
5690,-,0,0,0,1,0
5691,B,1,0,2,1,1
5692,-,0,0,0,1,1
5693,-,0,-1,0,1,0
5694,-,0,0,0,1,0
5695,C,-1,0,3,1,1
5696,A,-1,0,4,1,2
5697,B,1,0,2,1,3
5698,-,0,1,0,1,2
5699,-,0,-1,0,1,1
5700,-,0,1,0,1,0
5701,C,-1,0,1,1,1
5702,-,0,1,0,1,0
5703,-,0,0,0,1,0
5704,-,0,0,0,1,0
5705,A,-1,0,2,1,1
5706,-,0,0,0,1,1
5707,-,0,1,0,1,0
5708,-,0,0,0,1,0
5709,-,0,0,0,1,0
5710,B,-1,0,2,1,1
5711,C,1,0,3,1,2
5712,-,0,1,0,1,1
5713,-,0,0,0,1,1
5714,-,0,-1,0,1,0
5715,-,0,0,0,1,0
5716,-,0,0,0,1,0
5717,A,-1,0,3,1,1
5718,B,-1,0,2,1,2
5719,-,0,0,0,1,2
5720,C,1,2,1,1,1
5721,A,1,-1,2,1,1
5722,-,0,0,0,1,1
5723,-,0,-1,0,1,0
5724,B,-1,0,3,1,1
5725,-,0,0,0,1,1
5726,C,-1,0,2,1,2
5727,-,0,1,0,1,1
5728,-,0,1,0,1,0
5729,A,-1,0,2,1,1
5730,-,0,0,0,1,1
5731,-,0,1,0,1,0
5732,B,-1,0,3,1,1
5733,-,0,0,0,1,1
5734,-,0,0,0,1,1
5735,-,0,1,0,1,0
5736,C,1,0,4,1,1
5737,-,0,0,0,1,1
5738,-,0,0,0,1,1
5739,-,0,0,0,1,1
5740,A,-1,-1,2,1,1
5741,-,0,0,0,1,1
5742,-,0,1,0,1,0
5743,-,0,0,0,1,0
5744,-,0,0,0,1,0
5745,-,0,0,0,1,0
5746,-,0,0,0,1,0
5747,-,0,0,0,1,0
5748,-,0,0,0,1,0
5749,-,0,0,0,1,0
5750,-,0,0,0,1,0
5751,-,0,0,0,1,0
5752,-,0,0,0,1,0
5753,-,0,0,0,1,0
5754,B,-1,0,2,1,1
5755,-,0,0,0,1,1
5756,-,0,1,0,1,0
5757,C,-1,0,4,1,1
5758,-,0,0,0,1,1
5759,-,0,0,0,1,1
5760,-,0,0,0,1,1
5761,A,-1,1,2,1,1
5762,-,0,0,0,1,1
5763,-,0,1,0,1,0
5764,-,0,0,0,1,0
5765,-,0,0,0,1,0
5766,-,0,0,0,1,0
5767,-,0,0,0,1,0
5768,-,0,0,0,1,0
5769,-,0,0,0,1,0
5770,-,0,0,0,1,0
5771,B,1,0,4,1,1
5772,-,0,0,0,1,1
5773,-,0,0,0,1,1
5774,-,0,0,0,1,1
5775,-,0,-1,0,1,0
5776,-,0,0,0,1,0
5777,-,0,0,0,1,0
5778,-,0,0,0,1,0
5779,-,0,0,0,1,0
5780,C,1,0,3,1,1
5781,-,0,0,0,1,1
5782,A,1,0,2,1,2
5783,-,0,-1,0,1,1
5784,B,1,-1,3,0,1
5785,-,0,0,0,0,1
5786,C,-1,0,2,0,2
5787,A,-1,-1,3,0,2
5788,B,1,1,2,0,2
5789,C,1,0,2,0,3
5790,-,0,0,0,0,1
5791,A,1,-1,4,1,1
5792,-,0,0,0,1,1
5793,B,-1,0,2,1,2
5794,-,0,0,0,1,2
5795,-,0,0,0,1,0
5796,-,0,0,0,1,0
5797,-,0,0,0,1,0
5798,C,-1,0,3,1,1
5799,-,0,0,0,1,1
5800,-,0,0,0,1,1
5801,-,0,1,0,1,0
5802,-,0,0,0,1,0
5803,-,0,0,0,1,0
5804,-,0,0,0,1,0
5805,-,0,0,0,1,0
5806,-,0,0,0,1,0
5807,-,0,0,0,1,0
5808,-,0,0,0,1,0
5809,A,-1,0,2,1,1
5810,-,0,0,0,1,1
5811,-,0,1,0,1,0
5812,-,0,0,0,1,0
5813,B,-1,0,1,1,1
5814,-,0,1,0,1,0
5815,-,0,0,0,1,0
5816,C,1,0,2,1,1
5817,A,-1,0,2,1,2
5818,B,-1,-1,2,1,2
5819,C,-1,1,2,1,2
5820,-,0,1,0,1,1
5821,-,0,1,0,1,0
5822,-,0,0,0,1,0
5823,-,0,0,0,1,0
5824,A,1,0,2,1,1
5825,-,0,0,0,1,1
5826,-,0,-1,0,1,0
5827,-,0,0,0,1,0
5828,-,0,0,0,1,0
5829,B,-1,0,2,1,1
5830,C,-1,0,3,1,2
5831,-,0,1,0,1,1
5832,-,0,0,0,1,1
5833,A,-1,1,2,1,1
5834,B,-1,0,3,1,2
5835,C,-1,1,4,1,2
5836,A,-1,0,3,1,3
5837,B,-1,1,1,1,3
5838,-,0,1,0,1,2
5839,C,-1,2,2,1,1
5840,-,0,0,0,1,1
5841,-,0,1,0,1,0
5842,-,0,0,0,1,0
5843,-,0,0,0,1,0
5844,A,-1,0,2,1,1
5845,B,1,0,2,1,2
5846,-,0,1,0,1,1
5847,C,1,-1,2,1,1
5848,-,0,0,0,1,1
5849,-,0,-1,0,1,0
5850,-,0,0,0,1,0
5851,-,0,0,0,1,0
5852,-,0,0,0,1,0
5853,-,0,0,0,1,0
5854,-,0,0,0,1,0
5855,-,0,0,0,1,0
5856,A,-1,0,2,1,1
5857,-,0,0,0,1,1
5858,-,0,1,0,1,0
5859,-,0,0,0,1,0
5860,B,-1,0,3,1,1
5861,C,1,0,3,1,2
5862,-,0,0,0,1,2
5863,-,0,1,0,1,1
5864,-,0,-1,0,1,0
5865,-,0,0,0,1,0
5866,-,0,0,0,1,0
5867,-,0,0,0,1,0
5868,A,-1,0,3,1,1
5869,-,0,0,0,1,1
5870,-,0,0,0,1,1
5871,-,0,1,0,1,0
5872,-,0,0,0,1,0
5873,-,0,0,0,1,0
5874,-,0,0,0,1,0
5875,-,0,0,0,1,0
5876,-,0,0,0,1,0
5877,B,-1,0,1,1,1
5878,C,-1,1,3,1,1
5879,-,0,0,0,1,1
5880,-,0,0,0,1,1
5881,A,-1,1,1,1,1
5882,-,0,1,0,1,0
5883,-,0,0,0,1,0
5884,B,-1,0,2,1,1
5885,C,-1,0,2,1,2
5886,-,0,1,0,1,1
5887,A,1,1,2,1,1
5888,-,0,0,0,1,1
5889,-,0,-1,0,1,0
5890,B,-1,0,2,1,1
5891,C,1,0,2,1,2
5892,-,0,1,0,1,1
5893,-,0,-1,0,1,0
5894,-,0,0,0,1,0
5895,-,0,0,0,1,0
5896,-,0,0,0,1,0
5897,A,-1,0,2,1,1
5898,-,0,0,0,1,1
5899,-,0,1,0,1,0
5900,-,0,0,0,1,0
5901,-,0,0,0,1,0
5902,-,0,0,0,1,0
5903,-,0,0,0,1,0
5904,-,0,0,0,1,0
5905,B,1,0,3,1,1
5906,C,-1,0,2,1,2
5907,-,0,0,0,1,2
5908,-,0,0,0,1,0
5909,-,0,0,0,1,0
5910,A,1,0,2,1,1
5911,-,0,0,0,1,1
5912,-,0,-1,0,1,0
5913,B,-1,0,3,1,1
5914,-,0,0,0,1,1
5915,C,-1,0,2,1,2
5916,-,0,1,0,1,1
5917,-,0,1,0,1,0
5918,-,0,0,0,1,0
5919,-,0,0,0,1,0
5920,-,0,0,0,1,0
5921,-,0,0,0,1,0
5922,-,0,0,0,1,0
5923,-,0,0,0,1,0
5924,-,0,0,0,1,0
5925,-,0,0,0,1,0
5926,-,0,0,0,1,0
5927,A,-1,0,2,1,1
5928,-,0,0,0,1,1
5929,B,1,1,2,1,1
5930,C,1,0,2,1,2
5931,-,0,-1,0,1,1
5932,A,-1,-1,2,1,1
5933,B,-1,0,1,1,2
5934,-,0,2,0,1,0
5935,C,-1,0,3,1,1
5936,-,0,0,0,1,1
5937,A,1,0,3,1,2
5938,-,0,1,0,1,1
5939,-,0,0,0,1,1
5940,-,0,-1,0,1,0
5941,-,0,0,0,1,0
5942,-,0,0,0,1,0
5943,B,-1,0,2,1,1
5944,-,0,0,0,1,1
5945,-,0,1,0,1,0
5946,C,-1,0,2,1,1
5947,-,0,0,0,1,1
5948,A,-1,1,2,1,1
5949,-,0,0,0,1,1
5950,B,1,1,3,1,1
5951,-,0,0,0,1,1
5952,-,0,0,0,1,1
5953,-,0,-1,0,1,0
5954,-,0,0,0,1,0
5955,C,-1,0,2,1,1
5956,-,0,0,0,1,1
5957,-,0,1,0,1,0
5958,-,0,0,0,1,0
5959,-,0,0,0,1,0
5960,-,0,0,0,1,0
5961,-,0,0,0,1,0
5962,A,-1,0,2,1,1
5963,-,0,0,0,1,1
5964,-,0,1,0,1,0
5965,B,1,0,3,1,1
5966,C,-1,0,2,1,2
5967,-,0,0,0,1,2
5968,-,0,0,0,1,0
5969,A,-1,0,3,1,1
5970,B,1,0,2,1,2
5971,-,0,0,0,1,2
5972,-,0,0,0,1,0
5973,-,0,0,0,1,0
5974,-,0,0,0,1,0
5975,-,0,0,0,1,0
5976,C,-1,0,2,1,1
5977,-,0,0,0,1,1
5978,A,-1,1,1,1,1
5979,-,0,1,0,1,0
5980,-,0,0,0,1,0
5981,B,-1,0,2,1,1
5982,-,0,0,0,1,1
5983,-,0,1,0,1,0
5984,-,0,0,0,1,0
5985,C,1,0,2,1,1
5986,A,-1,0,2,1,2
5987,-,0,-1,0,1,1
5988,-,0,1,0,1,0
5989,-,0,0,0,1,0
5990,-,0,0,0,1,0
5991,-,0,0,0,1,0
5992,-,0,0,0,1,0
5993,-,0,0,0,1,0
5994,-,0,0,0,1,0
5995,-,0,0,0,1,0
5996,-,0,0,0,1,0
5997,B,-1,0,4,1,1
5998,-,0,0,0,1,1
5999,-,0,0,0,1,1
6000,-,0,0,0,1,1
6001,C,1,1,2,1,1
6002,-,0,0,0,1,1
6003,-,0,-1,0,1,0
6004,-,0,0,0,1,0
6005,-,0,0,0,1,0
6006,-,0,0,0,1,0
6007,-,0,0,0,1,0
6008,-,0,0,0,1,0
6009,-,0,0,0,1,0
6010,-,0,0,0,1,0
6011,-,0,0,0,1,0
6012,-,0,0,0,1,0
6013,-,0,0,0,1,0
6014,-,0,0,0,1,0
6015,-,0,0,0,1,0
6016,A,-1,0,4,1,1
6017,-,0,0,0,1,1
6018,-,0,0,0,1,1
6019,B,-1,0,2,1,2
6020,C,1,1,2,1,2
6021,-,0,1,0,1,1
6022,-,0,-1,0,1,0
6023,A,1,0,4,1,1
6024,B,-1,0,2,1,2
6025,C,-1,0,2,1,3
6026,-,0,1,0,1,2
6027,-,0,0,0,1,0
6028,-,0,0,0,1,0
6029,-,0,0,0,1,0
6030,-,0,0,0,1,0
6031,-,0,0,0,1,0
6032,A,1,0,3,1,1
6033,-,0,0,0,1,1
6034,-,0,0,0,1,1
6035,-,0,-1,0,1,0
6036,-,0,0,0,1,0
6037,-,0,0,0,1,0
6038,-,0,0,0,1,0
6039,-,0,0,0,1,0
6040,-,0,0,0,1,0
6041,-,0,0,0,1,0
6042,-,0,0,0,1,0
6043,-,0,0,0,1,0
6044,-,0,0,0,1,0
6045,-,0,0,0,1,0
6046,-,0,0,0,1,0
6047,B,-1,0,2,1,1
6048,C,-1,0,2,1,2
6049,A,-1,1,2,1,2
6050,-,0,1,0,1,1
6051,-,0,1,0,1,0
6052,-,0,0,0,1,0
6053,B,-1,0,2,1,1
6054,-,0,0,0,1,1
6055,C,-1,1,3,1,1
6056,-,0,0,0,1,1
6057,-,0,0,0,1,1
6058,-,0,1,0,1,0
6059,-,0,0,0,1,0
6060,A,-1,0,2,1,1
6061,-,0,0,0,1,1
6062,-,0,1,0,1,0
6063,-,0,0,0,1,0
6064,-,0,0,0,1,0
6065,-,0,0,0,1,0
6066,-,0,0,0,1,0
6067,-,0,0,0,1,0
6068,-,0,0,0,1,0
6069,-,0,0,0,1,0
6070,B,-1,0,2,1,1
6071,C,1,0,2,1,2
6072,A,1,1,2,1,2
6073,B,-1,-1,3,1,2
6074,-,0,-1,0,1,1
6075,-,0,0,0,1,1
6076,-,0,1,0,1,0
6077,-,0,0,0,1,0
6078,C,-1,0,2,1,1
6079,A,1,0,4,1,2
6080,-,0,1,0,1,1
6081,B,-1,0,4,1,2
6082,-,0,0,0,1,2
6083,-,0,-1,0,1,1
6084,-,0,0,0,1,1
6085,-,0,1,0,1,0
6086,-,0,0,0,1,0
6087,-,0,0,0,1,0
6088,C,-1,0,2,1,1
6089,-,0,0,0,1,1
6090,-,0,1,0,1,0
6091,-,0,0,0,1,0
6092,A,-1,0,2,1,1
6093,B,1,0,2,1,2
6094,-,0,1,0,1,1
6095,-,0,-1,0,1,0
6096,C,1,0,3,1,1
6097,-,0,0,0,1,1
6098,-,0,0,0,1,1
6099,-,0,-1,0,1,0
6100,-,0,0,0,1,0
6101,A,1,0,1,0,1
6102,-,0,-1,0,0,0
6103,-,0,0,0,0,0
6104,-,0,0,0,0,0
6105,B,-1,0,2,0,1
6106,C,-1,0,2,0,2
6107,-,0,1,0,0,1
6108,A,1,1,1,0,1
6109,-,0,-1,0,0,0
6110,B,1,0,2,0,1
6111,C,1,0,2,1,2
6112,A,-1,-1,3,1,2
6113,-,0,-1,0,1,1
6114,-,0,0,0,1,1
6115,-,0,1,0,1,0
6116,B,-1,0,1,1,1
6117,-,0,1,0,1,0
6118,C,-1,0,2,1,1
6119,-,0,0,0,1,1
6120,-,0,1,0,1,0
6121,-,0,0,0,1,0
6122,-,0,0,0,1,0
6123,-,0,0,0,1,0
6124,A,-1,0,4,1,1
6125,-,0,0,0,1,1
6126,-,0,0,0,1,1
6127,-,0,0,0,1,1
6128,-,0,1,0,1,0
6129,B,1,0,3,1,1
6130,-,0,0,0,1,1
6131,-,0,0,0,1,1
6132,-,0,-1,0,1,0
6133,C,-1,0,2,1,1
6134,A,-1,0,3,1,2
6135,-,0,1,0,1,1
6136,-,0,0,0,1,1
6137,-,0,1,0,1,0
6138,-,0,0,0,1,0
6139,-,0,0,0,1,0
6140,-,0,0,0,1,0
6141,-,0,0,0,1,0
6142,-,0,0,0,1,0
6143,B,1,0,3,1,1
6144,-,0,0,0,1,1
6145,-,0,0,0,1,1
6146,-,0,-1,0,1,0
6147,-,0,0,0,1,0
6148,-,0,0,0,1,0
6149,-,0,0,0,1,0
6150,-,0,0,0,1,0
6151,-,0,0,0,1,0
6152,-,0,0,0,1,0
6153,-,0,0,0,1,0
6154,C,1,0,1,1,1
6155,-,0,-1,0,1,0
6156,-,0,0,0,1,0
6157,A,1,0,2,1,1
6158,-,0,0,0,1,1
6159,B,1,-1,1,0,1
6160,-,0,-1,0,0,0
6161,C,1,0,2,0,1
6162,A,1,0,2,0,2
6163,-,0,-1,0,0,1
6164,-,0,-1,0,0,0
6165,B,1,0,3,0,1
6166,C,1,0,3,1,2
6167,-,0,0,0,1,2
6168,-,0,-1,0,1,1
6169,A,1,-1,2,1,1
6170,-,0,0,0,1,1
6171,B,-1,-1,1,1,1
6172,-,0,1,0,1,0
6173,-,0,0,0,1,0
6174,-,0,0,0,1,0
6175,-,0,0,0,1,0
6176,-,0,0,0,1,0
6177,-,0,0,0,1,0
6178,-,0,0,0,1,0
6179,-,0,0,0,1,0
6180,-,0,0,0,1,0
6181,-,0,0,0,1,0
6182,C,1,0,1,1,1
6183,-,0,-1,0,1,0
6184,-,0,0,0,1,0
6185,-,0,0,0,1,0
6186,A,-1,0,2,1,1
6187,-,0,0,0,1,1
6188,-,0,1,0,1,0
6189,-,0,0,0,1,0
6190,-,0,0,0,1,0
6191,B,1,0,1,1,1
6192,-,0,-1,0,1,0
6193,-,0,0,0,1,0
6194,-,0,0,0,1,0
6195,-,0,0,0,1,0
6196,-,0,0,0,1,0
6197,-,0,0,0,1,0
6198,-,0,0,0,1,0
6199,-,0,0,0,1,0
6200,-,0,0,0,1,0
6201,C,-1,0,1,1,1
6202,-,0,1,0,1,0
6203,-,0,0,0,1,0
6204,-,0,0,0,1,0
6205,-,0,0,0,1,0
6206,-,0,0,0,1,0
6207,-,0,0,0,1,0
6208,-,0,0,0,1,0
6209,-,0,0,0,1,0
6210,A,1,0,2,1,1
6211,-,0,0,0,1,1
6212,-,0,-1,0,1,0
6213,-,0,0,0,1,0
6214,-,0,0,0,1,0
6215,-,0,0,0,1,0
6216,-,0,0,0,1,0
6217,-,0,0,0,1,0
6218,-,0,0,0,1,0
6219,B,-1,0,2,1,1
6220,-,0,0,0,1,1
6221,-,0,1,0,1,0
6222,-,0,0,0,1,0
6223,C,-1,0,2,1,1
6224,-,0,0,0,1,1
6225,-,0,1,0,1,0
6226,-,0,0,0,1,0
6227,-,0,0,0,1,0
6228,-,0,0,0,1,0
6229,-,0,0,0,1,0
6230,A,-1,0,3,1,1
6231,-,0,0,0,1,1
6232,-,0,0,0,1,1
6233,B,1,1,1,1,1
6234,C,-1,-1,2,1,1
6235,-,0,0,0,1,1
6236,-,0,1,0,1,0
6237,A,-1,0,2,1,1
6238,B,1,0,2,1,2
6239,-,0,1,0,1,1
6240,C,-1,-1,1,1,1
6241,A,1,1,2,1,1
6242,-,0,0,0,1,1
6243,-,0,-1,0,1,0
6244,-,0,0,0,1,0
6245,-,0,0,0,1,0
6246,-,0,0,0,1,0
6247,-,0,0,0,1,0
6248,-,0,0,0,1,0
6249,B,-1,0,3,1,1
6250,-,0,0,0,1,1
6251,-,0,0,0,1,1
6252,C,1,1,2,1,1
6253,A,1,0,2,1,2
6254,B,-1,-1,1,1,2
6255,-,0,0,0,1,0
6256,C,-1,0,1,1,1
6257,-,0,1,0,1,0
6258,-,0,0,0,1,0
6259,A,1,0,2,1,1
6260,-,0,0,0,1,1
6261,-,0,-1,0,1,0
6262,-,0,0,0,1,0
6263,-,0,0,0,1,0
6264,-,0,0,0,1,0
6265,-,0,0,0,1,0
6266,B,-1,0,2,1,1
6267,-,0,0,0,1,1
6268,-,0,1,0,1,0
6269,-,0,0,0,1,0
6270,C,-1,0,2,1,1
6271,-,0,0,0,1,1
6272,-,0,1,0,1,0
6273,-,0,0,0,1,0
6274,-,0,0,0,1,0
6275,A,-1,0,2,1,1
6276,-,0,0,0,1,1
6277,-,0,1,0,1,0
6278,-,0,0,0,1,0
6279,-,0,0,0,1,0
6280,B,-1,0,3,1,1
6281,-,0,0,0,1,1
6282,-,0,0,0,1,1
6283,C,-1,1,2,1,1
6284,A,-1,0,2,1,2
6285,-,0,1,0,1,1
6286,-,0,1,0,1,0
6287,B,-1,0,2,1,1
6288,-,0,0,0,1,1
6289,-,0,1,0,1,0
6290,C,-1,0,3,1,1
6291,A,1,0,2,1,2
6292,-,0,0,0,1,2
6293,B,-1,0,3,1,1
6294,-,0,0,0,1,1
6295,-,0,0,0,1,1
6296,C,-1,1,2,1,1
6297,-,0,0,0,1,1
6298,-,0,1,0,1,0
6299,-,0,0,0,1,0
6300,-,0,0,0,1,0
6301,-,0,0,0,1,0
6302,-,0,0,0,1,0
6303,-,0,0,0,1,0
6304,-,0,0,0,1,0
6305,-,0,0,0,1,0
6306,A,-1,0,4,1,1
6307,-,0,0,0,1,1
6308,-,0,0,0,1,1
6309,-,0,0,0,1,1
6310,-,0,1,0,1,0
6311,-,0,0,0,1,0
6312,-,0,0,0,1,0
6313,-,0,0,0,1,0
6314,-,0,0,0,1,0
6315,-,0,0,0,1,0
6316,B,-1,0,1,1,1
6317,-,0,1,0,1,0
6318,-,0,0,0,1,0
6319,-,0,0,0,1,0
6320,C,1,0,3,1,1
6321,-,0,0,0,1,1
6322,-,0,0,0,1,1
6323,-,0,-1,0,1,0
6324,A,-1,0,2,1,1
6325,-,0,0,0,1,1
6326,-,0,1,0,1,0
6327,-,0,0,0,1,0
6328,B,-1,0,4,1,1
6329,-,0,0,0,1,1
6330,-,0,0,0,1,1
6331,-,0,0,0,1,1
6332,-,0,1,0,1,0
6333,-,0,0,0,1,0
6334,-,0,0,0,1,0
6335,-,0,0,0,1,0
6336,-,0,0,0,1,0
6337,-,0,0,0,1,0
6338,-,0,0,0,1,0
6339,-,0,0,0,1,0
6340,-,0,0,0,1,0
6341,C,1,0,2,1,1
6342,A,-1,0,2,1,2
6343,-,0,-1,0,1,1
6344,-,0,1,0,1,0
6345,-,0,0,0,1,0
6346,-,0,0,0,1,0
6347,-,0,0,0,1,0
6348,-,0,0,0,1,0
6349,-,0,0,0,1,0
6350,-,0,0,0,1,0
6351,-,0,0,0,1,0
6352,-,0,0,0,1,0
6353,-,0,0,0,1,0
6354,-,0,0,0,1,0
6355,-,0,0,0,1,0
6356,-,0,0,0,1,0
6357,B,-1,0,2,1,1
6358,-,0,0,0,1,1
6359,-,0,1,0,1,0
6360,C,-1,0,3,1,1
6361,A,-1,0,3,1,2
6362,-,0,0,0,1,2
6363,B,-1,1,1,1,2
6364,-,0,2,0,1,0
6365,-,0,0,0,1,0
6366,-,0,0,0,1,0
6367,-,0,0,0,1,0
6368,-,0,0,0,1,0
6369,-,0,0,0,1,0
6370,-,0,0,0,1,0
6371,-,0,0,0,1,0
6372,-,0,0,0,1,0
6373,-,0,0,0,1,0
6374,-,0,0,0,1,0
6375,-,0,0,0,1,0
6376,-,0,0,0,1,0
6377,-,0,0,0,1,0
6378,-,0,0,0,1,0
6379,-,0,0,0,1,0
6380,-,0,0,0,1,0
6381,-,0,0,0,1,0
6382,-,0,0,0,1,0
6383,-,0,0,0,1,0
6384,C,-1,0,2,1,1
6385,-,0,0,0,1,1
6386,A,-1,1,2,1,1
6387,-,0,0,0,1,1
6388,-,0,1,0,1,0
6389,-,0,0,0,1,0
6390,B,1,0,1,1,1
6391,C,-1,-1,3,1,1
6392,A,1,0,2,1,2
6393,B,1,0,2,1,3
6394,-,0,0,0,1,1
6395,C,-1,-1,2,1,1
6396,-,0,0,0,1,1
6397,-,0,1,0,1,0
6398,-,0,0,0,1,0
6399,A,-1,0,3,1,1
6400,B,-1,0,1,1,2
6401,-,0,1,0,1,1
6402,-,0,1,0,1,0
6403,-,0,0,0,1,0
6404,-,0,0,0,1,0
6405,-,0,0,0,1,0
6406,-,0,0,0,1,0
6407,-,0,0,0,1,0
6408,C,-1,0,2,1,1
6409,-,0,0,0,1,1
6410,A,1,1,4,1,1
6411,-,0,0,0,1,1
6412,-,0,0,0,1,1
6413,-,0,0,0,1,1
6414,-,0,-1,0,1,0
6415,-,0,0,0,1,0
6416,-,0,0,0,1,0
6417,B,-1,0,1,1,1
6418,-,0,1,0,1,0
6419,-,0,0,0,1,0
6420,-,0,0,0,1,0
6421,-,0,0,0,1,0
6422,-,0,0,0,1,0
6423,-,0,0,0,1,0
6424,-,0,0,0,1,0
6425,-,0,0,0,1,0
6426,-,0,0,0,1,0
6427,-,0,0,0,1,0
6428,-,0,0,0,1,0
6429,-,0,0,0,1,0
6430,-,0,0,0,1,0
6431,-,0,0,0,1,0
6432,-,0,0,0,1,0
6433,-,0,0,0,1,0
6434,C,-1,0,3,1,1
6435,-,0,0,0,1,1
6436,-,0,0,0,1,1
6437,-,0,1,0,1,0
6438,-,0,0,0,1,0
6439,-,0,0,0,1,0
6440,A,-1,0,1,1,1
6441,-,0,1,0,1,0
6442,-,0,0,0,1,0
6443,-,0,0,0,1,0
6444,B,-1,0,2,1,1
6445,C,-1,0,2,1,2
6446,-,0,1,0,1,1
6447,-,0,1,0,1,0
6448,-,0,0,0,1,0
6449,-,0,0,0,1,0
6450,-,0,0,0,1,0
6451,-,0,0,0,1,0
6452,-,0,0,0,1,0
6453,-,0,0,0,1,0
6454,-,0,0,0,1,0
6455,-,0,0,0,1,0
6456,-,0,0,0,1,0
6457,-,0,0,0,1,0
6458,-,0,0,0,1,0
6459,-,0,0,0,1,0
6460,-,0,0,0,1,0
6461,A,-1,0,3,1,1
6462,B,-1,0,2,1,2
6463,-,0,0,0,1,2
6464,-,0,2,0,1,0
6465,-,0,0,0,1,0
6466,-,0,0,0,1,0
6467,-,0,0,0,1,0
6468,-,0,0,0,1,0
6469,-,0,0,0,1,0
6470,-,0,0,0,1,0
6471,-,0,0,0,1,0
6472,C,-1,0,2,1,1
6473,A,-1,0,2,1,2
6474,-,0,1,0,1,1
6475,-,0,1,0,1,0
6476,B,-1,0,2,1,1
6477,-,0,0,0,1,1
6478,-,0,1,0,1,0
6479,-,0,0,0,1,0
6480,C,-1,0,2,1,1
6481,-,0,0,0,1,1
6482,-,0,1,0,1,0
6483,A,-1,0,2,1,1
6484,-,0,0,0,1,1
6485,-,0,1,0,1,0
6486,B,1,0,2,1,1
6487,C,-1,0,2,1,2
6488,-,0,-1,0,1,1
6489,A,-1,1,2,1,1
6490,-,0,0,0,1,1
6491,-,0,1,0,1,0
6492,-,0,0,0,1,0
6493,-,0,0,0,1,0
6494,-,0,0,0,1,0
6495,-,0,0,0,1,0
6496,-,0,0,0,1,0
6497,B,1,0,2,1,1
6498,-,0,0,0,1,1
6499,-,0,-1,0,1,0
6500,C,-1,0,4,1,1
6501,-,0,0,0,1,1
6502,-,0,0,0,1,1
6503,-,0,0,0,1,1
6504,A,1,1,3,1,1
6505,-,0,0,0,1,1
6506,-,0,0,0,1,1
6507,-,0,-1,0,1,0
6508,-,0,0,0,1,0
6509,-,0,0,0,1,0
6510,-,0,0,0,1,0
6511,-,0,0,0,1,0
6512,-,0,0,0,1,0
6513,-,0,0,0,1,0
6514,-,0,0,0,1,0
6515,-,0,0,0,1,0
6516,-,0,0,0,1,0
6517,-,0,0,0,1,0
6518,-,0,0,0,1,0
6519,-,0,0,0,1,0
6520,B,1,0,2,1,1
6521,-,0,0,0,1,1
6522,-,0,-1,0,1,0
6523,-,0,0,0,1,0
6524,-,0,0,0,1,0
6525,-,0,0,0,1,0
6526,-,0,0,0,1,0
6527,-,0,0,0,1,0
6528,-,0,0,0,1,0
6529,-,0,0,0,1,0
6530,-,0,0,0,1,0
6531,-,0,0,0,1,0
6532,-,0,0,0,1,0
6533,-,0,0,0,1,0
6534,C,-1,0,1,1,1
6535,-,0,1,0,1,0
6536,-,0,0,0,1,0
6537,-,0,0,0,1,0
6538,A,1,0,4,1,1
6539,-,0,0,0,1,1
6540,-,0,0,0,1,1
6541,-,0,0,0,1,1
6542,-,0,-1,0,1,0
6543,-,0,0,0,1,0
6544,-,0,0,0,1,0
6545,-,0,0,0,1,0
6546,-,0,0,0,1,0
6547,-,0,0,0,1,0
6548,-,0,0,0,1,0
6549,-,0,0,0,1,0
6550,-,0,0,0,1,0
6551,B,1,0,4,1,1
6552,-,0,0,0,1,1
6553,-,0,0,0,1,1
6554,C,1,0,2,1,2
6555,A,1,-1,2,0,2
6556,-,0,-1,0,0,1
6557,B,1,-1,2,0,1
6558,-,0,0,0,0,1
6559,-,0,-1,0,0,0
6560,-,0,0,0,0,0
6561,C,1,0,1,0,1
6562,-,0,-1,0,0,0
6563,-,0,0,0,0,0
6564,-,0,0,0,0,0
6565,-,0,0,0,0,0
6566,A,1,0,3,0,1
6567,-,0,0,0,0,1
6568,-,0,0,0,0,1
6569,B,1,-1,2,1,1
6570,-,0,0,0,1,1
6571,-,0,-1,0,1,0
6572,-,0,0,0,1,0
6573,-,0,0,0,1,0
6574,C,1,0,2,1,1
6575,-,0,0,0,1,1
6576,-,0,-1,0,1,0
6577,-,0,0,0,1,0
6578,-,0,0,0,1,0
6579,A,1,0,2,1,1
6580,-,0,0,0,1,1
6581,-,0,-1,0,1,0
6582,-,0,0,0,1,0
6583,B,1,0,2,1,1
6584,-,0,0,0,1,1
6585,C,1,-1,2,0,1
6586,-,0,0,0,0,1
6587,-,0,-1,0,0,0
6588,A,1,0,2,0,1
6589,-,0,0,0,0,1
6590,B,1,-1,3,0,1
6591,C,1,0,2,0,2
6592,-,0,0,0,0,2
6593,-,0,-2,0,0,0
6594,A,-1,0,2,0,1
6595,-,0,0,0,0,1
6596,B,1,1,1,0,1
6597,C,1,-1,2,0,1
6598,A,1,0,2,0,2
6599,-,0,-1,0,0,1
6600,B,1,-1,3,1,1
6601,C,-1,0,2,1,2
6602,-,0,0,0,1,2
6603,A,-1,0,2,1,1
6604,-,0,0,0,1,1
6605,-,0,1,0,1,0
6606,B,-1,0,2,1,1
6607,C,1,0,2,1,2
6608,-,0,1,0,1,1
6609,A,-1,-1,2,1,1
6610,B,1,0,2,1,2
6611,-,0,1,0,1,1
6612,-,0,-1,0,1,0
6613,-,0,0,0,1,0
6614,C,-1,0,1,1,1
6615,-,0,1,0,1,0
6616,A,1,0,2,1,1
6617,-,0,0,0,1,1
6618,-,0,-1,0,1,0
6619,-,0,0,0,1,0
6620,-,0,0,0,1,0
6621,-,0,0,0,1,0
6622,-,0,0,0,1,0
6623,B,-1,0,1,1,1
6624,C,-1,1,3,1,1
6625,-,0,0,0,1,1
6626,A,-1,0,3,1,2
6627,-,0,1,0,1,1
6628,-,0,0,0,1,1
6629,B,1,1,2,1,1
6630,-,0,0,0,1,1
6631,-,0,-1,0,1,0
6632,-,0,0,0,1,0
6633,C,1,0,1,1,1
6634,-,0,-1,0,1,0
6635,-,0,0,0,1,0
6636,-,0,0,0,1,0
6637,-,0,0,0,1,0
6638,-,0,0,0,1,0
6639,-,0,0,0,1,0
6640,A,1,0,1,0,1
6641,B,1,-1,3,0,1
6642,-,0,0,0,0,1
6643,-,0,0,0,0,1
6644,-,0,-1,0,0,0
6645,-,0,0,0,0,0
6646,-,0,0,0,0,0
6647,-,0,0,0,0,0
6648,C,1,0,1,0,1
6649,-,0,-1,0,0,0
6650,-,0,0,0,0,0
6651,A,-1,0,2,0,1
6652,-,0,0,0,0,1
6653,B,1,1,1,0,1
6654,C,1,-1,2,0,1
6655,-,0,0,0,0,1
6656,A,1,-1,1,0,1
6657,-,0,-1,0,0,0
6658,B,1,0,2,1,1
6659,-,0,0,0,1,1
6660,-,0,-1,0,1,0
6661,-,0,0,0,1,0
6662,-,0,0,0,1,0
6663,C,-1,0,2,1,1
6664,-,0,0,0,1,1
6665,A,1,1,2,1,1
6666,-,0,0,0,1,1
6667,-,0,-1,0,1,0
6668,-,0,0,0,1,0
6669,-,0,0,0,1,0
6670,-,0,0,0,1,0
6671,-,0,0,0,1,0
6672,-,0,0,0,1,0
6673,-,0,0,0,1,0
6674,-,0,0,0,1,0
6675,-,0,0,0,1,0
6676,-,0,0,0,1,0
6677,-,0,0,0,1,0
6678,-,0,0,0,1,0
6679,-,0,0,0,1,0
6680,-,0,0,0,1,0
6681,-,0,0,0,1,0
6682,-,0,0,0,1,0
6683,-,0,0,0,1,0
6684,-,0,0,0,1,0
6685,-,0,0,0,1,0
6686,-,0,0,0,1,0
6687,-,0,0,0,1,0
6688,-,0,0,0,1,0
6689,B,1,0,2,1,1
6690,C,-1,0,4,1,2
6691,-,0,-1,0,1,1
6692,A,-1,0,2,1,2
6693,-,0,0,0,1,2
6694,-,0,2,0,1,0
6695,-,0,0,0,1,0
6696,-,0,0,0,1,0
6697,-,0,0,0,1,0
6698,-,0,0,0,1,0
6699,-,0,0,0,1,0
6700,B,1,0,2,1,1
6701,C,-1,0,1,1,2
6702,-,0,0,0,1,0
6703,-,0,0,0,1,0
6704,-,0,0,0,1,0
6705,A,-1,0,2,1,1
6706,-,0,0,0,1,1
6707,-,0,1,0,1,0
6708,B,1,0,3,1,1
6709,-,0,0,0,1,1
6710,-,0,0,0,1,1
6711,-,0,-1,0,1,0
6712,-,0,0,0,1,0
6713,-,0,0,0,1,0
6714,C,-1,0,2,1,1
6715,-,0,0,0,1,1
6716,A,1,1,2,1,1
6717,-,0,0,0,1,1
6718,-,0,-1,0,1,0
6719,-,0,0,0,1,0
6720,-,0,0,0,1,0
6721,-,0,0,0,1,0
6722,-,0,0,0,1,0
6723,-,0,0,0,1,0
6724,-,0,0,0,1,0
6725,-,0,0,0,1,0
6726,-,0,0,0,1,0
6727,-,0,0,0,1,0
6728,-,0,0,0,1,0
6729,B,1,0,3,1,1
6730,-,0,0,0,1,1
6731,-,0,0,0,1,1
6732,-,0,-1,0,1,0
6733,-,0,0,0,1,0
6734,-,0,0,0,1,0
6735,-,0,0,0,1,0
6736,-,0,0,0,1,0
6737,-,0,0,0,1,0
6738,-,0,0,0,1,0
6739,-,0,0,0,1,0
6740,-,0,0,0,1,0
6741,-,0,0,0,1,0
6742,-,0,0,0,1,0
6743,-,0,0,0,1,0
6744,-,0,0,0,1,0
6745,C,-1,0,3,1,1
6746,-,0,0,0,1,1
6747,-,0,0,0,1,1
6748,-,0,1,0,1,0
6749,A,1,0,4,1,1
6750,-,0,0,0,1,1
6751,-,0,0,0,1,1
6752,-,0,0,0,1,1
6753,-,0,-1,0,1,0
6754,-,0,0,0,1,0
6755,B,1,0,2,1,1
6756,-,0,0,0,1,1
6757,C,1,-1,4,1,1
6758,-,0,0,0,1,1
6759,A,1,0,3,0,2
6760,B,1,0,2,0,3
6761,-,0,-1,0,0,2
6762,-,0,-2,0,0,0
6763,C,1,0,2,0,1
6764,A,1,0,3,0,2
6765,B,1,-1,3,1,2
6766,-,0,0,0,1,2
6767,-,0,-1,0,1,1
6768,-,0,-1,0,1,0
6769,-,0,0,0,1,0
6770,-,0,0,0,1,0
6771,-,0,0,0,1,0
6772,-,0,0,0,1,0
6773,C,-1,0,2,1,1
6774,-,0,0,0,1,1
6775,-,0,1,0,1,0
6776,-,0,0,0,1,0
6777,-,0,0,0,1,0
6778,-,0,0,0,1,0
6779,-,0,0,0,1,0
6780,A,1,0,2,1,1
6781,-,0,0,0,1,1
6782,B,-1,-1,2,1,1
6783,-,0,0,0,1,1
6784,-,0,1,0,1,0
6785,C,1,0,2,1,1
6786,-,0,0,0,1,1
6787,A,-1,-1,1,1,1
6788,-,0,1,0,1,0
6789,-,0,0,0,1,0
6790,-,0,0,0,1,0
6791,-,0,0,0,1,0
6792,-,0,0,0,1,0
6793,-,0,0,0,1,0
6794,B,1,0,2,1,1
6795,-,0,0,0,1,1
6796,-,0,-1,0,1,0
6797,-,0,0,0,1,0
6798,C,-1,0,1,1,1
6799,-,0,1,0,1,0
6800,-,0,0,0,1,0
6801,-,0,0,0,1,0
6802,A,1,0,1,1,1
6803,-,0,-1,0,1,0
6804,-,0,0,0,1,0
6805,-,0,0,0,1,0
6806,B,-1,0,1,1,1
6807,-,0,1,0,1,0
6808,C,1,0,1,1,1
6809,-,0,-1,0,1,0
6810,A,-1,0,2,1,1
6811,-,0,0,0,1,1
6812,-,0,1,0,1,0
6813,-,0,0,0,1,0
6814,-,0,0,0,1,0
6815,B,-1,0,3,1,1
6816,-,0,0,0,1,1
6817,-,0,0,0,1,1
6818,C,-1,1,2,1,1
6819,A,-1,0,1,1,2
6820,-,0,2,0,1,0
6821,B,-1,0,3,1,1
6822,-,0,0,0,1,1
6823,C,-1,0,2,1,2
6824,A,-1,1,2,1,2
6825,B,-1,1,1,1,2
6826,C,-1,2,4,1,1
6827,A,-1,0,3,1,2
6828,B,-1,0,2,1,3
6829,-,0,0,0,1,3
6830,-,0,3,0,1,0
6831,-,0,0,0,1,0
6832,C,-1,0,1,1,1
6833,-,0,1,0,1,0
6834,-,0,0,0,1,0
6835,-,0,0,0,1,0
6836,-,0,0,0,1,0
6837,-,0,0,0,1,0
6838,A,-1,0,3,1,1
6839,B,1,0,1,1,2
6840,-,0,-1,0,1,1
6841,-,0,1,0,1,0
6842,-,0,0,0,1,0
6843,-,0,0,0,1,0
6844,-,0,0,0,1,0
6845,-,0,0,0,1,0
6846,-,0,0,0,1,0
6847,-,0,0,0,1,0
6848,C,-1,0,2,1,1
6849,-,0,0,0,1,1
6850,-,0,1,0,1,0
6851,-,0,0,0,1,0
6852,-,0,0,0,1,0
6853,-,0,0,0,1,0
6854,-,0,0,0,1,0
6855,-,0,0,0,1,0
6856,-,0,0,0,1,0
6857,-,0,0,0,1,0
6858,A,-1,0,2,1,1
6859,-,0,0,0,1,1
6860,-,0,1,0,1,0
6861,-,0,0,0,1,0
6862,-,0,0,0,1,0
6863,B,-1,0,3,1,1
6864,-,0,0,0,1,1
6865,-,0,0,0,1,1
6866,-,0,1,0,1,0
6867,C,1,0,3,1,1
6868,A,-1,0,2,1,2
6869,-,0,0,0,1,2
6870,-,0,0,0,1,0
6871,-,0,0,0,1,0
6872,-,0,0,0,1,0
6873,-,0,0,0,1,0
6874,-,0,0,0,1,0
6875,B,1,0,2,1,1
6876,-,0,0,0,1,1
6877,C,-1,-1,2,1,1
6878,-,0,0,0,1,1
6879,-,0,1,0,1,0
6880,A,-1,0,3,1,1
6881,-,0,0,0,1,1
6882,-,0,0,0,1,1
6883,-,0,1,0,1,0
6884,-,0,0,0,1,0
6885,-,0,0,0,1,0
6886,-,0,0,0,1,0
6887,-,0,0,0,1,0
6888,-,0,0,0,1,0
6889,-,0,0,0,1,0
6890,-,0,0,0,1,0
6891,B,1,0,3,1,1
6892,-,0,0,0,1,1
6893,-,0,0,0,1,1
6894,C,-1,-1,1,1,1
6895,-,0,1,0,1,0
6896,-,0,0,0,1,0
6897,-,0,0,0,1,0
6898,A,1,0,4,1,1
6899,B,-1,0,3,1,2
6900,C,1,0,2,1,3
6901,-,0,0,0,1,3
6902,-,0,-1,0,1,0
6903,-,0,0,0,1,0
6904,-,0,0,0,1,0
6905,-,0,0,0,1,0
6906,A,-1,0,2,1,1
6907,-,0,0,0,1,1
6908,B,-1,1,4,1,1
6909,-,0,0,0,1,1
6910,-,0,0,0,1,1
6911,-,0,0,0,1,1
6912,-,0,1,0,1,0
6913,-,0,0,0,1,0
6914,-,0,0,0,1,0
6915,-,0,0,0,1,0
6916,-,0,0,0,1,0
6917,-,0,0,0,1,0
6918,C,-1,0,3,1,1
6919,-,0,0,0,1,1
6920,-,0,0,0,1,1
6921,-,0,1,0,1,0
6922,-,0,0,0,1,0
6923,-,0,0,0,1,0
6924,-,0,0,0,1,0
6925,A,-1,0,3,1,1
6926,-,0,0,0,1,1
6927,B,-1,0,3,1,2
6928,-,0,1,0,1,1
6929,-,0,0,0,1,1
6930,-,0,1,0,1,0
6931,-,0,0,0,1,0
6932,-,0,0,0,1,0
6933,C,-1,0,4,1,1
6934,A,-1,0,2,1,2
6935,-,0,0,0,1,2
6936,-,0,1,0,1,1
6937,B,-1,1,2,1,1
6938,-,0,0,0,1,1
6939,C,1,1,2,1,1
6940,-,0,0,0,1,1
6941,-,0,-1,0,1,0
6942,-,0,0,0,1,0
6943,-,0,0,0,1,0
6944,-,0,0,0,1,0
6945,-,0,0,0,1,0
6946,-,0,0,0,1,0
6947,A,1,0,2,1,1
6948,B,-1,0,1,1,2
6949,-,0,0,0,1,0
6950,-,0,0,0,1,0
6951,C,1,0,2,1,1
6952,-,0,0,0,1,1
6953,A,-1,-1,4,1,1
6954,B,-1,0,2,1,2
6955,C,-1,0,2,1,3
6956,A,-1,1,2,1,3
6957,B,-1,2,2,1,2
6958,-,0,1,0,1,1
6959,-,0,1,0,1,0
6960,-,0,0,0,1,0
6961,-,0,0,0,1,0
6962,-,0,0,0,1,0
6963,-,0,0,0,1,0
6964,-,0,0,0,1,0
6965,-,0,0,0,1,0
6966,-,0,0,0,1,0
6967,C,1,0,2,1,1
6968,A,1,0,2,1,2
6969,-,0,-1,0,1,1
6970,B,1,-1,1,1,1
6971,C,-1,-1,2,1,1
6972,-,0,0,0,1,1
6973,-,0,1,0,1,0
6974,-,0,0,0,1,0
6975,A,-1,0,2,1,1
6976,-,0,0,0,1,1
6977,-,0,1,0,1,0
6978,-,0,0,0,1,0
6979,-,0,0,0,1,0
6980,-,0,0,0,1,0
6981,-,0,0,0,1,0
6982,-,0,0,0,1,0
6983,-,0,0,0,1,0
6984,-,0,0,0,1,0
6985,-,0,0,0,1,0
6986,B,-1,0,1,1,1
6987,-,0,1,0,1,0
6988,-,0,0,0,1,0
6989,-,0,0,0,1,0
6990,-,0,0,0,1,0
6991,-,0,0,0,1,0
6992,-,0,0,0,1,0
6993,-,0,0,0,1,0
6994,C,-1,0,2,1,1
6995,-,0,0,0,1,1
6996,A,-1,1,2,1,1
6997,B,-1,0,4,1,2
6998,-,0,1,0,1,1
6999,-,0,0,0,1,1
7000,-,0,0,0,1,1
7001,-,0,1,0,1,0
7002,C,1,0,2,1,1
7003,-,0,0,0,1,1
7004,-,0,-1,0,1,0
7005,-,0,0,0,1,0
7006,-,0,0,0,1,0
7007,-,0,0,0,1,0
7008,A,-1,0,1,1,1
7009,-,0,1,0,1,0
7010,-,0,0,0,1,0
7011,-,0,0,0,1,0
7012,-,0,0,0,1,0
7013,-,0,0,0,1,0
7014,-,0,0,0,1,0
7015,B,-1,0,3,1,1
7016,-,0,0,0,1,1
7017,-,0,0,0,1,1
7018,-,0,1,0,1,0
7019,-,0,0,0,1,0
7020,-,0,0,0,1,0
7021,-,0,0,0,1,0
7022,-,0,0,0,1,0
7023,C,-1,0,4,1,1
7024,-,0,0,0,1,1
7025,-,0,0,0,1,1
7026,-,0,0,0,1,1
7027,-,0,1,0,1,0
7028,A,1,0,3,1,1
7029,-,0,0,0,1,1
7030,B,-1,0,2,1,2
7031,C,-1,-1,2,1,2
7032,-,0,1,0,1,1
7033,A,-1,1,1,1,1
7034,B,-1,1,2,1,1
7035,-,0,0,0,1,1
7036,C,-1,1,2,1,1
7037,-,0,0,0,1,1
7038,A,1,1,2,1,1
7039,-,0,0,0,1,1
7040,-,0,-1,0,1,0
7041,-,0,0,0,1,0
7042,-,0,0,0,1,0
7043,-,0,0,0,1,0
7044,-,0,0,0,1,0
7045,-,0,0,0,1,0
7046,-,0,0,0,1,0
7047,B,1,0,3,1,1
7048,-,0,0,0,1,1
7049,-,0,0,0,1,1
7050,-,0,-1,0,1,0
7051,-,0,0,0,1,0
7052,C,-1,0,2,1,1
7053,-,0,0,0,1,1
7054,-,0,1,0,1,0
7055,A,-1,0,1,1,1
7056,B,1,1,3,1,1
7057,-,0,0,0,1,1
7058,-,0,0,0,1,1
7059,-,0,-1,0,1,0
7060,-,0,0,0,1,0
7061,C,-1,0,3,1,1
7062,-,0,0,0,1,1
7063,-,0,0,0,1,1
7064,-,0,1,0,1,0
7065,A,-1,0,2,1,1
7066,-,0,0,0,1,1
7067,-,0,1,0,1,0
7068,-,0,0,0,1,0
7069,-,0,0,0,1,0
7070,-,0,0,0,1,0
7071,B,-1,0,4,1,1
7072,C,-1,0,2,1,2
7073,-,0,0,0,1,2
7074,-,0,1,0,1,1
7075,-,0,1,0,1,0
7076,-,0,0,0,1,0
7077,-,0,0,0,1,0
7078,-,0,0,0,1,0
7079,A,1,0,1,1,1
7080,-,0,-1,0,1,0
7081,B,-1,0,2,1,1
7082,-,0,0,0,1,1
7083,-,0,1,0,1,0
7084,C,1,0,4,1,1
7085,-,0,0,0,1,1
7086,A,1,0,2,1,2
7087,-,0,0,0,1,2
7088,-,0,-2,0,1,0
7089,B,-1,0,2,1,1
7090,C,-1,0,2,1,2
7091,A,-1,1,3,1,2
7092,-,0,1,0,1,1
7093,-,0,0,0,1,1
7094,-,0,1,0,1,0
7095,-,0,0,0,1,0
7096,-,0,0,0,1,0
7097,-,0,0,0,1,0
7098,-,0,0,0,1,0
7099,-,0,0,0,1,0
7100,B,1,0,2,1,1
7101,-,0,0,0,1,1
7102,-,0,-1,0,1,0
7103,-,0,0,0,1,0
7104,C,-1,0,2,1,1
7105,-,0,0,0,1,1
7106,-,0,1,0,1,0
7107,-,0,0,0,1,0
7108,-,0,0,0,1,0
7109,-,0,0,0,1,0
7110,-,0,0,0,1,0
7111,-,0,0,0,1,0
7112,-,0,0,0,1,0
7113,-,0,0,0,1,0
7114,-,0,0,0,1,0
7115,-,0,0,0,1,0
7116,-,0,0,0,1,0
7117,-,0,0,0,1,0
7118,A,1,0,1,1,1
7119,-,0,-1,0,1,0
7120,B,-1,0,2,1,1
7121,C,1,0,3,1,2
7122,-,0,1,0,1,1
7123,-,0,0,0,1,1
7124,-,0,-1,0,1,0
7125,-,0,0,0,1,0
7126,-,0,0,0,1,0
7127,-,0,0,0,1,0
7128,-,0,0,0,1,0
7129,A,-1,0,2,1,1
7130,-,0,0,0,1,1
7131,-,0,1,0,1,0
7132,-,0,0,0,1,0
7133,B,-1,0,3,1,1
7134,-,0,0,0,1,1
7135,-,0,0,0,1,1
7136,-,0,1,0,1,0
7137,-,0,0,0,1,0
7138,-,0,0,0,1,0
7139,-,0,0,0,1,0
7140,-,0,0,0,1,0
7141,-,0,0,0,1,0
7142,C,-1,0,2,1,1
7143,A,-1,0,2,1,2
7144,-,0,1,0,1,1
7145,-,0,1,0,1,0
7146,-,0,0,0,1,0
7147,-,0,0,0,1,0
7148,-,0,0,0,1,0
7149,-,0,0,0,1,0
7150,-,0,0,0,1,0
7151,-,0,0,0,1,0
7152,-,0,0,0,1,0
7153,-,0,0,0,1,0
7154,B,-1,0,3,1,1
7155,-,0,0,0,1,1
7156,C,1,0,2,1,2
7157,-,0,1,0,1,1
7158,-,0,-1,0,1,0
7159,-,0,0,0,1,0
7160,-,0,0,0,1,0
7161,-,0,0,0,1,0
7162,A,-1,0,3,1,1
7163,B,1,0,4,1,2
7164,C,-1,0,1,1,3
7165,-,0,2,0,1,1
7166,-,0,0,0,1,1
7167,A,-1,-1,3,1,1
7168,-,0,0,0,1,1
7169,-,0,0,0,1,1
7170,-,0,1,0,1,0
7171,-,0,0,0,1,0
7172,-,0,0,0,1,0
7173,-,0,0,0,1,0
7174,-,0,0,0,1,0
7175,-,0,0,0,1,0
7176,-,0,0,0,1,0
7177,-,0,0,0,1,0
7178,-,0,0,0,1,0
7179,-,0,0,0,1,0
7180,-,0,0,0,1,0
7181,-,0,0,0,1,0
7182,-,0,0,0,1,0
7183,-,0,0,0,1,0
7184,-,0,0,0,1,0
7185,-,0,0,0,1,0
7186,-,0,0,0,1,0
7187,-,0,0,0,1,0
7188,B,-1,0,3,1,1
7189,-,0,0,0,1,1
7190,-,0,0,0,1,1
7191,-,0,1,0,1,0
7192,-,0,0,0,1,0
7193,-,0,0,0,1,0
7194,-,0,0,0,1,0
7195,-,0,0,0,1,0
7196,C,-1,0,3,1,1
7197,-,0,0,0,1,1
7198,A,-1,0,3,1,2
7199,B,1,1,2,1,2
7200,C,1,0,1,1,3
7201,A,-1,-1,2,1,1
7202,-,0,0,0,1,1
7203,-,0,1,0,1,0
7204,-,0,0,0,1,0
7205,-,0,0,0,1,0
7206,-,0,0,0,1,0
7207,-,0,0,0,1,0
7208,-,0,0,0,1,0
7209,-,0,0,0,1,0
7210,-,0,0,0,1,0
7211,B,-1,0,1,1,1
7212,-,0,1,0,1,0
7213,-,0,0,0,1,0
7214,-,0,0,0,1,0
7215,-,0,0,0,1,0
7216,C,-1,0,2,1,1
7217,-,0,0,0,1,1
7218,-,0,1,0,1,0
7219,-,0,0,0,1,0
7220,-,0,0,0,1,0
7221,A,1,0,2,1,1
7222,-,0,0,0,1,1
7223,-,0,-1,0,1,0
7224,-,0,0,0,1,0
7225,-,0,0,0,1,0
7226,-,0,0,0,1,0
7227,-,0,0,0,1,0
7228,-,0,0,0,1,0
7229,-,0,0,0,1,0
7230,-,0,0,0,1,0
7231,-,0,0,0,1,0
7232,-,0,0,0,1,0
7233,B,-1,0,4,1,1
7234,-,0,0,0,1,1
7235,-,0,0,0,1,1
7236,-,0,0,0,1,1
7237,-,0,1,0,1,0
7238,C,-1,0,2,1,1
7239,A,-1,0,2,1,2
7240,-,0,1,0,1,1
7241,B,-1,1,2,1,1
7242,C,-1,0,3,1,2
7243,-,0,1,0,1,1
7244,-,0,0,0,1,1
7245,-,0,1,0,1,0
7246,-,0,0,0,1,0
7247,-,0,0,0,1,0
7248,-,0,0,0,1,0
7249,-,0,0,0,1,0
7250,-,0,0,0,1,0
7251,A,-1,0,1,1,1
7252,-,0,1,0,1,0
7253,B,1,0,2,1,1
7254,-,0,0,0,1,1
7255,-,0,-1,0,1,0
7256,-,0,0,0,1,0
7257,-,0,0,0,1,0
7258,C,1,0,1,1,1
7259,A,1,-1,2,0,1
7260,-,0,0,0,0,1
7261,-,0,-1,0,0,0
7262,B,-1,0,3,0,1
7263,C,1,0,3,0,2
7264,A,1,0,2,0,3
7265,B,1,1,2,0,3
7266,C,1,-2,3,1,2
7267,-,0,-1,0,1,1
7268,A,-1,0,2,1,2
7269,-,0,-1,0,1,1
7270,-,0,1,0,1,0
7271,-,0,0,0,1,0
7272,-,0,0,0,1,0
7273,-,0,0,0,1,0
7274,-,0,0,0,1,0
7275,-,0,0,0,1,0
7276,-,0,0,0,1,0
7277,-,0,0,0,1,0
7278,B,1,0,2,1,1
7279,C,-1,0,1,1,2
7280,-,0,0,0,1,0
7281,A,-1,0,2,1,1
7282,-,0,0,0,1,1
7283,B,1,1,2,1,1
7284,-,0,0,0,1,1
7285,-,0,-1,0,1,0
7286,C,-1,0,2,1,1
7287,A,1,0,4,1,2
7288,-,0,1,0,1,1
7289,-,0,0,0,1,1
7290,B,-1,0,2,1,2
7291,-,0,-1,0,1,1
7292,C,-1,1,2,1,1
7293,A,1,0,2,1,2
7294,-,0,1,0,1,1
7295,B,-1,-1,2,1,1
7296,C,-1,0,2,1,2
7297,-,0,1,0,1,1
7298,-,0,1,0,1,0
7299,A,1,0,3,1,1
7300,-,0,0,0,1,1
7301,B,-1,0,1,1,2
7302,-,0,0,0,1,0
7303,-,0,0,0,1,0
7304,-,0,0,0,1,0
7305,-,0,0,0,1,0
7306,C,1,0,2,1,1
7307,-,0,0,0,1,1
7308,A,-1,-1,2,1,1
7309,-,0,0,0,1,1
7310,-,0,1,0,1,0
7311,-,0,0,0,1,0
7312,-,0,0,0,1,0
7313,-,0,0,0,1,0
7314,-,0,0,0,1,0
7315,-,0,0,0,1,0
7316,-,0,0,0,1,0
7317,-,0,0,0,1,0
7318,-,0,0,0,1,0
7319,-,0,0,0,1,0
7320,-,0,0,0,1,0
7321,B,-1,0,2,1,1
7322,C,1,0,2,1,2
7323,-,0,1,0,1,1
7324,-,0,-1,0,1,0
7325,-,0,0,0,1,0
7326,A,1,0,2,1,1
7327,-,0,0,0,1,1
7328,-,0,-1,0,1,0
7329,B,-1,0,3,1,1
7330,C,-1,0,1,1,2
7331,A,-1,1,2,1,2
7332,-,0,1,0,1,1
7333,-,0,1,0,1,0
7334,-,0,0,0,1,0
7335,-,0,0,0,1,0
7336,-,0,0,0,1,0
7337,B,1,0,4,1,1
7338,-,0,0,0,1,1
7339,-,0,0,0,1,1
7340,-,0,0,0,1,1
7341,-,0,-1,0,1,0
7342,-,0,0,0,1,0
7343,-,0,0,0,1,0
7344,-,0,0,0,1,0
7345,-,0,0,0,1,0
7346,-,0,0,0,1,0
7347,-,0,0,0,1,0
7348,-,0,0,0,1,0
7349,-,0,0,0,1,0
7350,-,0,0,0,1,0
7351,C,-1,0,4,1,1
7352,-,0,0,0,1,1
7353,-,0,0,0,1,1
7354,-,0,0,0,1,1
7355,-,0,1,0,1,0
7356,A,-1,0,2,1,1
7357,-,0,0,0,1,1
7358,B,1,1,4,1,1
7359,-,0,0,0,1,1
7360,C,1,0,2,1,2
7361,-,0,0,0,1,2
7362,-,0,-2,0,1,0
7363,-,0,0,0,1,0
7364,-,0,0,0,1,0
7365,-,0,0,0,1,0
7366,-,0,0,0,1,0
7367,-,0,0,0,1,0
7368,-,0,0,0,1,0
7369,-,0,0,0,1,0
7370,-,0,0,0,1,0
7371,-,0,0,0,1,0
7372,-,0,0,0,1,0
7373,A,1,0,3,1,1
7374,-,0,0,0,1,1
7375,-,0,0,0,1,1
7376,-,0,-1,0,1,0
7377,-,0,0,0,1,0
7378,-,0,0,0,1,0
7379,-,0,0,0,1,0
7380,-,0,0,0,1,0
7381,-,0,0,0,1,0
7382,-,0,0,0,1,0
7383,-,0,0,0,1,0
7384,B,-1,0,3,1,1
7385,-,0,0,0,1,1
7386,C,-1,0,1,1,2
7387,-,0,2,0,1,0
7388,-,0,0,0,1,0
7389,A,-1,0,2,1,1
7390,B,-1,0,2,1,2
7391,-,0,1,0,1,1
7392,-,0,1,0,1,0
7393,C,-1,0,3,1,1
7394,-,0,0,0,1,1
7395,-,0,0,0,1,1
7396,A,1,1,3,1,1
7397,-,0,0,0,1,1
7398,B,-1,0,2,1,2
7399,-,0,-1,0,1,1
7400,-,0,1,0,1,0
7401,-,0,0,0,1,0
7402,-,0,0,0,1,0
7403,-,0,0,0,1,0
7404,-,0,0,0,1,0
7405,-,0,0,0,1,0
7406,C,1,0,2,1,1
7407,-,0,0,0,1,1
7408,A,1,-1,2,1,1
7409,-,0,0,0,1,1
7410,-,0,-1,0,1,0
7411,-,0,0,0,1,0
7412,B,-1,0,1,1,1
7413,-,0,1,0,1,0
7414,-,0,0,0,1,0
7415,-,0,0,0,1,0
7416,C,-1,0,2,1,1
7417,-,0,0,0,1,1
7418,-,0,1,0,1,0
7419,-,0,0,0,1,0
7420,-,0,0,0,1,0
7421,-,0,0,0,1,0
7422,-,0,0,0,1,0
7423,-,0,0,0,1,0
7424,-,0,0,0,1,0
7425,-,0,0,0,1,0
7426,A,-1,0,1,1,1
7427,-,0,1,0,1,0
7428,-,0,0,0,1,0
7429,-,0,0,0,1,0
7430,B,-1,0,2,1,1
7431,-,0,0,0,1,1
7432,C,-1,1,2,1,1
7433,-,0,0,0,1,1
7434,-,0,1,0,1,0
7435,-,0,0,0,1,0
7436,A,1,0,3,1,1
7437,-,0,0,0,1,1
7438,-,0,0,0,1,1
7439,B,-1,-1,2,1,1
7440,-,0,0,0,1,1
7441,C,-1,1,2,1,1
7442,-,0,0,0,1,1
7443,A,-1,1,2,1,1
7444,-,0,0,0,1,1
7445,-,0,1,0,1,0
7446,-,0,0,0,1,0
7447,-,0,0,0,1,0
7448,-,0,0,0,1,0
7449,-,0,0,0,1,0
7450,B,-1,0,2,1,1
7451,-,0,0,0,1,1
7452,-,0,1,0,1,0
7453,-,0,0,0,1,0
7454,C,-1,0,2,1,1
7455,A,-1,0,3,1,2
7456,-,0,1,0,1,1
7457,-,0,0,0,1,1
7458,-,0,1,0,1,0
7459,-,0,0,0,1,0
7460,-,0,0,0,1,0
7461,-,0,0,0,1,0
7462,-,0,0,0,1,0
7463,B,-1,0,2,1,1
7464,-,0,0,0,1,1
7465,-,0,1,0,1,0
7466,-,0,0,0,1,0
7467,-,0,0,0,1,0
7468,-,0,0,0,1,0
7469,-,0,0,0,1,0
7470,C,1,0,2,1,1
7471,-,0,0,0,1,1
7472,-,0,-1,0,1,0
7473,A,1,0,2,1,1
7474,B,1,0,2,1,2
7475,-,0,-1,0,1,1
7476,C,-1,-1,1,1,1
7477,A,1,1,2,1,1
7478,B,-1,0,1,1,2
7479,C,1,0,2,1,1
7480,-,0,0,0,1,1
7481,A,-1,-1,2,1,1
7482,B,-1,0,1,1,2
7483,-,0,2,0,1,0
7484,-,0,0,0,1,0
7485,C,-1,0,2,1,1
7486,A,-1,0,2,1,2
7487,-,0,1,0,1,1
7488,B,-1,1,2,1,1
7489,-,0,0,0,1,1
7490,-,0,1,0,1,0
7491,-,0,0,0,1,0
7492,-,0,0,0,1,0
7493,-,0,0,0,1,0
7494,C,1,0,4,1,1
7495,-,0,0,0,1,1
7496,-,0,0,0,1,1
7497,A,-1,0,4,1,2
7498,-,0,-1,0,1,1
7499,-,0,0,0,1,1
7500,B,1,0,1,1,2
7501,C,-1,0,4,1,1
7502,A,1,0,2,1,2
7503,B,-1,0,2,1,3
7504,-,0,-1,0,1,2
7505,-,0,2,0,1,0
7506,-,0,0,0,1,0
7507,-,0,0,0,1,0
7508,-,0,0,0,1,0
7509,-,0,0,0,1,0
7510,C,-1,0,1,1,1
7511,-,0,1,0,1,0
7512,A,-1,0,2,1,1
7513,-,0,0,0,1,1
7514,-,0,1,0,1,0
7515,-,0,0,0,1,0
7516,-,0,0,0,1,0
7517,-,0,0,0,1,0
7518,-,0,0,0,1,0
7519,B,-1,0,2,1,1
7520,-,0,0,0,1,1
7521,-,0,1,0,1,0
7522,C,-1,0,3,1,1
7523,-,0,0,0,1,1
7524,-,0,0,0,1,1
7525,-,0,1,0,1,0
7526,-,0,0,0,1,0
7527,-,0,0,0,1,0
7528,A,1,0,2,1,1
7529,-,0,0,0,1,1
7530,-,0,-1,0,1,0
7531,B,-1,0,4,1,1
7532,-,0,0,0,1,1
7533,-,0,0,0,1,1
7534,C,-1,0,3,1,2
7535,-,0,1,0,1,1
7536,-,0,0,0,1,1
7537,A,-1,1,3,1,1
7538,-,0,0,0,1,1
7539,-,0,0,0,1,1
7540,-,0,1,0,1,0
7541,-,0,0,0,1,0
7542,B,1,0,3,1,1
7543,C,1,0,2,1,2
7544,-,0,0,0,1,2
7545,-,0,-2,0,1,0
7546,-,0,0,0,1,0
7547,-,0,0,0,1,0
7548,-,0,0,0,1,0
7549,-,0,0,0,1,0
7550,-,0,0,0,1,0
7551,-,0,0,0,1,0
7552,-,0,0,0,1,0
7553,-,0,0,0,1,0
7554,A,-1,0,3,1,1
7555,-,0,0,0,1,1
7556,-,0,0,0,1,1
7557,-,0,1,0,1,0
7558,-,0,0,0,1,0
7559,-,0,0,0,1,0
7560,B,1,0,3,1,1
7561,C,-1,0,1,1,2
7562,A,1,1,3,1,2
7563,-,0,-1,0,1,1
7564,-,0,0,0,1,1
7565,-,0,-1,0,1,0
7566,B,-1,0,2,1,1
7567,-,0,0,0,1,1
7568,C,-1,1,3,1,1
7569,A,1,0,2,1,2
7570,-,0,0,0,1,2
7571,-,0,0,0,1,0
7572,-,0,0,0,1,0
7573,-,0,0,0,1,0
7574,B,-1,0,1,1,1
7575,-,0,1,0,1,0
7576,-,0,0,0,1,0
7577,-,0,0,0,1,0
7578,C,-1,0,2,1,1
7579,-,0,0,0,1,1
7580,-,0,1,0,1,0
7581,-,0,0,0,1,0
7582,-,0,0,0,1,0
7583,-,0,0,0,1,0
7584,-,0,0,0,1,0
7585,A,1,0,4,1,1
7586,-,0,0,0,1,1
7587,-,0,0,0,1,1
7588,-,0,0,0,1,1
7589,-,0,-1,0,1,0
7590,-,0,0,0,1,0
7591,B,-1,0,2,1,1
7592,C,-1,0,2,1,2
7593,-,0,1,0,1,1
7594,A,-1,1,2,1,1
7595,-,0,0,0,1,1
7596,B,-1,1,2,1,1
7597,C,-1,0,2,1,2
7598,A,1,1,3,1,2
7599,-,0,1,0,1,1
7600,-,0,0,0,1,1
7601,B,-1,-1,4,1,1
7602,-,0,0,0,1,1
7603,-,0,0,0,1,1
7604,-,0,0,0,1,1
7605,-,0,1,0,1,0
7606,C,1,0,3,1,1
7607,-,0,0,0,1,1
7608,-,0,0,0,1,1
7609,A,-1,-1,3,1,1
7610,-,0,0,0,1,1
7611,-,0,0,0,1,1
7612,B,-1,1,1,1,1
7613,-,0,1,0,1,0
7614,C,1,0,1,1,1
7615,A,-1,-1,2,1,1
7616,B,1,0,1,1,2
7617,C,-1,0,1,1,1
7618,-,0,1,0,1,0
7619,-,0,0,0,1,0
7620,-,0,0,0,1,0
7621,-,0,0,0,1,0
7622,-,0,0,0,1,0
7623,-,0,0,0,1,0
7624,-,0,0,0,1,0
7625,-,0,0,0,1,0
7626,-,0,0,0,1,0
7627,-,0,0,0,1,0
7628,-,0,0,0,1,0
7629,-,0,0,0,1,0
7630,A,-1,0,3,1,1
7631,-,0,0,0,1,1
7632,-,0,0,0,1,1
7633,-,0,1,0,1,0
7634,B,1,0,2,1,1
7635,-,0,0,0,1,1
7636,-,0,-1,0,1,0
7637,-,0,0,0,1,0
7638,-,0,0,0,1,0
7639,-,0,0,0,1,0
7640,-,0,0,0,1,0
7641,-,0,0,0,1,0
7642,-,0,0,0,1,0
7643,-,0,0,0,1,0
7644,-,0,0,0,1,0
7645,-,0,0,0,1,0
7646,C,-1,0,3,1,1
7647,-,0,0,0,1,1
7648,-,0,0,0,1,1
7649,A,-1,1,2,1,1
7650,-,0,0,0,1,1
7651,-,0,1,0,1,0
7652,B,-1,0,2,1,1
7653,C,1,0,3,1,2
7654,A,1,1,2,1,2
7655,-,0,0,0,1,2
7656,-,0,-2,0,1,0
7657,-,0,0,0,1,0
7658,-,0,0,0,1,0
7659,-,0,0,0,1,0
7660,B,-1,0,3,1,1
7661,C,1,0,2,1,2
7662,-,0,0,0,1,2
7663,-,0,0,0,1,0
7664,-,0,0,0,1,0
7665,-,0,0,0,1,0
7666,A,1,0,2,1,1
7667,-,0,0,0,1,1
7668,-,0,-1,0,1,0
7669,-,0,0,0,1,0
7670,-,0,0,0,1,0
7671,-,0,0,0,1,0
7672,B,-1,0,2,1,1
7673,-,0,0,0,1,1
7674,C,-1,1,2,1,1
7675,-,0,0,0,1,1
7676,-,0,1,0,1,0
7677,-,0,0,0,1,0
7678,-,0,0,0,1,0
7679,-,0,0,0,1,0
7680,-,0,0,0,1,0
7681,A,-1,0,2,1,1
7682,-,0,0,0,1,1
7683,-,0,1,0,1,0
7684,-,0,0,0,1,0
7685,-,0,0,0,1,0
7686,-,0,0,0,1,0
7687,-,0,0,0,1,0
7688,-,0,0,0,1,0
7689,-,0,0,0,1,0
7690,-,0,0,0,1,0
7691,B,-1,0,4,1,1
7692,C,1,0,2,1,2
7693,-,0,0,0,1,2
7694,-,0,-1,0,1,1
7695,A,-1,1,1,1,1
7696,B,-1,1,2,1,1
7697,-,0,0,0,1,1
7698,-,0,1,0,1,0
7699,-,0,0,0,1,0
7700,-,0,0,0,1,0
7701,C,-1,0,2,1,1
7702,-,0,0,0,1,1
7703,-,0,1,0,1,0
7704,A,-1,0,2,1,1
7705,-,0,0,0,1,1
7706,-,0,1,0,1,0
7707,-,0,0,0,1,0
7708,B,-1,0,2,1,1
7709,-,0,0,0,1,1
7710,-,0,1,0,1,0
7711,C,1,0,2,1,1
7712,-,0,0,0,1,1
7713,A,-1,-1,2,1,1
7714,-,0,0,0,1,1
7715,-,0,1,0,1,0
7716,-,0,0,0,1,0
7717,-,0,0,0,1,0
7718,-,0,0,0,1,0
7719,B,-1,0,3,1,1
7720,C,-1,0,2,1,2
7721,-,0,0,0,1,2
7722,-,0,2,0,1,0
7723,-,0,0,0,1,0
7724,-,0,0,0,1,0
7725,-,0,0,0,1,0
7726,A,-1,0,3,1,1
7727,-,0,0,0,1,1
7728,-,0,0,0,1,1
7729,-,0,1,0,1,0
7730,-,0,0,0,1,0
7731,-,0,0,0,1,0
7732,-,0,0,0,1,0
7733,-,0,0,0,1,0
7734,B,-1,0,3,1,1
7735,-,0,0,0,1,1
7736,-,0,0,0,1,1
7737,-,0,1,0,1,0
7738,-,0,0,0,1,0
7739,-,0,0,0,1,0
7740,C,1,0,2,1,1
7741,-,0,0,0,1,1
7742,-,0,-1,0,1,0
7743,-,0,0,0,1,0
7744,-,0,0,0,1,0
7745,-,0,0,0,1,0
7746,-,0,0,0,1,0
7747,-,0,0,0,1,0
7748,-,0,0,0,1,0
7749,-,0,0,0,1,0
7750,A,-1,0,4,1,1
7751,-,0,0,0,1,1
7752,B,1,0,3,1,2
7753,-,0,0,0,1,2
7754,-,0,1,0,1,1
7755,-,0,-1,0,1,0
7756,-,0,0,0,1,0
7757,-,0,0,0,1,0
7758,-,0,0,0,1,0
7759,-,0,0,0,1,0
7760,-,0,0,0,1,0
7761,C,-1,0,2,1,1
7762,-,0,0,0,1,1
7763,-,0,1,0,1,0
7764,-,0,0,0,1,0
7765,-,0,0,0,1,0
7766,-,0,0,0,1,0
7767,-,0,0,0,1,0
7768,A,-1,0,4,1,1
7769,-,0,0,0,1,1
7770,-,0,0,0,1,1
7771,-,0,0,0,1,1
7772,-,0,1,0,1,0
7773,-,0,0,0,1,0
7774,-,0,0,0,1,0
7775,B,1,0,2,1,1
7776,-,0,0,0,1,1
7777,-,0,-1,0,1,0
7778,-,0,0,0,1,0
7779,-,0,0,0,1,0
7780,-,0,0,0,1,0
7781,-,0,0,0,1,0
7782,C,-1,0,1,1,1
7783,A,-1,1,2,1,1
7784,B,1,0,2,1,2
7785,-,0,1,0,1,1
7786,-,0,-1,0,1,0
7787,-,0,0,0,1,0
7788,C,-1,0,2,1,1
7789,-,0,0,0,1,1
7790,-,0,1,0,1,0
7791,-,0,0,0,1,0
7792,A,1,0,2,1,1
7793,-,0,0,0,1,1
7794,-,0,-1,0,1,0
7795,-,0,0,0,1,0
7796,B,1,0,2,1,1
7797,-,0,0,0,1,1
7798,-,0,-1,0,1,0
7799,-,0,0,0,1,0
7800,C,1,0,4,1,1
7801,-,0,0,0,1,1
7802,-,0,0,0,1,1
7803,A,-1,0,2,1,2
7804,-,0,-1,0,1,1
7805,-,0,1,0,1,0
7806,B,1,0,2,1,1
7807,-,0,0,0,1,1
7808,-,0,-1,0,1,0
7809,-,0,0,0,1,0
7810,C,1,0,1,1,1
7811,-,0,-1,0,1,0
7812,-,0,0,0,1,0
7813,-,0,0,0,1,0
7814,-,0,0,0,1,0
7815,-,0,0,0,1,0
7816,-,0,0,0,1,0
7817,A,-1,0,1,1,1
7818,-,0,1,0,1,0
7819,-,0,0,0,1,0
7820,-,0,0,0,1,0
7821,-,0,0,0,1,0
7822,-,0,0,0,1,0
7823,-,0,0,0,1,0
7824,-,0,0,0,1,0
7825,B,1,0,2,1,1
7826,C,1,0,3,1,2
7827,A,-1,-1,2,1,2
7828,-,0,0,0,1,2
7829,B,1,0,2,1,1
7830,C,-1,0,2,1,2
7831,-,0,-1,0,1,1
7832,A,-1,1,4,1,1
7833,-,0,0,0,1,1
7834,-,0,0,0,1,1
7835,-,0,0,0,1,1
7836,-,0,1,0,1,0
7837,-,0,0,0,1,0
7838,-,0,0,0,1,0
7839,-,0,0,0,1,0
7840,-,0,0,0,1,0
7841,-,0,0,0,1,0
7842,-,0,0,0,1,0
7843,-,0,0,0,1,0
7844,-,0,0,0,1,0
7845,-,0,0,0,1,0
7846,-,0,0,0,1,0
7847,-,0,0,0,1,0
7848,B,1,0,2,1,1
7849,-,0,0,0,1,1
7850,-,0,-1,0,1,0
7851,C,-1,0,4,1,1
7852,-,0,0,0,1,1
7853,A,1,0,2,1,2
7854,-,0,0,0,1,2
7855,-,0,0,0,1,0
7856,-,0,0,0,1,0
7857,-,0,0,0,1,0
7858,-,0,0,0,1,0
7859,-,0,0,0,1,0
7860,-,0,0,0,1,0
7861,-,0,0,0,1,0
7862,-,0,0,0,1,0
7863,-,0,0,0,1,0
7864,-,0,0,0,1,0
7865,-,0,0,0,1,0
7866,B,1,0,2,1,1
7867,C,-1,0,2,1,2
7868,A,-1,-1,1,1,2
7869,-,0,2,0,1,0
7870,B,-1,0,2,1,1
7871,-,0,0,0,1,1
7872,-,0,1,0,1,0
7873,-,0,0,0,1,0
7874,-,0,0,0,1,0
7875,C,-1,0,2,1,1
7876,-,0,0,0,1,1
7877,-,0,1,0,1,0
7878,-,0,0,0,1,0
7879,-,0,0,0,1,0
7880,A,-1,0,2,1,1
7881,B,1,0,2,1,2
7882,-,0,1,0,1,1
7883,C,-1,-1,2,1,1
7884,-,0,0,0,1,1
7885,-,0,1,0,1,0
7886,-,0,0,0,1,0
7887,A,-1,0,2,1,1
7888,-,0,0,0,1,1
7889,B,-1,1,3,1,1
7890,-,0,0,0,1,1
7891,C,-1,0,2,1,2
7892,-,0,1,0,1,1
7893,A,-1,1,4,1,1
7894,-,0,0,0,1,1
7895,B,-1,0,4,1,2
7896,-,0,0,0,1,2
7897,-,0,1,0,1,1
7898,-,0,0,0,1,1
7899,-,0,1,0,1,0
7900,C,1,0,3,1,1
7901,-,0,0,0,1,1
7902,A,1,0,2,1,2
7903,-,0,-1,0,1,1
7904,-,0,-1,0,1,0
7905,B,1,0,3,0,1
7906,-,0,0,0,0,1
7907,C,1,0,2,0,2
7908,A,1,-1,4,0,2
7909,B,1,-1,3,0,2
7910,C,1,0,1,1,3
7911,A,1,-1,2,1,3
7912,B,-1,-2,3,1,2
7913,-,0,-1,0,1,1
7914,-,0,0,0,1,1
7915,C,1,1,1,1,1
7916,-,0,-1,0,1,0
7917,A,-1,0,2,1,1
7918,-,0,0,0,1,1
7919,-,0,1,0,1,0
7920,-,0,0,0,1,0
7921,-,0,0,0,1,0
7922,-,0,0,0,1,0
7923,-,0,0,0,1,0
7924,B,1,0,1,1,1
7925,C,-1,-1,1,1,1
7926,A,-1,1,3,1,1
7927,-,0,0,0,1,1
7928,-,0,0,0,1,1
7929,-,0,1,0,1,0
7930,-,0,0,0,1,0
7931,-,0,0,0,1,0
7932,-,0,0,0,1,0
7933,-,0,0,0,1,0
7934,-,0,0,0,1,0
7935,B,-1,0,3,1,1
7936,-,0,0,0,1,1
7937,-,0,0,0,1,1
7938,C,1,1,2,1,1
7939,A,-1,0,2,1,2
7940,-,0,-1,0,1,1
7941,-,0,1,0,1,0
7942,-,0,0,0,1,0
7943,-,0,0,0,1,0
7944,-,0,0,0,1,0
7945,-,0,0,0,1,0
7946,-,0,0,0,1,0
7947,-,0,0,0,1,0
7948,B,-1,0,2,1,1
7949,-,0,0,0,1,1
7950,-,0,1,0,1,0
7951,-,0,0,0,1,0
7952,-,0,0,0,1,0
7953,C,-1,0,3,1,1
7954,-,0,0,0,1,1
7955,-,0,0,0,1,1
7956,-,0,1,0,1,0
7957,-,0,0,0,1,0
7958,-,0,0,0,1,0
7959,-,0,0,0,1,0
7960,-,0,0,0,1,0
7961,-,0,0,0,1,0
7962,-,0,0,0,1,0
7963,-,0,0,0,1,0
7964,-,0,0,0,1,0
7965,-,0,0,0,1,0
7966,-,0,0,0,1,0
7967,-,0,0,0,1,0
7968,A,1,0,4,1,1
7969,-,0,0,0,1,1
7970,B,1,0,2,1,2
7971,C,1,0,2,0,3
7972,A,1,-2,2,0,2
7973,B,1,-1,2,0,2
7974,C,1,-1,2,0,2
7975,A,1,-1,2,1,2
7976,-,0,-1,0,1,1
7977,-,0,-1,0,1,0
7978,B,1,0,4,1,1
7979,-,0,0,0,1,1
7980,-,0,0,0,1,1
7981,-,0,0,0,1,1
7982,-,0,-1,0,1,0
7983,-,0,0,0,1,0
7984,C,-1,0,3,1,1
7985,-,0,0,0,1,1
7986,-,0,0,0,1,1
7987,-,0,1,0,1,0
7988,-,0,0,0,1,0
7989,-,0,0,0,1,0
7990,-,0,0,0,1,0
7991,-,0,0,0,1,0
7992,A,-1,0,1,1,1
7993,-,0,1,0,1,0
7994,-,0,0,0,1,0
7995,B,-1,0,2,1,1
7996,-,0,0,0,1,1
7997,C,-1,1,1,1,1
7998,A,-1,1,2,1,1
7999,-,0,0,0,1,1
8000,-,0,1,0,1,0
8001,-,0,0,0,1,0
8002,-,0,0,0,1,0
8003,-,0,0,0,1,0
8004,-,0,0,0,1,0
8005,-,0,0,0,1,0
8006,-,0,0,0,1,0
8007,-,0,0,0,1,0
8008,-,0,0,0,1,0
8009,B,-1,0,2,1,1
8010,-,0,0,0,1,1
8011,-,0,1,0,1,0
8012,-,0,0,0,1,0
8013,-,0,0,0,1,0
8014,-,0,0,0,1,0
8015,-,0,0,0,1,0
8016,-,0,0,0,1,0
8017,-,0,0,0,1,0
8018,C,-1,0,3,1,1
8019,-,0,0,0,1,1
8020,A,-1,0,2,1,2
8021,B,1,1,2,1,2
8022,C,-1,1,2,1,2
8023,A,1,-1,4,1,2
8024,-,0,1,0,1,1
8025,-,0,0,0,1,1
8026,-,0,0,0,1,1
8027,-,0,-1,0,1,0
8028,-,0,0,0,1,0
8029,B,-1,0,2,1,1
8030,-,0,0,0,1,1
8031,-,0,1,0,1,0
8032,C,1,0,2,1,1
8033,A,1,0,2,1,2
8034,B,-1,-1,2,1,2
8035,-,0,-1,0,1,1
8036,-,0,1,0,1,0
8037,C,1,0,1,1,1
8038,-,0,-1,0,1,0
8039,-,0,0,0,1,0
8040,A,-1,0,3,1,1
8041,B,1,0,4,1,2
8042,-,0,0,0,1,2
8043,-,0,1,0,1,1
8044,-,0,0,0,1,1
8045,-,0,-1,0,1,0
8046,-,0,0,0,1,0
8047,-,0,0,0,1,0
8048,-,0,0,0,1,0
8049,C,1,0,3,1,1
8050,A,-1,0,2,1,2
8051,B,-1,0,2,1,3
8052,C,-1,0,2,1,2
8053,-,0,1,0,1,1
8054,-,0,1,0,1,0
8055,A,-1,0,3,1,1
8056,-,0,0,0,1,1
8057,-,0,0,0,1,1
8058,-,0,1,0,1,0
8059,-,0,0,0,1,0
8060,-,0,0,0,1,0
8061,-,0,0,0,1,0
8062,-,0,0,0,1,0
8063,B,-1,0,2,1,1
8064,-,0,0,0,1,1
8065,-,0,1,0,1,0
8066,C,1,0,4,1,1
8067,A,-1,0,1,1,2
8068,-,0,1,0,1,1
8069,-,0,0,0,1,1
8070,B,1,-1,2,1,1
8071,-,0,0,0,1,1
8072,-,0,-1,0,1,0
8073,-,0,0,0,1,0
8074,C,-1,0,2,1,1
8075,-,0,0,0,1,1
8076,-,0,1,0,1,0
8077,-,0,0,0,1,0
8078,A,-1,0,2,1,1
8079,B,-1,0,2,1,2
8080,-,0,1,0,1,1
8081,-,0,1,0,1,0
8082,-,0,0,0,1,0
8083,C,1,0,2,1,1
8084,A,1,0,2,1,2
8085,B,-1,-1,2,1,2
8086,-,0,-1,0,1,1
8087,-,0,1,0,1,0
8088,-,0,0,0,1,0
8089,C,1,0,2,1,1
8090,A,1,0,2,1,2
8091,B,-1,-1,2,1,2
8092,-,0,-1,0,1,1
8093,C,1,1,1,1,1
8094,-,0,-1,0,1,0
8095,-,0,0,0,1,0
8096,A,-1,0,2,1,1
8097,-,0,0,0,1,1
8098,B,-1,1,2,1,1
8099,-,0,0,0,1,1
8100,-,0,1,0,1,0
8101,C,-1,0,2,1,1
8102,-,0,0,0,1,1
8103,-,0,1,0,1,0
8104,A,1,0,2,1,1
8105,-,0,0,0,1,1
8106,-,0,-1,0,1,0
8107,B,-1,0,1,1,1
8108,C,1,1,4,1,1
8109,-,0,0,0,1,1
8110,A,-1,0,3,1,2
8111,-,0,0,0,1,2
8112,-,0,-1,0,1,1
8113,-,0,1,0,1,0
8114,-,0,0,0,1,0
8115,B,1,0,3,1,1
8116,-,0,0,0,1,1
8117,-,0,0,0,1,1
8118,-,0,-1,0,1,0
8119,-,0,0,0,1,0
8120,-,0,0,0,1,0
8121,-,0,0,0,1,0
8122,-,0,0,0,1,0
8123,-,0,0,0,1,0
8124,-,0,0,0,1,0
8125,-,0,0,0,1,0
8126,-,0,0,0,1,0
8127,-,0,0,0,1,0
8128,-,0,0,0,1,0
8129,-,0,0,0,1,0
8130,-,0,0,0,1,0
8131,-,0,0,0,1,0
8132,-,0,0,0,1,0
8133,-,0,0,0,1,0
8134,-,0,0,0,1,0
8135,-,0,0,0,1,0
8136,-,0,0,0,1,0
8137,C,-1,0,2,1,1
8138,-,0,0,0,1,1
8139,-,0,1,0,1,0
8140,-,0,0,0,1,0
8141,A,-1,0,2,1,1
8142,-,0,0,0,1,1
8143,-,0,1,0,1,0
8144,-,0,0,0,1,0
8145,B,1,0,2,1,1
8146,-,0,0,0,1,1
8147,C,1,-1,2,1,1
8148,A,-1,0,3,1,2
8149,-,0,-1,0,1,1
8150,-,0,0,0,1,1
8151,-,0,1,0,1,0
8152,-,0,0,0,1,0
8153,-,0,0,0,1,0
8154,-,0,0,0,1,0
8155,-,0,0,0,1,0
8156,-,0,0,0,1,0
8157,-,0,0,0,1,0
8158,B,1,0,3,1,1
8159,-,0,0,0,1,1
8160,-,0,0,0,1,1
8161,-,0,-1,0,1,0
8162,-,0,0,0,1,0
8163,-,0,0,0,1,0
8164,-,0,0,0,1,0
8165,-,0,0,0,1,0
8166,-,0,0,0,1,0
8167,-,0,0,0,1,0
8168,-,0,0,0,1,0
8169,-,0,0,0,1,0
8170,C,1,0,2,1,1
8171,-,0,0,0,1,1
8172,-,0,-1,0,1,0
8173,-,0,0,0,1,0
8174,-,0,0,0,1,0
8175,-,0,0,0,1,0
8176,-,0,0,0,1,0
8177,-,0,0,0,1,0
8178,-,0,0,0,1,0
8179,-,0,0,0,1,0
8180,-,0,0,0,1,0
8181,-,0,0,0,1,0
8182,-,0,0,0,1,0
8183,A,-1,0,1,1,1
8184,-,0,1,0,1,0
8185,-,0,0,0,1,0
8186,-,0,0,0,1,0
8187,-,0,0,0,1,0
8188,-,0,0,0,1,0
8189,-,0,0,0,1,0
8190,-,0,0,0,1,0
8191,-,0,0,0,1,0
8192,B,1,0,3,1,1
8193,-,0,0,0,1,1
8194,-,0,0,0,1,1
8195,-,0,-1,0,1,0
8196,-,0,0,0,1,0
8197,-,0,0,0,1,0
8198,-,0,0,0,1,0
8199,-,0,0,0,1,0
8200,-,0,0,0,1,0
8201,-,0,0,0,1,0
8202,C,1,0,3,1,1
8203,-,0,0,0,1,1
8204,A,-1,0,2,1,2
8205,-,0,-1,0,1,1
8206,-,0,1,0,1,0
8207,-,0,0,0,1,0
8208,-,0,0,0,1,0
8209,-,0,0,0,1,0
8210,-,0,0,0,1,0
8211,-,0,0,0,1,0
8212,B,1,0,4,1,1
8213,C,-1,0,2,1,2
8214,-,0,0,0,1,2
8215,A,1,1,3,1,2
8216,B,1,-1,1,1,2
8217,-,0,-1,0,1,1
8218,-,0,-1,0,1,0
8219,C,1,0,2,1,1
8220,A,1,0,2,0,2
8221,B,1,-1,1,0,2
8222,-,0,-2,0,0,0
8223,C,-1,0,2,0,1
8224,A,1,0,2,0,2
8225,B,1,1,1,0,2
8226,C,1,-2,1,0,1
8227,A,1,-1,2,1,1
8228,-,0,0,0,1,1
8229,-,0,-1,0,1,0
8230,-,0,0,0,1,0
8231,B,-1,0,4,1,1
8232,C,-1,0,4,1,2
8233,-,0,0,0,1,2
8234,A,-1,0,2,1,3
8235,-,0,1,0,1,2
8236,-,0,2,0,1,0
8237,-,0,0,0,1,0
8238,-,0,0,0,1,0
8239,-,0,0,0,1,0
8240,-,0,0,0,1,0
8241,-,0,0,0,1,0
8242,-,0,0,0,1,0
8243,B,-1,0,4,1,1
8244,-,0,0,0,1,1
8245,-,0,0,0,1,1
8246,-,0,0,0,1,1
8247,-,0,1,0,1,0
8248,-,0,0,0,1,0
8249,-,0,0,0,1,0
8250,-,0,0,0,1,0
8251,-,0,0,0,1,0
8252,-,0,0,0,1,0
8253,-,0,0,0,1,0
8254,C,1,0,2,1,1
8255,-,0,0,0,1,1
8256,-,0,-1,0,1,0
8257,-,0,0,0,1,0
8258,A,1,0,3,1,1
8259,-,0,0,0,1,1
8260,-,0,0,0,1,1
8261,-,0,-1,0,1,0
8262,-,0,0,0,1,0
8263,-,0,0,0,1,0
8264,-,0,0,0,1,0
8265,-,0,0,0,1,0
8266,-,0,0,0,1,0
8267,-,0,0,0,1,0
8268,-,0,0,0,1,0
8269,-,0,0,0,1,0
8270,-,0,0,0,1,0
8271,B,1,0,1,1,1
8272,-,0,-1,0,1,0
8273,-,0,0,0,1,0
8274,-,0,0,0,1,0
8275,-,0,0,0,1,0
8276,-,0,0,0,1,0
8277,C,-1,0,2,1,1
8278,-,0,0,0,1,1
8279,A,1,1,4,1,1
8280,-,0,0,0,1,1
8281,-,0,0,0,1,1
8282,-,0,0,0,1,1
8283,B,-1,-1,1,1,1
8284,C,-1,1,2,1,1
8285,-,0,0,0,1,1
8286,A,1,1,1,1,1
8287,-,0,-1,0,1,0
8288,-,0,0,0,1,0
8289,-,0,0,0,1,0
8290,B,-1,0,2,1,1
8291,C,-1,0,1,1,2
8292,-,0,2,0,1,0
8293,-,0,0,0,1,0
8294,-,0,0,0,1,0
8295,-,0,0,0,1,0
8296,A,-1,0,4,1,1
8297,-,0,0,0,1,1
8298,-,0,0,0,1,1
8299,-,0,0,0,1,1
8300,-,0,1,0,1,0
8301,-,0,0,0,1,0
8302,-,0,0,0,1,0
8303,-,0,0,0,1,0
8304,-,0,0,0,1,0
8305,B,1,0,3,1,1
8306,-,0,0,0,1,1
8307,-,0,0,0,1,1
8308,-,0,-1,0,1,0
8309,-,0,0,0,1,0
8310,C,-1,0,2,1,1
8311,-,0,0,0,1,1
8312,A,-1,1,2,1,1
8313,-,0,0,0,1,1
8314,-,0,1,0,1,0
8315,-,0,0,0,1,0
8316,-,0,0,0,1,0
8317,B,-1,0,3,1,1
8318,C,1,0,3,1,2
8319,-,0,0,0,1,2
8320,-,0,1,0,1,1
8321,-,0,-1,0,1,0
8322,A,1,0,1,1,1
8323,-,0,-1,0,1,0
8324,-,0,0,0,1,0
8325,B,-1,0,3,1,1
8326,C,-1,0,2,1,2
8327,-,0,0,0,1,2
8328,A,-1,2,4,1,1
8329,B,-1,0,2,1,2
8330,-,0,0,0,1,2
8331,-,0,1,0,1,1
8332,-,0,1,0,1,0
8333,-,0,0,0,1,0
8334,-,0,0,0,1,0
8335,C,-1,0,2,1,1
8336,A,-1,0,3,1,2
8337,-,0,1,0,1,1
8338,B,-1,0,2,1,2
8339,-,0,1,0,1,1
8340,-,0,1,0,1,0
8341,-,0,0,0,1,0
8342,-,0,0,0,1,0
8343,-,0,0,0,1,0
8344,-,0,0,0,1,0
8345,-,0,0,0,1,0
8346,C,-1,0,2,1,1
8347,-,0,0,0,1,1
8348,A,1,1,1,1,1
8349,-,0,-1,0,1,0
8350,-,0,0,0,1,0
8351,B,1,0,4,1,1
8352,-,0,0,0,1,1
8353,-,0,0,0,1,1
8354,-,0,0,0,1,1
8355,-,0,-1,0,1,0
8356,-,0,0,0,1,0
8357,-,0,0,0,1,0
8358,-,0,0,0,1,0
8359,-,0,0,0,1,0
8360,-,0,0,0,1,0
8361,-,0,0,0,1,0
8362,-,0,0,0,1,0
8363,-,0,0,0,1,0
8364,-,0,0,0,1,0
8365,-,0,0,0,1,0
8366,C,-1,0,2,1,1
8367,-,0,0,0,1,1
8368,A,-1,1,3,1,1
8369,-,0,0,0,1,1
8370,-,0,0,0,1,1
8371,B,-1,1,3,1,1
8372,-,0,0,0,1,1
8373,-,0,0,0,1,1
8374,-,0,1,0,1,0
8375,-,0,0,0,1,0
8376,-,0,0,0,1,0
8377,C,1,0,2,1,1
8378,A,-1,0,2,1,2
8379,-,0,-1,0,1,1
8380,B,-1,1,2,1,1
8381,-,0,0,0,1,1
8382,-,0,1,0,1,0
8383,-,0,0,0,1,0
8384,-,0,0,0,1,0
8385,-,0,0,0,1,0
8386,-,0,0,0,1,0
8387,-,0,0,0,1,0
8388,-,0,0,0,1,0
8389,-,0,0,0,1,0
8390,C,1,0,2,1,1
8391,A,-1,0,2,1,2
8392,-,0,-1,0,1,1
8393,-,0,1,0,1,0
8394,B,1,0,1,1,1
8395,-,0,-1,0,1,0
8396,C,-1,0,4,1,1
8397,-,0,0,0,1,1
8398,-,0,0,0,1,1
8399,-,0,0,0,1,1
8400,-,0,1,0,1,0
8401,-,0,0,0,1,0
8402,-,0,0,0,1,0
8403,-,0,0,0,1,0
8404,-,0,0,0,1,0
8405,A,1,0,3,1,1
8406,B,1,0,2,1,2
8407,-,0,0,0,1,2
8408,-,0,-2,0,1,0
8409,-,0,0,0,1,0
8410,C,-1,0,1,1,1
8411,-,0,1,0,1,0
8412,-,0,0,0,1,0
8413,-,0,0,0,1,0
8414,-,0,0,0,1,0
8415,-,0,0,0,1,0
8416,A,1,0,1,1,1
8417,B,1,-1,2,1,1
8418,-,0,0,0,1,1
8419,-,0,-1,0,1,0
8420,C,1,0,3,1,1
8421,-,0,0,0,1,1
8422,-,0,0,0,1,1
8423,-,0,-1,0,1,0
8424,-,0,0,0,1,0
8425,-,0,0,0,1,0
8426,-,0,0,0,1,0
8427,-,0,0,0,1,0
8428,-,0,0,0,1,0
8429,A,-1,0,2,1,1
8430,B,1,0,3,1,2
8431,-,0,1,0,1,1
8432,-,0,0,0,1,1
8433,-,0,-1,0,1,0
8434,-,0,0,0,1,0
8435,C,-1,0,2,1,1
8436,-,0,0,0,1,1
8437,-,0,1,0,1,0
8438,-,0,0,0,1,0
8439,-,0,0,0,1,0
8440,A,-1,0,3,1,1
8441,-,0,0,0,1,1
8442,-,0,0,0,1,1
8443,-,0,1,0,1,0
8444,-,0,0,0,1,0
8445,B,-1,0,3,1,1
8446,-,0,0,0,1,1
8447,-,0,0,0,1,1
8448,-,0,1,0,1,0
8449,-,0,0,0,1,0
8450,-,0,0,0,1,0
8451,-,0,0,0,1,0
8452,-,0,0,0,1,0
8453,-,0,0,0,1,0
8454,-,0,0,0,1,0
8455,-,0,0,0,1,0
8456,-,0,0,0,1,0
8457,-,0,0,0,1,0
8458,-,0,0,0,1,0
8459,C,1,0,2,1,1
8460,A,1,0,3,1,2
8461,-,0,-1,0,1,1
8462,-,0,0,0,1,1
8463,-,0,-1,0,1,0
8464,-,0,0,0,1,0
8465,-,0,0,0,1,0
8466,-,0,0,0,1,0
8467,-,0,0,0,1,0
8468,B,1,0,2,0,1
8469,C,-1,0,3,0,2
8470,A,-1,-1,4,0,2
8471,B,1,0,4,0,3
8472,C,1,1,4,0,3
8473,A,1,0,2,1,4
8474,-,0,1,0,1,3
8475,B,1,-2,2,1,2
8476,-,0,-1,0,1,1
8477,-,0,-1,0,1,0
8478,-,0,0,0,1,0
8479,-,0,0,0,1,0
8480,-,0,0,0,1,0
8481,C,-1,0,2,1,1
8482,-,0,0,0,1,1
8483,A,1,1,4,1,1
8484,B,-1,0,2,1,2
8485,-,0,0,0,1,2
8486,-,0,1,0,1,1
8487,-,0,-1,0,1,0
8488,-,0,0,0,1,0
8489,-,0,0,0,1,0
8490,C,1,0,4,1,1
8491,-,0,0,0,1,1
8492,A,-1,0,1,1,2
8493,-,0,1,0,1,1
8494,B,1,-1,3,1,1
8495,-,0,0,0,1,1
8496,C,-1,0,1,1,2
8497,-,0,0,0,1,0
8498,A,-1,0,3,1,1
8499,-,0,0,0,1,1
8500,-,0,0,0,1,1
8501,B,-1,1,2,1,1
8502,C,-1,0,1,1,2
8503,-,0,2,0,1,0
8504,-,0,0,0,1,0
8505,-,0,0,0,1,0
8506,A,-1,0,2,1,1
8507,B,-1,0,1,1,2
8508,-,0,2,0,1,0
8509,-,0,0,0,1,0
8510,C,1,0,1,1,1
8511,-,0,-1,0,1,0
8512,-,0,0,0,1,0
8513,A,1,0,2,1,1
8514,-,0,0,0,1,1
8515,-,0,-1,0,1,0
8516,-,0,0,0,1,0
8517,-,0,0,0,1,0
8518,-,0,0,0,1,0
8519,-,0,0,0,1,0
8520,-,0,0,0,1,0
8521,B,-1,0,1,1,1
8522,C,1,1,1,1,1
8523,-,0,-1,0,1,0
8524,A,-1,0,2,1,1
8525,-,0,0,0,1,1
8526,-,0,1,0,1,0
8527,B,1,0,2,1,1
8528,-,0,0,0,1,1
8529,-,0,-1,0,1,0
8530,-,0,0,0,1,0
8531,-,0,0,0,1,0
8532,-,0,0,0,1,0
8533,C,1,0,3,1,1
8534,A,-1,0,2,1,2
8535,-,0,0,0,1,2
8536,B,1,0,3,1,1
8537,-,0,0,0,1,1
8538,C,-1,0,2,1,2
8539,-,0,-1,0,1,1
8540,-,0,1,0,1,0
8541,A,1,0,2,1,1
8542,-,0,0,0,1,1
8543,B,1,-1,2,1,1
8544,-,0,0,0,1,1
8545,-,0,-1,0,1,0
8546,C,1,0,2,1,1
8547,-,0,0,0,1,1
8548,A,-1,-1,2,1,1
8549,-,0,0,0,1,1
8550,-,0,1,0,1,0
8551,-,0,0,0,1,0
8552,-,0,0,0,1,0
8553,-,0,0,0,1,0
8554,-,0,0,0,1,0
8555,-,0,0,0,1,0
8556,-,0,0,0,1,0
8557,-,0,0,0,1,0
8558,-,0,0,0,1,0
8559,-,0,0,0,1,0
8560,-,0,0,0,1,0
8561,B,-1,0,4,1,1
8562,-,0,0,0,1,1
8563,C,-1,0,3,1,2
8564,A,-1,0,3,1,3
8565,B,1,1,2,1,3
8566,-,0,1,0,1,2
8567,-,0,0,0,1,0
8568,-,0,0,0,1,0
8569,-,0,0,0,1,0
8570,-,0,0,0,1,0
8571,-,0,0,0,1,0
8572,-,0,0,0,1,0
8573,C,-1,0,2,1,1
8574,-,0,0,0,1,1
8575,-,0,1,0,1,0
8576,A,1,0,2,1,1
8577,B,-1,0,1,1,2
8578,C,1,0,2,1,1
8579,-,0,0,0,1,1
8580,-,0,-1,0,1,0
8581,A,1,0,2,1,1
8582,-,0,0,0,1,1
8583,-,0,-1,0,1,0
8584,-,0,0,0,1,0
8585,-,0,0,0,1,0
8586,-,0,0,0,1,0
8587,-,0,0,0,1,0
8588,-,0,0,0,1,0
8589,B,-1,0,2,1,1
8590,-,0,0,0,1,1
8591,-,0,1,0,1,0
8592,-,0,0,0,1,0
8593,-,0,0,0,1,0
8594,-,0,0,0,1,0
8595,-,0,0,0,1,0
8596,-,0,0,0,1,0
8597,-,0,0,0,1,0
8598,-,0,0,0,1,0
8599,-,0,0,0,1,0
8600,-,0,0,0,1,0
8601,-,0,0,0,1,0
8602,-,0,0,0,1,0
8603,-,0,0,0,1,0
8604,-,0,0,0,1,0
8605,C,-1,0,2,1,1
8606,-,0,0,0,1,1
8607,-,0,1,0,1,0
8608,-,0,0,0,1,0
8609,-,0,0,0,1,0
8610,-,0,0,0,1,0
8611,-,0,0,0,1,0
8612,A,-1,0,3,1,1
8613,B,-1,0,2,1,2
8614,-,0,0,0,1,2
8615,-,0,2,0,1,0
8616,-,0,0,0,1,0
8617,-,0,0,0,1,0
8618,-,0,0,0,1,0
8619,C,-1,0,2,1,1
8620,-,0,0,0,1,1
8621,-,0,1,0,1,0
8622,-,0,0,0,1,0
8623,-,0,0,0,1,0
8624,-,0,0,0,1,0
8625,-,0,0,0,1,0
8626,A,-1,0,3,1,1
8627,B,-1,0,2,1,2
8628,C,-1,0,2,1,3
8629,-,0,2,0,1,1
8630,-,0,1,0,1,0
8631,-,0,0,0,1,0
8632,A,-1,0,4,1,1
8633,B,-1,0,2,1,2
8634,-,0,0,0,1,2
8635,C,1,1,2,1,2
8636,-,0,1,0,1,1
8637,-,0,-1,0,1,0
8638,A,-1,0,2,1,1
8639,-,0,0,0,1,1
8640,-,0,1,0,1,0
8641,-,0,0,0,1,0
8642,-,0,0,0,1,0
8643,-,0,0,0,1,0
8644,B,1,0,2,1,1
8645,-,0,0,0,1,1
8646,-,0,-1,0,1,0
8647,-,0,0,0,1,0
8648,-,0,0,0,1,0
8649,-,0,0,0,1,0
8650,-,0,0,0,1,0
8651,C,1,0,1,1,1
8652,-,0,-1,0,1,0
8653,-,0,0,0,1,0
8654,-,0,0,0,1,0
8655,-,0,0,0,1,0
8656,-,0,0,0,1,0
8657,-,0,0,0,1,0
8658,A,1,0,1,1,1
8659,-,0,-1,0,1,0
8660,-,0,0,0,1,0
8661,B,1,0,3,0,1
8662,C,1,0,2,0,2
8663,A,1,0,2,0,3
8664,B,1,-2,2,0,2
8665,-,0,-1,0,0,1
8666,C,1,-1,2,1,1
8667,-,0,0,0,1,1
8668,-,0,-1,0,1,0
8669,-,0,0,0,1,0
8670,-,0,0,0,1,0
8671,A,-1,0,2,1,1
8672,-,0,0,0,1,1
8673,-,0,1,0,1,0
8674,-,0,0,0,1,0
8675,-,0,0,0,1,0
8676,-,0,0,0,1,0
8677,-,0,0,0,1,0
8678,B,-1,0,3,1,1
8679,-,0,0,0,1,1
8680,-,0,0,0,1,1
8681,-,0,1,0,1,0
8682,-,0,0,0,1,0
8683,-,0,0,0,1,0
8684,-,0,0,0,1,0
8685,-,0,0,0,1,0
8686,C,-1,0,3,1,1
8687,-,0,0,0,1,1
8688,-,0,0,0,1,1
8689,A,-1,1,1,1,1
8690,-,0,1,0,1,0
8691,-,0,0,0,1,0
8692,-,0,0,0,1,0
8693,-,0,0,0,1,0
8694,B,-1,0,2,1,1
8695,-,0,0,0,1,1
8696,-,0,1,0,1,0
8697,-,0,0,0,1,0
8698,-,0,0,0,1,0
8699,-,0,0,0,1,0
8700,-,0,0,0,1,0
8701,C,-1,0,2,1,1
8702,-,0,0,0,1,1
8703,-,0,1,0,1,0
8704,-,0,0,0,1,0
8705,-,0,0,0,1,0
8706,-,0,0,0,1,0
8707,-,0,0,0,1,0
8708,-,0,0,0,1,0
8709,-,0,0,0,1,0
8710,A,-1,0,1,1,1
8711,-,0,1,0,1,0
8712,B,-1,0,3,1,1
8713,-,0,0,0,1,1
8714,-,0,0,0,1,1
8715,-,0,1,0,1,0
8716,C,-1,0,2,1,1
8717,-,0,0,0,1,1
8718,-,0,1,0,1,0
8719,-,0,0,0,1,0
8720,-,0,0,0,1,0
8721,-,0,0,0,1,0
8722,-,0,0,0,1,0
8723,-,0,0,0,1,0
8724,-,0,0,0,1,0
8725,-,0,0,0,1,0
8726,-,0,0,0,1,0
8727,-,0,0,0,1,0
8728,-,0,0,0,1,0
8729,A,1,0,1,1,1
8730,-,0,-1,0,1,0
8731,-,0,0,0,1,0
8732,-,0,0,0,1,0
8733,B,-1,0,2,1,1
8734,-,0,0,0,1,1
8735,-,0,1,0,1,0
8736,C,-1,0,3,1,1
8737,-,0,0,0,1,1
8738,-,0,0,0,1,1
8739,-,0,1,0,1,0
8740,A,-1,0,4,1,1
8741,-,0,0,0,1,1
8742,B,-1,0,2,1,2
8743,-,0,0,0,1,2
8744,C,-1,2,4,1,1
8745,-,0,0,0,1,1
8746,-,0,0,0,1,1
8747,-,0,0,0,1,1
8748,A,-1,1,1,1,1
8749,-,0,1,0,1,0
8750,B,-1,0,3,1,1
8751,-,0,0,0,1,1
8752,-,0,0,0,1,1
8753,-,0,1,0,1,0
8754,C,-1,0,2,1,1
8755,-,0,0,0,1,1
8756,-,0,1,0,1,0
8757,-,0,0,0,1,0
8758,-,0,0,0,1,0
8759,-,0,0,0,1,0
8760,-,0,0,0,1,0
8761,-,0,0,0,1,0
8762,-,0,0,0,1,0
8763,A,-1,0,2,1,1
8764,B,1,0,4,1,2
8765,-,0,1,0,1,1
8766,C,-1,0,2,1,2
8767,-,0,0,0,1,2
8768,A,-1,0,2,1,1
8769,B,-1,0,2,1,2
8770,-,0,1,0,1,1
8771,-,0,1,0,1,0
8772,-,0,0,0,1,0
8773,-,0,0,0,1,0
8774,-,0,0,0,1,0
8775,-,0,0,0,1,0
8776,-,0,0,0,1,0
8777,-,0,0,0,1,0
8778,-,0,0,0,1,0
8779,-,0,0,0,1,0
8780,C,-1,0,2,1,1
8781,A,1,0,2,1,2
8782,B,-1,1,2,1,2
8783,-,0,-1,0,1,1
8784,C,-1,1,3,1,1
8785,-,0,0,0,1,1
8786,-,0,0,0,1,1
8787,A,1,1,1,1,1
8788,-,0,-1,0,1,0
8789,-,0,0,0,1,0
8790,B,-1,0,3,1,1
8791,-,0,0,0,1,1
8792,-,0,0,0,1,1
8793,C,-1,1,2,1,1
8794,-,0,0,0,1,1
8795,A,-1,1,2,1,1
8796,-,0,0,0,1,1
8797,-,0,1,0,1,0
8798,-,0,0,0,1,0
8799,-,0,0,0,1,0
8800,-,0,0,0,1,0
8801,-,0,0,0,1,0
8802,B,1,0,2,1,1
8803,-,0,0,0,1,1
8804,C,1,-1,2,1,1
8805,-,0,0,0,1,1
8806,-,0,-1,0,1,0
8807,A,-1,0,3,1,1
8808,B,-1,0,3,1,2
8809,-,0,0,0,1,2
8810,-,0,1,0,1,1
8811,-,0,1,0,1,0
8812,C,1,0,1,1,1
8813,A,-1,-1,2,1,1
8814,-,0,0,0,1,1
8815,-,0,1,0,1,0
8816,-,0,0,0,1,0
8817,-,0,0,0,1,0
8818,-,0,0,0,1,0
8819,-,0,0,0,1,0
8820,-,0,0,0,1,0
8821,B,1,0,2,1,1
8822,C,-1,0,2,1,2
8823,-,0,-1,0,1,1
8824,A,-1,1,2,1,1
8825,-,0,0,0,1,1
8826,B,1,1,2,1,1
8827,C,-1,0,2,1,2
8828,A,1,-1,1,1,2
8829,B,-1,0,2,1,1
8830,-,0,0,0,1,1
8831,-,0,1,0,1,0
8832,C,1,0,2,1,1
8833,-,0,0,0,1,1
8834,-,0,-1,0,1,0
8835,A,-1,0,2,1,1
8836,-,0,0,0,1,1
8837,-,0,1,0,1,0
8838,-,0,0,0,1,0
8839,-,0,0,0,1,0
8840,-,0,0,0,1,0
8841,-,0,0,0,1,0
8842,B,-1,0,2,1,1
8843,-,0,0,0,1,1
8844,-,0,1,0,1,0
8845,-,0,0,0,1,0
8846,-,0,0,0,1,0
8847,-,0,0,0,1,0
8848,-,0,0,0,1,0
8849,-,0,0,0,1,0
8850,-,0,0,0,1,0
8851,-,0,0,0,1,0
8852,-,0,0,0,1,0
8853,-,0,0,0,1,0
8854,-,0,0,0,1,0
8855,-,0,0,0,1,0
8856,-,0,0,0,1,0
8857,-,0,0,0,1,0
8858,-,0,0,0,1,0
8859,-,0,0,0,1,0
8860,C,1,0,2,1,1
8861,-,0,0,0,1,1
8862,A,-1,-1,3,1,1
8863,B,1,0,2,1,2
8864,-,0,0,0,1,2
8865,C,-1,0,2,1,1
8866,-,0,0,0,1,1
8867,A,-1,1,2,1,1
8868,-,0,0,0,1,1
8869,-,0,1,0,1,0
8870,-,0,0,0,1,0
8871,-,0,0,0,1,0
8872,-,0,0,0,1,0
8873,-,0,0,0,1,0
8874,-,0,0,0,1,0
8875,-,0,0,0,1,0
8876,-,0,0,0,1,0
8877,-,0,0,0,1,0
8878,B,-1,0,3,1,1
8879,-,0,0,0,1,1
8880,-,0,0,0,1,1
8881,-,0,1,0,1,0
8882,-,0,0,0,1,0
8883,-,0,0,0,1,0
8884,-,0,0,0,1,0
8885,C,-1,0,4,1,1
8886,A,-1,0,3,1,2
8887,-,0,0,0,1,2
8888,B,-1,0,2,1,3
8889,-,0,2,0,1,1
8890,-,0,1,0,1,0
8891,-,0,0,0,1,0
8892,-,0,0,0,1,0
8893,-,0,0,0,1,0
8894,-,0,0,0,1,0
8895,-,0,0,0,1,0
8896,C,-1,0,4,1,1
8897,A,1,0,3,1,2
8898,-,0,0,0,1,2
8899,B,1,0,4,1,3
8900,-,0,0,0,1,1
8901,C,-1,0,2,1,2
8902,A,1,0,2,1,3
8903,B,-1,0,2,1,2
8904,-,0,-1,0,1,1
8905,-,0,1,0,1,0
8906,C,-1,0,2,1,1
8907,-,0,0,0,1,1
8908,A,1,1,3,1,1
8909,B,-1,0,1,1,2
8910,-,0,1,0,1,1
8911,C,-1,-1,2,1,1
8912,-,0,0,0,1,1
8913,A,1,1,2,1,1
8914,-,0,0,0,1,1
8915,-,0,-1,0,1,0
8916,-,0,0,0,1,0
8917,-,0,0,0,1,0
8918,-,0,0,0,1,0
8919,B,1,0,2,1,1
8920,-,0,0,0,1,1
8921,-,0,-1,0,1,0
8922,-,0,0,0,1,0
8923,C,-1,0,3,1,1
8924,-,0,0,0,1,1
8925,-,0,0,0,1,1
8926,A,-1,1,2,1,1
8927,-,0,0,0,1,1
8928,-,0,1,0,1,0
8929,-,0,0,0,1,0
8930,B,-1,0,2,1,1
8931,-,0,0,0,1,1
8932,-,0,1,0,1,0
8933,-,0,0,0,1,0
8934,-,0,0,0,1,0
8935,-,0,0,0,1,0
8936,-,0,0,0,1,0
8937,-,0,0,0,1,0
8938,-,0,0,0,1,0
8939,-,0,0,0,1,0
8940,-,0,0,0,1,0
8941,-,0,0,0,1,0
8942,-,0,0,0,1,0
8943,-,0,0,0,1,0
8944,-,0,0,0,1,0
8945,-,0,0,0,1,0
8946,-,0,0,0,1,0
8947,C,-1,0,2,1,1
8948,-,0,0,0,1,1
8949,-,0,1,0,1,0
8950,-,0,0,0,1,0
8951,A,1,0,2,1,1
8952,-,0,0,0,1,1
8953,-,0,-1,0,1,0
8954,-,0,0,0,1,0
8955,B,-1,0,1,1,1
8956,-,0,1,0,1,0
8957,C,-1,0,2,1,1
8958,-,0,0,0,1,1
8959,-,0,1,0,1,0
8960,A,-1,0,3,1,1
8961,-,0,0,0,1,1
8962,-,0,0,0,1,1
8963,-,0,1,0,1,0
8964,-,0,0,0,1,0
8965,B,-1,0,1,1,1
8966,-,0,1,0,1,0
8967,-,0,0,0,1,0
8968,-,0,0,0,1,0
8969,C,1,0,2,1,1
8970,-,0,0,0,1,1
8971,-,0,-1,0,1,0
8972,-,0,0,0,1,0
8973,-,0,0,0,1,0
8974,-,0,0,0,1,0
8975,-,0,0,0,1,0
8976,-,0,0,0,1,0
8977,-,0,0,0,1,0
8978,A,1,0,3,1,1
8979,-,0,0,0,1,1
8980,-,0,0,0,1,1
8981,-,0,-1,0,1,0
8982,-,0,0,0,1,0
8983,B,-1,0,1,1,1
8984,-,0,1,0,1,0
8985,-,0,0,0,1,0
8986,-,0,0,0,1,0
8987,-,0,0,0,1,0
8988,-,0,0,0,1,0
8989,-,0,0,0,1,0
8990,-,0,0,0,1,0
8991,-,0,0,0,1,0
8992,-,0,0,0,1,0
8993,-,0,0,0,1,0
8994,-,0,0,0,1,0
8995,-,0,0,0,1,0
8996,-,0,0,0,1,0
8997,C,-1,0,2,1,1
8998,-,0,0,0,1,1
8999,-,0,1,0,1,0
